0,0,0,0,0,10,0,1e-05,0,0,-1.06465e-05,-0.024,0,0,0,-0.0771283
1,0,0,0,0,10,0,1e-05,0,0,-1.06465e-05,-0.024,0,0,0,-0.0730509
2,0,0,0,0,10,0,1e-05,0,0,-1.06465e-05,-0.024,0,0,0,-0.0756076
3,0.48,0,0.5,-0.0001,9.99503,-0.024,-0.00227113,0,0,-0.0727873,-0.2715,-2.8105,7.125,7.125,-0.134725
4,0.98,-0.02,1,-0.0057,9.98101,-0.196,-0.0142075,0,0,-0.0753841,-0.30425,-3.3635,28.5,28.5,-0.0491679
5,1.48,-0.04,1.5,-0.0185,9.96689,-0.3136,-0.0194657,7.12,7.12,-0.134724,-0.566,-5.0785,49.875,49.875,-0.0896607
6,1.98,-0.1,2,-0.0373,9.95319,-0.4094,-0.0253112,28.48,28.48,-0.0484707,0.04425,-2.7405,71.25,71.25,-0.074603
7,2.48,-0.14,2.5,-0.0552,9.96157,-0.3026,-0.0177592,49.84,49.84,-0.0890605,0.1185,-3.0965,57,57,-0.0959957
8,2.98,-0.2,3,-0.0701,9.96754,-0.3082,-0.0225652,71.2,71.2,-0.0739325,0.18225,-3.538,49.875,49.875,-0.078961
9,3.48,-0.28,3.5,-0.0856,9.98013,-0.3152,-0.0229576,56.96,56.96,-0.0953993,0.03,-3.6525,32.0625,32.0625,-0.0809625
10,3.96,-0.36,4,-0.1026,9.98565,-0.3554,-0.0251087,49.84,49.84,-0.0782605,0.0715,-3.2865,24.9375,24.9375,-0.074692
11,4.46,-0.44,4.5,-0.12,9.99265,-0.3392,-0.023019,32,32,-0.0802447,-0.009,-3.1525,14.25,14.25,-0.0675058
12,4.94,-0.54,5,-0.1366,9.99505,-0.3252,-0.0225931,24.88,24.88,-0.0739991,-0.03825,-3.0765,10.6875,10.6875,-0.0750992
13,5.44,-0.64,5.5,-0.1524,9.99728,-0.306,-0.0213574,14.24,14.24,-0.0668746,-0.06775,-2.676,7.125,7.125,-0.06754
14,5.92,-0.74,6,-0.1671,9.9945,-0.2838,-0.0200123,10.64,10.64,-0.0744253,-0.121,-2.9245,10.6875,10.6875,-0.0697016
15,6.42,-0.86,6.5,-0.1814,9.99215,-0.29,-0.0207678,7.12,7.12,-0.0668613,-0.126,-2.783,14.25,14.25,-0.0740574
16,6.9,-0.98,7,-0.1957,9.98944,-0.2816,-0.0197221,10.64,10.64,-0.0690453,-0.10375,-2.707,17.8125,17.8125,-0.0681494
17,7.38,-1.1,7.5,-0.2097,9.98697,-0.281,-0.0198772,14.24,14.24,-0.0733999,-0.1115,-2.999,21.375,21.375,-0.081092
18,7.86,-1.24,8,-0.2241,9.98461,-0.2908,-0.0205431,17.76,17.76,-0.0674739,-0.06825,-2.787,24.9375,24.9375,-0.0744711
19,8.34,-1.38,8.5,-0.2385,9.98451,-0.287,-0.0200624,21.36,21.36,-0.0804445,-0.0965,-3.193,24.9375,24.9375,-0.0715516
20,8.82,-1.52,9,-0.2534,9.98239,-0.3098,-0.0218703,24.88,24.88,-0.0737861,-0.058,-3.1195,28.5,28.5,-0.0845733
21,9.3,-1.68,9.5,-0.2689,9.98224,-0.307,-0.0211792,24.88,24.88,-0.0708697,-0.02825,-2.845,28.5,28.5,-0.0723976
22,9.76,-1.84,10,-0.2839,9.98468,-0.2986,-0.0208735,28.48,28.48,-0.0839335,-0.0725,-3.395,24.9375,24.9375,-0.0773786
23,10.24,-2.02,10.55,-0.2995,9.98507,-0.3206,-0.0227058,28.48,28.48,-0.0716953,-0.02425,-3.0295,24.9375,24.9375,-0.082233
24,10.7,-2.2,11,-0.3152,9.98725,-0.3082,-0.0212287,24.88,24.88,-0.0766758,-0.04525,-3.0035,21.375,21.375,-0.0724615
25,11.18,-2.38,11.55,-0.3306,9.98737,-0.3096,-0.0217993,24.88,24.88,-0.0815764,-0.0855,-3.3795,21.375,21.375,-0.0833121
26,11.64,-2.58,12.05,-0.3465,9.98755,-0.3218,-0.02258,21.36,21.36,-0.0717619,-0.05725,-2.967,21.375,21.375,-0.0761929
27,12.08,-2.78,12.55,-0.3622,9.98728,-0.309,-0.0213488,21.36,21.36,-0.0826151,-0.094,-3.2595,21.375,21.375,-0.0755304
28,12.54,-2.98,13.05,-0.378,9.98506,-0.3216,-0.0226458,21.36,21.36,-0.0755173,-0.078,-3.1835,24.9375,24.9375,-0.0867145
29,13,-3.2,13.55,-0.3939,9.98488,-0.3154,-0.0218347,21.36,21.36,-0.0748248,-0.06025,-2.985,24.9375,24.9375,-0.0766178
30,13.44,-3.42,14.05,-0.4095,9.98487,-0.3112,-0.0218047,24.88,24.88,-0.0860642,-0.10175,-3.4915,24.9375,24.9375,-0.0831724
31,13.88,-3.64,14.55,-0.4257,9.98523,-0.3326,-0.0233967,24.88,24.88,-0.0759301,-0.058,-3.176,24.9375,24.9375,-0.081372
32,14.32,-3.88,15.05,-0.4421,9.98497,-0.324,-0.0222553,24.88,24.88,-0.082482,-0.07025,-3.264,24.9375,24.9375,-0.078699
33,14.76,-4.12,15.55,-0.4584,9.98514,-0.329,-0.0230062,24.88,24.88,-0.0806842,-0.076,-3.3665,24.9375,24.9375,-0.0922479
34,15.2,-4.38,16.05,-0.4749,9.98512,-0.3294,-0.0229161,24.88,24.88,-0.0779942,-0.05575,-3.165,24.9375,24.9375,-0.078273
35,15.62,-4.64,16.55,-0.4912,9.9876,-0.327,-0.0228203,24.88,24.88,-0.0916173,-0.1255,-3.6975,21.375,21.375,-0.0825573
36,16.04,-4.9,17.05,-0.5083,9.98551,-0.3514,-0.024538,24.88,24.88,-0.0775681,-0.061,-3.264,24.9375,24.9375,-0.0825318
37,16.46,-5.18,17.55,-0.5255,9.98509,-0.3346,-0.022796,21.36,21.36,-0.0818561,-0.07775,-3.2225,24.9375,24.9375,-0.0768463
38,16.88,-5.46,18.1,-0.542,9.98516,-0.3302,-0.0230963,24.88,24.88,-0.0818428,-0.0775,-3.4,24.9375,24.9375,-0.0909778
39,17.28,-5.74,18.55,-0.5586,9.98517,-0.3304,-0.0231264,24.88,24.88,-0.0761298,-0.04775,-3.099,24.9375,24.9375,-0.0796153
40,17.7,-6.04,19.1,-0.5748,9.98753,-0.3228,-0.02252,24.88,24.88,-0.0903256,-0.11475,-3.5995,21.375,21.375,-0.082113
41,18.1,-6.34,19.6,-0.5916,9.98545,-0.3466,-0.0243278,24.88,24.88,-0.0789131,-0.06925,-3.318,24.9375,24.9375,-0.0877845
42,18.48,-6.66,20.1,-0.6087,9.98514,-0.3358,-0.0229762,21.36,21.36,-0.0814033,-0.079,-3.2215,24.9375,24.9375,-0.0742125
43,18.88,-6.96,20.6,-0.6254,9.98519,-0.3328,-0.0232165,24.88,24.88,-0.0871162,-0.1025,-3.5885,24.9375,24.9375,-0.0876474
44,19.26,-7.28,21.1,-0.6423,9.98535,-0.3424,-0.0238773,24.88,24.88,-0.0735064,-0.03825,-3.056,24.9375,24.9375,-0.0859878
45,19.64,-7.62,21.6,-0.6589,9.98745,-0.3214,-0.0221296,24.88,24.88,-0.0869698,-0.08625,-3.3995,21.375,21.375,-0.0800163
46,20.02,-7.94,22.1,-0.6753,9.98535,-0.3382,-0.0239073,24.88,24.88,-0.0853451,-0.10375,-3.583,24.9375,24.9375,-0.0894166
47,20.38,-8.28,22.6,-0.6925,9.98536,-0.3458,-0.0239373,21.36,21.36,-0.0792992,-0.077,-3.205,24.9375,24.9375,-0.0786498
48,20.74,-8.64,23.1,-0.7095,9.98516,-0.3356,-0.0230963,24.88,24.88,-0.0887276,-0.101,-3.5715,24.9375,24.9375,-0.0833756
49,21.1,-8.98,23.6,-0.7266,9.98293,-0.3468,-0.0242137,24.88,24.88,-0.0779409,-0.05925,-3.2705,28.5,28.5,-0.0847875
50,21.44,-9.34,24.1,-0.7436,9.98511,-0.332,-0.0228861,24.88,24.88,-0.082695,-0.06575,-3.265,24.9375,24.9375,-0.0753638
51,21.78,-9.7,24.6,-0.7601,9.98522,-0.333,-0.0233366,28.48,28.48,-0.0841199,-0.06925,-3.4725,24.9375,24.9375,-0.0839474
52,22.12,-10.08,25.15,-0.777,9.98525,-0.3368,-0.0234868,24.88,24.88,-0.074665,-0.041,-3.059,24.9375,24.9375,-0.0751726
53,22.46,-10.44,25.65,-0.7933,9.98745,-0.3196,-0.0221296,24.88,24.88,-0.0832544,-0.07275,-3.2925,21.375,21.375,-0.0804833
54,22.78,-10.82,26.15,-0.8095,9.98763,-0.326,-0.0229704,24.88,24.88,-0.0744785,-0.049,-3.119,21.375,21.375,-0.0909869
55,23.1,-11.22,26.65,-0.8255,9.9874,-0.3152,-0.0219194,21.36,21.36,-0.079792,-0.0795,-3.147,21.375,21.375,-0.0786482
56,23.42,-11.6,27.15,-0.8414,9.9876,-0.3236,-0.0228203,21.36,21.36,-0.0903656,-0.14875,-3.7095,21.375,21.375,-0.0876348
57,23.72,-12,27.65,-0.8583,9.98546,-0.3496,-0.0243578,21.36,21.36,-0.0779542,-0.0815,-3.243,24.9375,24.9375,-0.0816647
58,24.02,-12.4,28.15,-0.8755,9.98512,-0.3366,-0.0229161,21.36,21.36,-0.0869298,-0.105,-3.4475,24.9375,24.9375,-0.0784032
59,24.3,-12.8,28.65,-0.8925,9.98285,-0.343,-0.0239133,24.88,24.88,-0.0809505,-0.0745,-3.41,28.5,28.5,-0.0887593
60,24.6,-13.22,29.15,-0.9095,9.98518,-0.3352,-0.0231864,24.88,24.88,-0.0777012,-0.04725,-3.1235,24.9375,24.9375,-0.0782779
61,24.88,-13.62,29.65,-0.9259,9.98508,-0.3254,-0.0227359,28.48,28.48,-0.0881017,-0.08325,-3.5485,24.9375,24.9375,-0.0850072
62,25.14,-14.04,30.15,-0.9426,9.98539,-0.3418,-0.0240575,24.88,24.88,-0.0775814,-0.0605,-3.2345,24.9375,24.9375,-0.0844353
63,25.4,-14.48,30.65,-0.9595,9.98509,-0.331,-0.022796,24.88,24.88,-0.0843197,-0.0755,-3.3265,24.9375,24.9375,-0.0757586
64,25.66,-14.9,31.15,-0.9761,9.98527,-0.3366,-0.0235469,24.88,24.88,-0.0837471,-0.08875,-3.48,24.9375,24.9375,-0.0887913
65,25.92,-15.34,31.7,-0.9931,9.98525,-0.3382,-0.0234568,24.88,24.88,-0.0750645,-0.04075,-3.0665,24.9375,24.9375,-0.0815714
66,26.16,-15.78,32.2,-1.0095,9.98749,-0.3222,-0.0223098,24.88,24.88,-0.0881283,-0.098,-3.4985,21.375,21.375,-0.0827417
67,26.4,-16.22,32.7,-1.0261,9.98538,-0.3406,-0.0240274,24.88,24.88,-0.0808973,-0.07975,-3.397,24.9375,24.9375,-0.0861453
68,26.62,-16.66,33.2,-1.0431,9.9852,-0.3378,-0.0232765,21.36,21.36,-0.0820425,-0.08625,-3.2705,24.9375,24.9375,-0.0787993
69,26.84,-17.1,33.7,-1.0599,9.98522,-0.336,-0.0233366,24.88,24.88,-0.0854783,-0.092,-3.5085,24.9375,24.9375,-0.0897212
70,27.06,-17.56,34.2,-1.0769,9.98532,-0.3414,-0.0237571,24.88,24.88,-0.0781007,-0.05675,-3.221,24.9375,24.9375,-0.0844994
71,27.26,-18.02,34.7,-1.0937,9.98514,-0.3316,-0.0229762,24.88,24.88,-0.0890605,-0.10275,-3.5485,24.9375,24.9375,-0.0803086
72,27.46,-18.48,35.2,-1.1107,9.98548,-0.3482,-0.0244179,24.88,24.88,-0.083827,-0.09,-3.501,24.9375,24.9375,-0.0911659
73,27.64,-18.94,35.7,-1.1281,9.98532,-0.3458,-0.0237571,24.88,24.88,-0.0795922,-0.05425,-3.208,24.9375,24.9375,-0.0750354
74,27.84,-19.4,36.2,-1.145,9.98519,-0.3352,-0.0232165,24.88,24.88,-0.090512,-0.112,-3.6565,24.9375,24.9375,-0.0850595
75,28,-19.88,36.7,-1.1622,9.98548,-0.3494,-0.0244479,24.88,24.88,-0.0743054,-0.04325,-3.129,24.9375,24.9375,-0.0859003
76,28.16,-20.34,37.2,-1.1791,9.98749,-0.3258,-0.0223398,24.88,24.88,-0.084373,-0.0685,-3.271,21.375,21.375,-0.0770634
77,28.32,-20.82,37.7,-1.1955,9.98526,-0.333,-0.0235168,24.88,24.88,-0.0852386,-0.1005,-3.561,24.9375,24.9375,-0.0834051
78,28.48,-21.3,38.25,-1.2124,9.98532,-0.3414,-0.0237571,21.36,21.36,-0.0763695,-0.067,-3.108,24.9375,24.9375,-0.0793282
79,28.62,-21.78,38.75,-1.2291,9.98501,-0.3256,-0.0224055,24.88,24.88,-0.0827217,-0.06925,-3.29,24.9375,24.9375,-0.0810206
80,28.76,-22.26,39.25,-1.2454,9.98516,-0.3286,-0.0230963,24.88,24.88,-0.0786467,-0.06525,-3.272,24.9375,24.9375,-0.0911576
81,28.88,-22.74,39.75,-1.2618,9.98757,-0.3252,-0.0226701,24.88,24.88,-0.0803246,-0.065,-3.219,21.375,21.375,-0.0790369
82,29,-23.22,40.25,-1.2781,9.98517,-0.3298,-0.0231264,24.88,24.88,-0.0905254,-0.12375,-3.688,24.9375,24.9375,-0.0856631
83,29.1,-23.72,40.75,-1.2952,9.98549,-0.3516,-0.024478,21.36,21.36,-0.0783404,-0.0815,-3.2675,24.9375,24.9375,-0.0785738
84,29.2,-24.2,41.25,-1.3124,9.98514,-0.3368,-0.0229762,24.88,24.88,-0.0849589,-0.07475,-3.366,24.9375,24.9375,-0.0765982
85,29.3,-24.7,41.75,-1.3293,9.98526,-0.3372,-0.0235168,24.88,24.88,-0.077861,-0.05825,-3.264,24.9375,24.9375,-0.0901704
86,29.38,-25.18,42.25,-1.3459,9.98504,-0.3244,-0.0225557,24.88,24.88,-0.0759034,-0.0405,-3.032,24.9375,24.9375,-0.0765586
87,29.46,-25.68,42.75,-1.3618,9.98749,-0.3172,-0.0223398,24.88,24.88,-0.0895532,-0.11575,-3.6035,21.375,21.375,-0.0841914
88,29.54,-26.18,43.25,-1.3783,9.9854,-0.3422,-0.0240875,24.88,24.88,-0.0758768,-0.05625,-3.1785,24.9375,24.9375,-0.0858687
89,29.6,-26.68,43.75,-1.3951,9.98751,-0.3282,-0.0224299,21.36,21.36,-0.0834941,-0.0885,-3.27,21.375,21.375,-0.0822477
90,29.66,-27.18,44.3,-1.4116,9.98523,-0.3336,-0.0233666,24.88,24.88,-0.0851986,-0.0985,-3.5555,24.9375,24.9375,-0.0966909
91,29.7,-27.66,44.75,-1.4286,9.98534,-0.3428,-0.0238472,21.36,21.36,-0.0815498,-0.09175,-3.326,24.9375,24.9375,-0.0823117
92,29.72,-28.16,45.25,-1.4456,9.98282,-0.343,-0.0237631,24.88,24.88,-0.0960519,-0.14525,-3.8735,28.5,28.5,-0.0791058
93,29.76,-28.66,45.75,-1.4635,9.98077,-0.3686,-0.025602,24.88,24.88,-0.0816031,-0.075,-3.441,32.0625,32.0625,-0.0850777
94,29.76,-29.16,46.3,-1.4815,9.98278,-0.3486,-0.0236128,28.48,28.48,-0.0783804,-0.01775,-3.113,28.5,28.5,-0.0695553
95,29.78,-29.66,46.8,-1.4983,9.98509,-0.3276,-0.022796,32,32,-0.0843863,-0.04075,-3.4315,24.9375,24.9375,-0.0977913
96,29.78,-30.16,47.3,-1.5148,9.9877,-0.3296,-0.0232707,28.48,28.48,-0.0688721,-0.002,-2.8695,21.375,21.375,-0.0885687
97,29.78,-30.66,47.8,-1.5306,9.98983,-0.3092,-0.0216137,24.88,24.88,-0.0971971,-0.14575,-3.745,17.8125,17.8125,-0.0857659
98,29.76,-31.16,48.3,-1.5473,9.98572,-0.3568,-0.025379,21.36,21.36,-0.0879685,-0.145,-3.732,24.9375,24.9375,-0.0884531
99,29.74,-31.66,48.8,-1.5655,9.98305,-0.3652,-0.0247244,17.76,17.76,-0.0850388,-0.114,-3.3945,28.5,28.5,-0.0776324
100,29.7,-32.16,49.3,-1.5835,9.9829,-0.3548,-0.0241236,24.88,24.88,-0.0877421,-0.0925,-3.619,28.5,28.5,-0.0824333
101,29.66,-32.66,49.8,-1.6012,9.98296,-0.3512,-0.0243339,28.48,28.48,-0.0769155,-0.026,-3.206,28.5,28.5,-0.0820218
102,29.6,-33.16,50.3,-1.6181,9.98508,-0.3284,-0.0227359,28.48,28.48,-0.0817362,-0.0395,-3.221,24.9375,24.9375,-0.0733569
103,29.54,-33.66,50.8,-1.6345,9.98768,-0.3272,-0.0231506,28.48,28.48,-0.0813367,-0.05625,-3.3465,21.375,21.375,-0.0834627
104,29.48,-34.16,51.35,-1.6509,9.98763,-0.3276,-0.0229404,24.88,24.88,-0.0726408,-0.03325,-2.9485,21.375,21.375,-0.0765863
105,29.4,-34.64,51.8,-1.6668,9.98984,-0.311,-0.0216437,21.36,21.36,-0.0827883,-0.093,-3.2665,17.8125,17.8125,-0.0770866
106,29.32,-35.14,52.35,-1.6826,9.98759,-0.3226,-0.0227902,21.36,21.36,-0.0759168,-0.07825,-3.1755,21.375,21.375,-0.0895312
107,29.24,-35.64,52.85,-1.6987,9.98741,-0.317,-0.0219794,17.76,17.76,-0.0763695,-0.08625,-3.0375,21.375,21.375,-0.0801552
108,29.14,-36.12,53.35,-1.7144,9.98746,-0.3166,-0.0221896,21.36,21.36,-0.0889007,-0.13725,-3.62,21.375,21.375,-0.0867784
109,29.04,-36.62,53.85,-1.731,9.98288,-0.343,-0.0240334,21.36,21.36,-0.0794724,-0.09275,-3.324,28.5,28.5,-0.0844776
110,28.92,-37.1,54.35,-1.748,9.98266,-0.3376,-0.0231021,21.36,21.36,-0.0860775,-0.105,-3.4325,28.5,28.5,-0.0791913
111,28.8,-37.58,54.85,-1.765,9.98285,-0.3438,-0.0238832,28.48,28.48,-0.083787,-0.067,-3.5035,28.5,28.5,-0.09196
112,28.66,-38.06,55.35,-1.7823,9.9828,-0.342,-0.0236729,28.48,28.48,-0.0784736,-0.03275,-3.1945,28.5,28.5,-0.0763938
113,28.52,-38.54,55.85,-1.799,9.98516,-0.3318,-0.0230963,28.48,28.48,-0.0913111,-0.097,-3.6635,24.9375,24.9375,-0.0812707
114,28.38,-39.02,56.35,-1.8161,9.98551,-0.3504,-0.0245681,28.48,28.48,-0.0756771,-0.0305,-3.1875,24.9375,24.9375,-0.0826228
115,28.22,-39.5,56.85,-1.8331,9.98753,-0.3286,-0.0224899,24.88,24.88,-0.0805777,-0.051,-3.1395,21.375,21.375,-0.0785032
116,28.06,-39.98,57.4,-1.8494,9.9876,-0.3244,-0.0228203,24.88,24.88,-0.0819227,-0.08,-3.3955,21.375,21.375,-0.0932972
117,27.88,-40.44,57.85,-1.8658,9.98767,-0.3294,-0.0231206,21.36,21.36,-0.0778078,-0.077,-3.1625,21.375,21.375,-0.0803018
118,27.7,-40.92,58.4,-1.8821,9.98761,-0.3282,-0.0228803,21.36,21.36,-0.0926561,-0.1495,-3.713,21.375,21.375,-0.0835524
119,27.52,-41.38,58.9,-1.8993,9.98556,-0.355,-0.0247483,21.36,21.36,-0.0796055,-0.09025,-3.355,24.9375,24.9375,-0.0852047
120,27.32,-41.84,59.4,-1.9167,9.98518,-0.3412,-0.0231864,21.36,21.36,-0.0828415,-0.08225,-3.28,24.9375,24.9375,-0.0782736
121,27.12,-42.3,59.9,-1.9336,9.98524,-0.3364,-0.0234267,24.88,24.88,-0.0845061,-0.08775,-3.5025,24.9375,24.9375,-0.090728
122,26.92,-42.74,60.4,-1.9506,9.9828,-0.339,-0.0236729,24.88,24.88,-0.0775681,-0.053,-3.1755,28.5,28.5,-0.0835917
123,26.7,-43.2,60.9,-1.9672,9.98512,-0.3294,-0.0229161,24.88,24.88,-0.0900859,-0.10925,-3.583,24.9375,24.9375,-0.0816336
124,26.48,-43.64,61.4,-1.9842,9.98301,-0.3494,-0.0245442,28.48,28.48,-0.0829214,-0.06675,-3.4705,28.5,28.5,-0.0921928
125,26.24,-44.08,61.9,-2.0016,9.9853,-0.3452,-0.023697,24.88,24.88,-0.0809239,-0.05875,-3.242,24.9375,24.9375,-0.0766565
126,26,-44.52,62.4,-2.0186,9.98525,-0.3378,-0.0234568,28.48,28.48,-0.0915508,-0.10025,-3.724,24.9375,24.9375,-0.0821367
127,25.74,-44.96,62.9,-2.036,9.98555,-0.354,-0.0247182,24.88,24.88,-0.0759301,-0.04875,-3.1855,24.9375,24.9375,-0.0841131
128,25.5,-45.38,63.4,-2.0531,9.98755,-0.3302,-0.02258,24.88,24.88,-0.0814166,-0.05375,-3.1755,21.375,21.375,-0.0777796
129,25.22,-45.82,63.95,-2.0695,9.98765,-0.3272,-0.0230305,24.88,24.88,-0.0834408,-0.08725,-3.4585,21.375,21.375,-0.0848505
130,24.96,-46.24,64.45,-2.086,9.98773,-0.3338,-0.0233908,21.36,21.36,-0.077062,-0.07275,-3.138,21.375,21.375,-0.0799736
131,24.68,-46.64,64.9,-2.1025,9.98753,-0.325,-0.02252,21.36,21.36,-0.0841599,-0.1,-3.3555,21.375,21.375,-0.0795859
132,24.4,-47.06,65.45,-2.1189,9.98522,-0.3334,-0.0233366,21.36,21.36,-0.0792992,-0.088,-3.2975,24.9375,24.9375,-0.0874825
133,24.12,-47.46,65.9,-2.1355,9.98509,-0.3286,-0.0227659,21.36,21.36,-0.0788731,-0.07575,-3.1695,24.9375,24.9375,-0.077603
134,23.82,-47.88,66.45,-2.1518,9.98509,-0.326,-0.0227659,24.88,24.88,-0.0868366,-0.101,-3.529,24.9375,24.9375,-0.0877453
135,23.52,-48.26,66.95,-2.1685,9.98283,-0.3402,-0.0237931,24.88,24.88,-0.0769022,-0.05625,-3.198,28.5,28.5,-0.0809052
136,23.2,-48.66,67.45,-2.1853,9.98507,-0.3292,-0.0227058,24.88,24.88,-0.087063,-0.091,-3.4495,24.9375,24.9375,-0.0790676
137,22.88,-49.04,67.95,-2.202,9.98535,-0.341,-0.0238773,28.48,28.48,-0.0802048,-0.053,-3.3655,24.9375,24.9375,-0.0883256
138,22.56,-49.44,68.45,-2.2189,9.98515,-0.3338,-0.0230362,24.88,24.88,-0.0783671,-0.05025,-3.1395,24.9375,24.9375,-0.0785695
139,22.24,-49.8,68.95,-2.2354,9.98759,-0.3262,-0.0227602,24.88,24.88,-0.0876489,-0.1025,-3.551,21.375,21.375,-0.0832035
140,21.9,-50.18,69.45,-2.2521,9.98538,-0.3418,-0.0239974,24.88,24.88,-0.077861,-0.06125,-3.24,24.9375,24.9375,-0.0835888
141,21.56,-50.54,69.95,-2.2689,9.98509,-0.3308,-0.0227659,21.36,21.36,-0.0825086,-0.0865,-3.2665,24.9375,24.9375,-0.0798626
142,21.22,-50.9,70.45,-2.2855,9.98519,-0.3322,-0.0232165,24.88,24.88,-0.0829214,-0.08375,-3.4325,24.9375,24.9375,-0.0938526
143,20.86,-51.26,70.95,-2.3022,9.98523,-0.3356,-0.0233967,24.88,24.88,-0.0791661,-0.061,-3.224,24.9375,24.9375,-0.0817887
144,20.5,-51.6,71.45,-2.3188,9.98518,-0.333,-0.0231864,24.88,24.88,-0.0932154,-0.1315,-3.751,24.9375,24.9375,-0.0825542
145,20.14,-51.94,71.95,-2.3362,9.98312,-0.3582,-0.0249948,24.88,24.88,-0.081097,-0.07575,-3.407,28.5,28.5,-0.0861799
146,19.76,-52.28,72.5,-2.3538,9.98525,-0.345,-0.0234868,24.88,24.88,-0.0818428,-0.0575,-3.252,24.9375,24.9375,-0.0770157
147,19.38,-52.6,73,-2.3708,9.98523,-0.336,-0.0233666,28.48,28.48,-0.0854916,-0.07,-3.518,24.9375,24.9375,-0.0855667
148,19,-52.94,73.5,-2.3877,9.98532,-0.3398,-0.0237871,24.88,24.88,-0.0763163,-0.0485,-3.1425,24.9375,24.9375,-0.0855172
149,18.62,-53.24,74,-2.4043,9.98755,-0.3254,-0.02258,24.88,24.88,-0.084879,-0.07975,-3.353,21.375,21.375,-0.081319
150,18.22,-53.56,74.5,-2.4208,9.9878,-0.3362,-0.0236611,24.88,24.88,-0.0848524,-0.097,-3.5205,21.375,21.375,-0.0884643
151,17.82,-53.86,75,-2.4379,9.98533,-0.3434,-0.0238172,21.36,21.36,-0.0806043,-0.085,-3.2715,24.9375,24.9375,-0.0788709
152,17.42,-54.16,75.5,-2.4549,9.98521,-0.3376,-0.0233066,21.36,21.36,-0.0877954,-0.1175,-3.546,24.9375,24.9375,-0.0883873
153,17,-54.44,76,-2.472,9.9854,-0.3462,-0.0240875,24.88,24.88,-0.078154,-0.0585,-3.263,24.9375,24.9375,-0.0829092
154,16.6,-54.72,76.5,-2.489,9.98515,-0.3336,-0.0230362,24.88,24.88,-0.0877022,-0.09225,-3.479,24.9375,24.9375,-0.0768568
155,16.18,-55,77,-2.5059,9.98541,-0.3446,-0.0241476,24.88,24.88,-0.0822156,-0.08075,-3.4335,24.9375,24.9375,-0.0863925
156,15.76,-55.26,77.5,-2.5231,9.98523,-0.3388,-0.0233666,24.88,24.88,-0.0761565,-0.04025,-3.071,24.9375,24.9375,-0.0759379
157,15.32,-55.52,78.05,-2.5396,9.98751,-0.3226,-0.0224299,24.88,24.88,-0.085718,-0.0875,-3.4345,21.375,21.375,-0.0776669
158,14.9,-55.78,78.55,-2.556,9.98526,-0.3334,-0.0235168,24.88,24.88,-0.0752243,-0.05125,-3.144,24.9375,24.9375,-0.0892214
159,14.46,-56.02,79.05,-2.5724,9.98743,-0.3194,-0.0220695,21.36,21.36,-0.0769688,-0.063,-3.0275,21.375,21.375,-0.077149
160,14.02,-56.26,79.55,-2.5881,9.98749,-0.317,-0.0223398,24.88,24.88,-0.0885811,-0.116,-3.615,21.375,21.375,-0.0845773
161,13.58,-56.5,80.05,-2.6047,9.98537,-0.341,-0.0239674,21.36,21.36,-0.0764628,-0.0775,-3.187,24.9375,24.9375,-0.0816854
162,13.14,-56.72,80.55,-2.6214,9.98503,-0.329,-0.0224956,21.36,21.36,-0.0838936,-0.092,-3.3065,24.9375,24.9375,-0.0788667
163,12.68,-56.94,81.05,-2.638,9.98521,-0.3336,-0.0233066,24.88,24.88,-0.0809905,-0.07675,-3.3935,24.9375,24.9375,-0.0918211
164,12.24,-57.16,81.55,-2.6547,9.98516,-0.3318,-0.0230663,24.88,24.88,-0.078154,-0.05425,-3.161,24.9375,24.9375,-0.082141
165,11.78,-57.36,82.05,-2.671,9.98511,-0.3276,-0.022856,24.88,24.88,-0.0911912,-0.122,-3.6765,24.9375,24.9375,-0.0873908
166,11.32,-57.54,82.55,-2.6881,9.98304,-0.3518,-0.0246643,24.88,24.88,-0.0814433,-0.07925,-3.4085,28.5,28.5,-0.0831187
167,10.84,-57.74,83.05,-2.7055,9.98528,-0.3452,-0.0236069,24.88,24.88,-0.0866768,-0.085,-3.4525,24.9375,24.9375,-0.0793623
168,10.38,-57.92,83.55,-2.7229,9.9829,-0.3472,-0.0240935,28.48,28.48,-0.0824154,-0.05625,-3.4335,28.5,28.5,-0.091475
169,9.92,-58.08,84.05,-2.7401,9.98525,-0.3394,-0.0234868,24.88,24.88,-0.07866,-0.05125,-3.1825,24.9375,24.9375,-0.0795856
170,9.44,-58.24,84.55,-2.7567,9.98516,-0.3302,-0.0230963,28.48,28.48,-0.0908316,-0.0965,-3.651,24.9375,24.9375,-0.0815845
171,8.96,-58.4,85.1,-2.7738,9.98552,-0.3504,-0.0245981,24.88,24.88,-0.0788731,-0.06525,-3.2955,24.9375,24.9375,-0.0834007
172,8.48,-58.54,85.6,-2.791,9.98764,-0.3362,-0.0230004,24.88,24.88,-0.0808706,-0.05525,-3.1925,21.375,21.375,-0.0770025
173,8,-58.68,86.1,-2.8076,9.98764,-0.3296,-0.0230004,24.88,24.88,-0.082695,-0.07925,-3.407,21.375,21.375,-0.0898329
174,7.52,-58.82,86.6,-2.8242,9.9877,-0.3318,-0.0232407,21.36,21.36,-0.0762896,-0.069,-3.121,21.375,21.375,-0.0830429
175,7.04,-58.94,87.1,-2.8405,9.98754,-0.3236,-0.02255,21.36,21.36,-0.0891804,-0.12675,-3.5455,21.375,21.375,-0.0821455
176,6.54,-59.06,87.6,-2.8572,9.98544,-0.3456,-0.0242677,21.36,21.36,-0.0823621,-0.1055,-3.45,24.9375,24.9375,-0.091879
177,6.06,-59.16,88.1,-2.8745,9.98276,-0.343,-0.0235227,21.36,21.36,-0.0814299,-0.0825,-3.2665,28.5,28.5,-0.07807
178,5.58,-59.26,88.6,-2.8915,9.98275,-0.3386,-0.0234927,24.88,24.88,-0.0912312,-0.12,-3.726,28.5,28.5,-0.0849363
179,5.08,-59.34,89.1,-2.9089,9.98304,-0.3544,-0.0246944,28.48,28.48,-0.0773417,-0.03475,-3.2375,28.5,28.5,-0.0851331
180,4.58,-59.42,89.6,-2.9261,9.98512,-0.3344,-0.0229161,28.48,28.48,-0.0842398,-0.0485,-3.306,24.9375,24.9375,-0.0774043
181,4.08,-59.5,90.15,-2.9428,9.98529,-0.3362,-0.023637,28.48,28.48,-0.0844662,-0.0715,-3.512,24.9375,24.9375,-0.0859417
182,3.6,-59.56,90.6,-2.9598,9.9853,-0.3398,-0.023697,24.88,24.88,-0.0766891,-0.04775,-3.119,24.9375,24.9375,-0.0780607
183,3.1,-59.62,91.1,-2.9764,9.98755,-0.326,-0.02258,24.88,24.88,-0.0852519,-0.083,-3.3915,21.375,21.375,-0.0825625
184,2.6,-59.66,91.65,-2.9929,9.98775,-0.3346,-0.0234809,24.88,24.88,-0.077355,-0.05975,-3.231,21.375,21.375,-0.0865851
185,2.1,-59.7,92.15,-3.0094,9.98755,-0.326,-0.02258,21.36,21.36,-0.0818694,-0.08725,-3.2485,21.375,21.375,-0.0771386
186,1.6,-59.74,92.65,-3.0258,9.98768,-0.3308,-0.0231806,21.36,21.36,-0.085931,-0.1195,-3.5345,21.375,21.375,-0.0867836
187,1.1,-59.76,93.15,-3.0427,9.98531,-0.3412,-0.0237271,21.36,21.36,-0.0764228,-0.07025,-3.151,24.9375,24.9375,-0.080421
188,0.6,-59.76,93.65,-3.0594,9.98503,-0.3274,-0.0225256,21.36,21.36,-0.0861042,-0.1055,-3.423,24.9375,24.9375,-0.076534
189,0.1,-59.78,94.15,-3.076,9.9853,-0.3376,-0.023697,24.88,24.88,-0.0797387,-0.07125,-3.342,24.9375,24.9375,-0.0913268
190,-0.4,-59.78,94.65,-3.0927,9.98511,-0.3306,-0.022856,24.88,24.88,-0.0758369,-0.0405,-3.042,24.9375,24.9375,-0.078695
191,-0.9,-59.76,95.15,-3.1089,9.98501,-0.3204,-0.0224055,24.88,24.88,-0.0906852,-0.11875,-3.6475,24.9375,24.9375,-0.0839156
192,-1.4,-59.74,95.65,-3.1256,9.98296,-0.3458,-0.0243639,24.88,24.88,-0.0780075,-0.06575,-3.2775,28.5,28.5,-0.0819921
193,-1.9,-59.72,96.15,3.1405,9.98511,-0.3344,-0.0228861,24.88,24.88,-0.0832144,-0.06725,-3.273,24.9375,24.9375,-0.0785861
194,-2.4,-59.68,96.65,3.1238,9.9852,-0.3342,-0.0232765,28.48,28.48,-0.0813101,-0.055,-3.3875,24.9375,24.9375,-0.0919417
195,-2.9,-59.64,97.15,3.1072,9.98767,-0.3318,-0.0231206,24.88,24.88,-0.0778877,-0.05325,-3.1595,21.375,21.375,-0.0807505
196,-3.4,-59.58,97.7,3.0908,9.98761,-0.327,-0.0228503,24.88,24.88,-0.0912977,-0.122,-3.668,21.375,21.375,-0.0824257
197,-3.88,-59.52,98.15,3.0738,9.98552,-0.3512,-0.0245981,21.36,21.36,-0.0800583,-0.09225,-3.354,24.9375,24.9375,-0.0846682
198,-4.38,-59.46,98.7,3.0564,9.98519,-0.3402,-0.0232165,21.36,21.36,-0.0817229,-0.07925,-3.2435,24.9375,24.9375,-0.078356
199,-4.88,-59.38,99.2,3.0396,9.98519,-0.334,-0.0232165,24.88,24.88,-0.0839735,-0.0845,-3.4645,24.9375,24.9375,-0.0894155
200,-5.36,-59.28,99.7,3.0228,9.98527,-0.3366,-0.0235469,24.88,24.88,-0.077648,-0.0545,-3.1835,24.9375,24.9375,-0.0817297
201,-5.86,-59.2,100.2,3.0063,9.98511,-0.3284,-0.022856,24.88,24.88,-0.0887409,-0.10325,-3.5345,24.9375,24.9375,-0.0823159
202,-6.34,-59.1,100.7,2.9894,9.98543,-0.3456,-0.0242377,24.88,24.88,-0.0810438,-0.077,-3.387,24.9375,24.9375,-0.0869591
203,-6.84,-58.98,101.2,2.9722,9.98522,-0.3394,-0.0233366,24.88,24.88,-0.0816164,-0.06325,-3.2615,24.9375,24.9375,-0.0785206
204,-7.32,-58.86,101.7,2.9554,9.98521,-0.3352,-0.0233066,24.88,24.88,-0.0862773,-0.095,-3.5325,24.9375,24.9375,-0.0862314
205,-7.8,-58.74,102.2,2.9384,9.98535,-0.3426,-0.0239073,24.88,24.88,-0.0778078,-0.056,-3.2125,24.9375,24.9375,-0.0848112
206,-8.28,-58.6,102.7,2.9216,9.98511,-0.3304,-0.022856,24.88,24.88,-0.0855449,-0.08325,-3.3995,24.9375,24.9375,-0.077795
207,-8.76,-58.46,103.2,2.9049,9.98533,-0.3396,-0.0238172,24.88,24.88,-0.0841199,-0.091,-3.493,24.9375,24.9375,-0.0877809
208,-9.24,-58.3,103.7,2.8878,9.98529,-0.3414,-0.023637,24.88,24.88,-0.0770886,-0.048,-3.1335,24.9375,24.9375,-0.0759506
209,-9.72,-58.14,104.25,2.8711,9.98757,-0.3276,-0.0226701,24.88,24.88,-0.0871162,-0.093,-3.4835,21.375,21.375,-0.0789918
210,-10.18,-57.98,104.7,2.8544,9.98532,-0.3386,-0.0237571,24.88,24.88,-0.0752509,-0.05,-3.16,24.9375,24.9375,-0.0884194
211,-10.66,-57.8,105.25,2.8379,9.98746,-0.3216,-0.0221896,21.36,21.36,-0.0783005,-0.0665,-3.074,21.375,21.375,-0.0788615
212,-11.12,-57.62,105.75,2.822,9.98754,-0.32,-0.02255,24.88,24.88,-0.0877821,-0.1115,-3.596,21.375,21.375,-0.0861693
213,-11.58,-57.44,106.25,2.8054,9.98537,-0.3412,-0.0239674,21.36,21.36,-0.0781673,-0.0835,-3.2365,24.9375,24.9375,-0.0828719
214,-12.04,-57.24,106.75,2.7885,9.98511,-0.333,-0.022856,21.36,21.36,-0.085465,-0.10175,-3.3935,24.9375,24.9375,-0.079901
215,-12.5,-57.02,107.25,2.7717,9.9828,-0.34,-0.023703,24.88,24.88,-0.082189,-0.08075,-3.437,28.5,28.5,-0.0897324
216,-12.96,-56.82,107.75,2.7547,9.98523,-0.3374,-0.0233666,24.88,24.88,-0.0791927,-0.05675,-3.2055,24.9375,24.9375,-0.0803494
217,-13.4,-56.6,108.25,2.7381,9.98515,-0.331,-0.0230362,28.48,28.48,-0.0890738,-0.088,-3.596,24.9375,24.9375,-0.0855319
218,-13.84,-56.36,108.75,2.7211,9.98545,-0.3472,-0.0243278,24.88,24.88,-0.0796455,-0.06825,-3.32,24.9375,24.9375,-0.0813826
219,-14.28,-56.12,109.25,2.7039,9.98519,-0.3376,-0.0232165,24.88,24.88,-0.0848524,-0.07725,-3.3705,24.9375,24.9375,-0.0761448
220,-14.72,-55.88,109.75,2.687,9.9853,-0.3394,-0.023667,24.88,24.88,-0.0806975,-0.07,-3.351,24.9375,24.9375,-0.0894301
221,-15.16,-55.64,110.25,2.6702,9.98514,-0.3316,-0.0230062,24.88,24.88,-0.0754374,-0.03975,-3.051,24.9375,24.9375,-0.0806227
222,-15.58,-55.38,110.75,2.654,9.98749,-0.3194,-0.0223398,24.88,24.88,-0.0887808,-0.1065,-3.547,21.375,21.375,-0.0839865
223,-16,-55.12,111.25,2.6374,9.9854,-0.3418,-0.0241175,24.88,24.88,-0.0799251,-0.07525,-3.344,24.9375,24.9375,-0.0857324
224,-16.42,-54.84,111.75,2.6204,9.98518,-0.337,-0.0231564,21.36,21.36,-0.0832677,-0.091,-3.308,24.9375,24.9375,-0.0785557
225,-16.84,-54.56,112.3,2.6036,9.98525,-0.338,-0.0234868,24.88,24.88,-0.0850521,-0.0915,-3.516,24.9375,24.9375,-0.0911446
226,-17.26,-54.28,112.8,2.5866,9.98531,-0.3416,-0.0237271,24.88,24.88,-0.077861,-0.054,-3.1985,24.9375,24.9375,-0.0832254
227,-17.66,-53.98,113.3,2.5698,9.98514,-0.3312,-0.0229762,24.88,24.88,-0.0904854,-0.1105,-3.6085,24.9375,24.9375,-0.0814018
228,-18.06,-53.68,113.8,2.5527,9.98552,-0.3508,-0.0245981,24.88,24.88,-0.0825352,-0.084,-3.46,24.9375,24.9375,-0.089018
229,-18.46,-53.38,114.3,2.5353,9.98529,-0.3446,-0.023637,24.88,24.88,-0.0806842,-0.057,-3.2285,24.9375,24.9375,-0.0790946
230,-18.84,-53.06,114.8,2.5183,9.98521,-0.3356,-0.0233066,24.88,24.88,-0.0883414,-0.1025,-3.5955,24.9375,24.9375,-0.0845173
231,-19.22,-52.74,115.3,2.5012,9.98544,-0.3466,-0.0242677,24.88,24.88,-0.0783937,-0.06,-3.256,24.9375,24.9375,-0.0848923
232,-19.6,-52.42,115.8,2.4842,9.98514,-0.3334,-0.0229762,24.88,24.88,-0.0838137,-0.0715,-3.315,24.9375,24.9375,-0.0787057
233,-19.98,-52.08,116.3,2.4675,9.98528,-0.3364,-0.0235769,24.88,24.88,-0.0841998,-0.08925,-3.483,24.9375,24.9375,-0.085218
234,-20.34,-51.74,116.8,2.4506,9.98529,-0.3398,-0.023637,24.88,24.88,-0.0779942,-0.054,-3.178,24.9375,24.9375,-0.0768002
235,-20.7,-51.4,117.3,2.4339,9.98759,-0.3286,-0.0227602,24.88,24.88,-0.0845328,-0.08075,-3.3845,21.375,21.375,-0.0813942
236,-21.06,-51.04,117.8,2.4173,9.98773,-0.334,-0.0233908,24.88,24.88,-0.0761032,-0.052,-3.1695,21.375,21.375,-0.0848371
237,-21.42,-50.68,118.35,2.4009,9.98749,-0.3218,-0.0223098,21.36,21.36,-0.0806975,-0.0815,-3.1975,21.375,21.375,-0.0780651
238,-21.76,-50.32,118.85,2.3848,9.98761,-0.3254,-0.0228803,21.36,21.36,-0.0841599,-0.112,-3.46,21.375,21.375,-0.0861947
239,-22.1,-49.96,119.35,2.3682,9.98523,-0.3356,-0.0233967,21.36,21.36,-0.077355,-0.07575,-3.1725,24.9375,24.9375,-0.0811555
240,-22.44,-49.58,119.85,2.3517,9.98505,-0.3272,-0.0225857,21.36,21.36,-0.0854916,-0.10625,-3.42,24.9375,24.9375,-0.081705
241,-22.76,-49.2,120.35,2.335,9.98278,-0.3376,-0.0236128,24.88,24.88,-0.0804578,-0.074,-3.358,28.5,28.5,-0.0917446
242,-23.08,-48.82,120.85,2.3182,9.98516,-0.3338,-0.0230963,24.88,24.88,-0.0810038,-0.06475,-3.256,24.9375,24.9375,-0.0790308
243,-23.4,-48.44,121.35,2.3016,9.98522,-0.3344,-0.0233366,28.48,28.48,-0.0911113,-0.10375,-3.716,24.9375,24.9375,-0.0873573
244,-23.7,-48.04,121.85,2.2843,9.98304,-0.3538,-0.0246643,24.88,24.88,-0.0783138,-0.06025,-3.268,28.5,28.5,-0.0833043
245,-24,-47.64,122.35,2.267,9.98516,-0.3378,-0.0230963,24.88,24.88,-0.0866635,-0.082,-3.4205,24.9375,24.9375,-0.0794746
246,-24.28,-47.24,122.85,2.25,9.98538,-0.343,-0.0239974,28.48,28.48,-0.0826151,-0.06175,-3.458,24.9375,24.9375,-0.0899044
247,-24.58,-46.82,123.35,2.2329,9.98526,-0.3392,-0.0235168,24.88,24.88,-0.0787666,-0.053,-3.1745,24.9375,24.9375,-0.0790385
248,-24.86,-46.4,123.9,2.2163,9.98765,-0.3306,-0.0230305,24.88,24.88,-0.0892469,-0.10725,-3.5905,21.375,21.375,-0.0818441
249,-25.12,-45.98,124.4,2.1993,9.98545,-0.3468,-0.0242977,24.88,24.88,-0.0783404,-0.0625,-3.272,24.9375,24.9375,-0.0827299
250,-25.38,-45.56,124.85,2.1822,9.98761,-0.3332,-0.0228803,21.36,21.36,-0.081137,-0.07775,-3.207,21.375,21.375,-0.075171
251,-25.64,-45.14,125.35,2.1657,9.98514,-0.3292,-0.0230062,24.88,24.88,-0.0820292,-0.0775,-3.383,24.9375,24.9375,-0.0877777
252,-25.9,-44.7,125.9,2.1492,9.98515,-0.3298,-0.0230362,21.36,21.36,-0.0744519,-0.06075,-3.0455,24.9375,24.9375,-0.0841991
253,-26.14,-44.26,126.4,2.1331,9.98745,-0.3176,-0.0221296,24.88,24.88,-0.0871162,-0.09625,-3.453,21.375,21.375,-0.0829044
254,-26.38,-43.82,126.9,2.1167,9.98535,-0.3384,-0.0238773,24.88,24.88,-0.0835207,-0.09425,-3.4905,24.9375,24.9375,-0.0871336
255,-26.6,-43.38,127.4,2.0996,9.9853,-0.3434,-0.023667,21.36,21.36,-0.0822023,-0.09,-3.312,24.9375,24.9375,-0.0780816
256,-26.82,-42.92,127.9,2.0825,9.98525,-0.34,-0.0234568,24.88,24.88,-0.0864637,-0.0935,-3.5345,24.9375,24.9375,-0.0862725
257,-27.04,-42.48,128.4,2.0654,9.98535,-0.3444,-0.0239073,24.88,24.88,-0.0773816,-0.05275,-3.212,24.9375,24.9375,-0.0843199
258,-27.24,-42.02,128.9,2.0485,9.98509,-0.3296,-0.022796,24.88,24.88,-0.0855715,-0.08225,-3.397,24.9375,24.9375,-0.0780052
259,-27.44,-41.56,129.4,2.0319,9.98533,-0.3386,-0.0238172,24.88,24.88,-0.0836405,-0.089,-3.4735,24.9375,24.9375,-0.0892807
260,-27.64,-41.1,129.9,2.0148,9.98528,-0.34,-0.0235769,24.88,24.88,-0.0773017,-0.04875,-3.133,24.9375,24.9375,-0.0796058
261,-27.82,-40.64,130.4,1.9982,9.98508,-0.328,-0.0227359,24.88,24.88,-0.0886077,-0.10175,-3.5465,24.9375,24.9375,-0.0820411
262,-28,-40.16,130.95,1.9814,9.98541,-0.3438,-0.0241476,24.88,24.88,-0.0789131,-0.06675,-3.306,24.9375,24.9375,-0.0906358
263,-28.16,-39.7,131.4,1.9644,9.98513,-0.3336,-0.0229461,24.88,24.88,-0.0813234,-0.061,-3.2225,24.9375,24.9375,-0.0791598
264,-28.32,-39.22,131.95,1.9478,9.98521,-0.3332,-0.0233066,24.88,24.88,-0.0899794,-0.11875,-3.692,24.9375,24.9375,-0.0858694
265,-28.46,-38.74,132.45,1.9306,9.9855,-0.351,-0.024508,24.88,24.88,-0.078447,-0.06075,-3.257,24.9375,24.9375,-0.0774424
266,-28.6,-38.26,132.95,1.9134,9.98515,-0.3364,-0.0230362,24.88,24.88,-0.085172,-0.076,-3.369,24.9375,24.9375,-0.076243
267,-28.74,-37.78,133.45,1.8966,9.98527,-0.3372,-0.0235469,24.88,24.88,-0.0767424,-0.05325,-3.2165,24.9375,24.9375,-0.0877162
268,-28.86,-37.3,133.95,1.8801,9.98749,-0.322,-0.0223398,24.88,24.88,-0.0755572,-0.038,-3.0025,21.375,21.375,-0.0760252
269,-28.98,-36.82,134.45,1.8643,9.98745,-0.3142,-0.0221596,24.88,24.88,-0.0870763,-0.10375,-3.5105,21.375,21.375,-0.0834539
270,-29.1,-36.32,134.95,1.848,9.9878,-0.3354,-0.0236611,21.36,21.36,-0.0753441,-0.07375,-3.1415,21.375,21.375,-0.0829777
271,-29.2,-35.84,135.45,1.8315,9.98747,-0.3238,-0.0222197,21.36,21.36,-0.0827483,-0.0885,-3.252,21.375,21.375,-0.0800023
272,-29.3,-35.34,135.95,1.8152,9.98516,-0.3298,-0.0230963,21.36,21.36,-0.0823089,-0.10425,-3.436,24.9375,24.9375,-0.0943155
273,-29.38,-34.86,136.45,1.7985,9.9852,-0.3342,-0.0232465,21.36,21.36,-0.0792992,-0.0815,-3.2235,24.9375,24.9375,-0.0794148
274,-29.46,-34.36,136.95,1.782,9.98518,-0.3332,-0.0231564,24.88,24.88,-0.0936815,-0.1355,-3.7815,24.9375,24.9375,-0.0842201
275,-29.54,-33.86,137.45,1.7646,9.98312,-0.3586,-0.0249948,24.88,24.88,-0.0787,-0.06425,-3.32,28.5,28.5,-0.0861397
276,-29.6,-33.36,138,1.747,9.98268,-0.3402,-0.0231622,24.88,24.88,-0.0835074,-0.06325,-3.2865,28.5,28.5,-0.0814826
277,-29.64,-32.86,138.5,1.7302,9.98278,-0.337,-0.0235828,28.48,28.48,-0.0854516,-0.07375,-3.547,28.5,28.5,-0.0910386
278,-29.68,-32.38,138.95,1.7131,9.98538,-0.343,-0.0239974,28.48,28.48,-0.0807641,-0.0475,-3.292,24.9375,24.9375,-0.0781479
279,-29.72,-31.88,139.5,1.6962,9.98526,-0.3388,-0.0235168,28.48,28.48,-0.0903789,-0.09125,-3.6225,24.9375,24.9375,-0.0782191
280,-29.74,-31.38,140,1.6788,9.98551,-0.3524,-0.024538,24.88,24.88,-0.0774349,-0.05525,-3.245,24.9375,24.9375,-0.083812
281,-29.76,-30.88,140.5,1.6617,9.98757,-0.3314,-0.0226701,24.88,24.88,-0.0775148,-0.039,-3.058,21.375,21.375,-0.0726279
282,-29.78,-30.38,141,1.6455,9.98751,-0.3192,-0.0223999,24.88,24.88,-0.0831345,-0.08175,-3.392,21.375,21.375,-0.102421
283,-29.78,-29.88,141.5,1.6293,9.98765,-0.3266,-0.0230305,21.36,21.36,-0.0719217,-0.0555,-2.9735,21.375,21.375,-0.0918159
284,-29.78,-29.38,142,1.6134,9.98746,-0.3178,-0.0221896,21.36,21.36,-0.101885,-0.20075,-3.991,21.375,21.375,-0.085753
285,-29.76,-28.88,142.5,1.596,9.98094,-0.3728,-0.0262631,21.36,21.36,-0.0911912,-0.159,-3.861,32.0625,32.0625,-0.0861045
286,-29.74,-28.38,143,1.5771,9.98072,-0.3786,-0.0253917,21.36,21.36,-0.0850255,-0.08825,-3.417,32.0625,32.0625,-0.0757694
287,-29.7,-27.88,143.5,1.5587,9.98042,-0.3582,-0.0241897,32,32,-0.0853851,-0.03425,-3.5095,32.0625,32.0625,-0.0787273
288,-29.66,-27.38,144,1.5411,9.98285,-0.3446,-0.0239133,32,32,-0.0750512,0.00325,-3.1205,28.5,28.5,-0.0816883
289,-29.6,-26.88,144.5,1.5245,9.98747,-0.3188,-0.0222497,32,32,-0.0780475,-0.005,-3.0625,21.375,21.375,-0.0725079
290,-29.56,-26.38,145.05,1.5088,9.99001,-0.3148,-0.0224243,28.48,28.48,-0.0810171,-0.0565,-3.2985,17.8125,17.8125,-0.0866241
291,-29.48,-25.88,145.55,1.4928,9.99007,-0.3216,-0.0226645,21.36,21.36,-0.0718152,-0.05425,-2.931,17.8125,17.8125,-0.0774764
292,-29.42,-25.4,146.05,1.4771,9.98981,-0.3096,-0.0215236,17.76,17.76,-0.085971,-0.13075,-3.3805,17.8125,17.8125,-0.0800584
293,-29.34,-24.9,146.55,1.4611,9.9877,-0.3304,-0.0232707,17.76,17.76,-0.0767824,-0.1045,-3.2435,21.375,21.375,-0.0924468
294,-29.24,-24.4,147.05,1.4447,9.98748,-0.3244,-0.0222797,17.76,17.76,-0.0793525,-0.09625,-3.149,21.375,21.375,-0.0783936
295,-29.14,-23.92,147.55,1.4285,9.9851,-0.3268,-0.022826,21.36,21.36,-0.0918304,-0.15275,-3.7735,24.9375,24.9375,-0.0829602
296,-29.04,-23.42,148.05,1.4114,9.98302,-0.3528,-0.0246043,21.36,21.36,-0.0776746,-0.08025,-3.2575,28.5,28.5,-0.0814513
297,-28.92,-22.94,148.55,1.3941,9.98259,-0.3354,-0.0228017,24.88,24.88,-0.0822556,-0.05975,-3.2435,28.5,28.5,-0.0764455
298,-28.8,-22.46,149.05,1.3775,9.98267,-0.3308,-0.0231321,28.48,28.48,-0.0807508,-0.052,-3.364,28.5,28.5,-0.0906964
299,-28.68,-21.98,149.55,1.361,9.98513,-0.3278,-0.0229461,28.48,28.48,-0.0757303,-0.025,-3.07,24.9375,24.9375,-0.0802859
300,-28.54,-21.5,150.05,1.3449,9.98751,-0.3202,-0.0224299,28.48,28.48,-0.0900326,-0.09475,-3.5885,21.375,21.375,-0.0840723
301,-28.4,-21.02,150.55,1.3282,9.98545,-0.3452,-0.0242977,24.88,24.88,-0.0796055,-0.07325,-3.3385,24.9375,24.9375,-0.0875895
302,-28.24,-20.54,151.05,1.3111,9.98517,-0.3378,-0.0231264,21.36,21.36,-0.0833742,-0.0895,-3.3055,24.9375,24.9375,-0.0799035
303,-28.08,-20.06,151.6,1.2943,9.98527,-0.3386,-0.0235469,24.88,24.88,-0.0869165,-0.1015,-3.595,24.9375,24.9375,-0.0928298
304,-27.9,-19.6,152.1,1.2771,9.9854,-0.3466,-0.0241175,24.88,24.88,-0.0791927,-0.0605,-3.2605,24.9375,24.9375,-0.0819933
305,-27.72,-19.12,152.6,1.26,9.98522,-0.3374,-0.0233366,24.88,24.88,-0.09219,-0.118,-3.678,24.9375,24.9375,-0.0819997
306,-27.54,-18.66,153.1,1.2426,9.9831,-0.3564,-0.0249047,24.88,24.88,-0.0812968,-0.07575,-3.42,28.5,28.5,-0.0853772
307,-27.34,-18.2,153.6,1.2251,9.98527,-0.3438,-0.0235469,24.88,24.88,-0.0812968,-0.05625,-3.2295,24.9375,24.9375,-0.0775761
308,-27.14,-17.74,154.1,1.2082,9.9852,-0.3344,-0.0232765,28.48,28.48,-0.0846926,-0.0655,-3.469,24.9375,24.9375,-0.088816
309,-26.92,-17.3,154.6,1.1913,9.98529,-0.3376,-0.023637,24.88,24.88,-0.0768756,-0.0515,-3.16,24.9375,24.9375,-0.0802995
310,-26.72,-16.84,155.1,1.1748,9.98758,-0.3268,-0.0227302,24.88,24.88,-0.088155,-0.0985,-3.4915,21.375,21.375,-0.0796641
311,-26.48,-16.4,155.6,1.158,9.98539,-0.3428,-0.0240575,24.88,24.88,-0.0796055,-0.0705,-3.3315,24.9375,24.9375,-0.0879608
312,-26.26,-15.96,156.1,1.141,9.98763,-0.334,-0.0229704,21.36,21.36,-0.078953,-0.07075,-3.147,21.375,21.375,-0.0774261
313,-26.02,-15.52,156.6,1.1246,9.9876,-0.3272,-0.0228203,24.88,24.88,-0.0873027,-0.10175,-3.5555,21.375,21.375,-0.0815147
314,-25.76,-15.08,157.1,1.1078,9.98535,-0.3412,-0.0239073,21.36,21.36,-0.0767158,-0.07475,-3.1905,24.9375,24.9375,-0.0865684
315,-25.52,-14.64,157.65,1.0911,9.98503,-0.327,-0.0224956,21.36,21.36,-0.0808174,-0.07825,-3.193,24.9375,24.9375,-0.0805623
316,-25.26,-14.22,158.1,1.0748,9.98514,-0.3276,-0.0230062,24.88,24.88,-0.0859044,-0.10025,-3.54,24.9375,24.9375,-0.0874164
317,-24.98,-13.8,158.65,1.0581,9.98534,-0.3408,-0.0238472,24.88,24.88,-0.0798719,-0.068,-3.28,24.9375,24.9375,-0.0796803
318,-24.7,-13.38,159.15,1.0412,9.98518,-0.3358,-0.0231564,24.88,24.88,-0.0867301,-0.09175,-3.477,24.9375,24.9375,-0.0797449
319,-24.42,-12.98,159.65,1.0241,9.98535,-0.3434,-0.0238773,24.88,24.88,-0.0789796,-0.063,-3.297,24.9375,24.9375,-0.0860761
320,-24.14,-12.56,160.15,1.0073,9.98511,-0.3312,-0.022856,24.88,24.88,-0.0790329,-0.05225,-3.1605,24.9375,24.9375,-0.0781957
321,-23.84,-12.16,160.65,0.9909,9.98509,-0.3252,-0.022796,24.88,24.88,-0.0854117,-0.093,-3.475,24.9375,24.9375,-0.0846091
322,-23.54,-11.76,161.15,0.9743,9.98529,-0.3366,-0.023637,24.88,24.88,-0.0774882,-0.0585,-3.199,24.9375,24.9375,-0.0829536
323,-23.22,-11.36,161.65,0.9577,9.98757,-0.3278,-0.0226701,24.88,24.88,-0.0839202,-0.07725,-3.3365,21.375,21.375,-0.0803022
324,-22.92,-10.98,162.15,0.9412,9.98524,-0.3348,-0.0234267,24.88,24.88,-0.0822822,-0.082,-3.4165,24.9375,24.9375,-0.0933178
325,-22.6,-10.6,162.65,0.9244,9.98521,-0.3358,-0.0233066,21.36,21.36,-0.0795922,-0.0805,-3.2275,24.9375,24.9375,-0.0788962
326,-22.26,-10.22,163.15,0.9077,9.98519,-0.3334,-0.0232165,24.88,24.88,-0.0926827,-0.1295,-3.747,24.9375,24.9375,-0.0836156
327,-21.92,-9.86,163.65,0.8904,9.98308,-0.3564,-0.0248446,24.88,24.88,-0.0781673,-0.06125,-3.288,28.5,28.5,-0.080329
328,-21.58,-9.48,164.2,0.873,9.98514,-0.3378,-0.0230062,24.88,24.88,-0.0829214,-0.0615,-3.2625,24.9375,24.9375,-0.0775838
329,-21.24,-9.12,164.7,0.8563,9.9852,-0.3328,-0.0232465,28.48,28.48,-0.0796322,-0.0455,-3.3165,24.9375,24.9375,-0.0929078
330,-20.88,-8.78,165.2,0.8398,9.9876,-0.3264,-0.0228203,24.88,24.88,-0.0768756,-0.04825,-3.0975,21.375,21.375,-0.0791328
331,-20.52,-8.42,165.7,0.8237,9.98757,-0.3226,-0.0226701,24.88,24.88,-0.0922699,-0.13,-3.703,21.375,21.375,-0.0824275
332,-20.16,-8.08,166.2,0.8067,9.98554,-0.3514,-0.0246582,21.36,21.36,-0.0784336,-0.08625,-3.2935,24.9375,24.9375,-0.0878788
333,-19.78,-7.74,166.7,0.7894,9.98512,-0.3372,-0.0229161,21.36,21.36,-0.0817229,-0.07725,-3.2205,24.9375,24.9375,-0.0786876
334,-19.42,-7.42,167.2,0.7728,9.9852,-0.3334,-0.0232465,24.88,24.88,-0.0872228,-0.1035,-3.6085,24.9375,24.9375,-0.0872769
335,-19.04,-7.1,167.7,0.7558,9.9854,-0.3444,-0.0240875,24.88,24.88,-0.0779942,-0.0575,-3.2185,24.9375,24.9375,-0.0868284
336,-18.64,-6.78,168.2,0.7389,9.98512,-0.3324,-0.0229161,24.88,24.88,-0.0865836,-0.08725,-3.436,24.9375,24.9375,-0.0804264
337,-18.26,-6.46,168.7,0.722,9.9854,-0.3432,-0.0240875,24.88,24.88,-0.0861574,-0.10125,-3.585,24.9375,24.9375,-0.0900986
338,-17.86,-6.16,169.2,0.7046,9.9854,-0.3484,-0.0241175,24.88,24.88,-0.0797254,-0.059,-3.243,24.9375,24.9375,-0.0800576
339,-17.44,-5.88,169.7,0.6875,9.98521,-0.3376,-0.0233066,24.88,24.88,-0.0894201,-0.10325,-3.5895,24.9375,24.9375,-0.0817732
340,-17.04,-5.58,170.2,0.6703,9.98548,-0.3494,-0.0244179,24.88,24.88,-0.0793525,-0.06525,-3.3215,24.9375,24.9375,-0.0839207
341,-16.62,-5.3,170.75,0.6532,9.98516,-0.3358,-0.0230963,24.88,24.88,-0.0810571,-0.05775,-3.2125,24.9375,24.9375,-0.0750212
342,-16.22,-5.02,171.2,0.6366,9.98516,-0.3304,-0.0230963,24.88,24.88,-0.0832277,-0.0815,-3.415,24.9375,24.9375,-0.087328
343,-15.78,-4.76,171.75,0.6199,9.9852,-0.3326,-0.0232765,24.88,24.88,-0.0743187,-0.041,-3.0505,24.9375,24.9375,-0.07595
344,-15.36,-4.5,172.25,0.6037,9.98745,-0.3186,-0.0221596,24.88,24.88,-0.0866635,-0.09175,-3.421,21.375,21.375,-0.0774957
345,-14.94,-4.24,172.75,0.5874,9.98777,-0.3342,-0.023541,24.88,24.88,-0.0752509,-0.05375,-3.17,21.375,21.375,-0.0905085
346,-14.5,-4,173.25,0.571,9.98743,-0.3204,-0.0220695,21.36,21.36,-0.076809,-0.06175,-3.0225,21.375,21.375,-0.0771086
347,-14.06,-3.76,173.75,0.5552,9.98749,-0.3174,-0.0223098,21.36,21.36,-0.0898728,-0.14225,-3.672,21.375,21.375,-0.0844606
348,-13.62,-3.52,174.25,0.5385,9.98541,-0.344,-0.0241476,21.36,21.36,-0.0764095,-0.07775,-3.196,24.9375,24.9375,-0.0824215
349,-13.18,-3.3,174.75,0.5216,9.98503,-0.3304,-0.0225256,21.36,21.36,-0.0837471,-0.0895,-3.2915,24.9375,24.9375,-0.0789037
350,-12.72,-3.08,175.25,0.5051,9.98271,-0.3336,-0.0233124,24.88,24.88,-0.0817362,-0.08,-3.427,28.5,28.5,-0.0919648
351,-12.26,-2.86,175.75,0.4884,9.98518,-0.3334,-0.0231864,24.88,24.88,-0.0782073,-0.05475,-3.169,24.9375,24.9375,-0.081035
352,-11.82,-2.66,176.25,0.4719,9.98512,-0.3286,-0.0229161,28.48,28.48,-0.0913244,-0.10175,-3.6735,24.9375,24.9375,-0.0853984
353,-11.36,-2.46,176.75,0.4548,9.98303,-0.3518,-0.0246343,24.88,24.88,-0.0803513,-0.0735,-3.368,28.5,28.5,-0.0872537
354,-10.88,-2.28,177.3,0.4375,9.98523,-0.3418,-0.0233967,24.88,24.88,-0.0847059,-0.074,-3.3605,24.9375,24.9375,-0.078541
355,-10.42,-2.1,177.75,0.4204,9.98534,-0.3426,-0.0238472,28.48,28.48,-0.0865703,-0.0785,-3.585,24.9375,24.9375,-0.09022
356,-9.94,-1.94,178.3,0.4031,9.9854,-0.3468,-0.0240875,24.88,24.88,-0.0778344,-0.052,-3.1935,24.9375,24.9375,-0.0783064
357,-9.48,-1.76,178.8,0.3862,9.98764,-0.3328,-0.0230004,24.88,24.88,-0.0895665,-0.10225,-3.5575,21.375,21.375,-0.0834317
358,-9,-1.62,179.3,0.3691,9.98545,-0.3468,-0.0242977,24.88,24.88,-0.0775947,-0.0595,-3.263,24.9375,24.9375,-0.083695
359,-8.52,-1.46,179.8,0.3522,9.98761,-0.332,-0.0228503,21.36,21.36,-0.082735,-0.08425,-3.2525,21.375,21.375,-0.0799192
360,-8.04,-1.32,180.3,0.3356,9.98521,-0.3326,-0.0233066,24.88,24.88,-0.083028,-0.084,-3.436,24.9375,24.9375,-0.0912578
361,-7.56,-1.2,180.8,0.3188,9.98524,-0.3358,-0.0234267,21.36,21.36,-0.0792193,-0.08025,-3.2205,24.9375,24.9375,-0.0829094
362,-7.08,-1.08,181.3,0.3022,9.98517,-0.3324,-0.0231264,24.88,24.88,-0.0905919,-0.116,-3.642,24.9375,24.9375,-0.0785343
363,-6.58,-0.96,181.8,0.285,9.98303,-0.3526,-0.0246343,24.88,24.88,-0.0822156,-0.081,-3.437,28.5,28.5,-0.088856
364,-6.1,-0.86,182.3,0.2676,9.98525,-0.3434,-0.0234568,24.88,24.88,-0.0778078,-0.04375,-3.1275,24.9375,24.9375,-0.0749379
365,-5.6,-0.76,182.8,0.2509,9.98509,-0.328,-0.022796,28.48,28.48,-0.0881816,-0.08075,-3.5635,24.9375,24.9375,-0.081051
366,-5.12,-0.66,183.3,0.2341,9.98538,-0.3408,-0.0239974,24.88,24.88,-0.0742388,-0.045,-3.1115,24.9375,24.9375,-0.0887328
367,-4.62,-0.58,183.8,0.2175,9.98745,-0.3212,-0.0221296,24.88,24.88,-0.0803513,-0.05375,-3.1265,21.375,21.375,-0.0807434
368,-4.14,-0.52,184.3,0.2015,9.98762,-0.324,-0.0229104,24.88,24.88,-0.0881017,-0.11575,-3.639,21.375,21.375,-0.083913
369,-3.64,-0.44,184.8,0.1847,9.98542,-0.345,-0.0241776,21.36,21.36,-0.0800583,-0.09,-3.295,24.9375,24.9375,-0.0818108
370,-3.14,-0.38,185.35,0.1676,9.98516,-0.3378,-0.0230963,21.36,21.36,-0.0832144,-0.0905,-3.328,24.9375,24.9375,-0.084337
371,-2.64,-0.34,185.85,0.1508,9.98523,-0.3362,-0.0233666,24.88,24.88,-0.0811237,-0.07175,-3.3645,24.9375,24.9375,-0.0832023
372,-2.14,-0.3,186.35,0.134,9.9852,-0.3338,-0.0232765,24.88,24.88,-0.0836539,-0.0805,-3.3855,24.9375,24.9375,-0.0813737
373,-1.64,-0.26,186.85,0.1172,9.98528,-0.3378,-0.0235769,24.88,24.88,-0.0825086,-0.078,-3.3775,24.9375,24.9375,-0.100051
374,-1.14,-0.24,187.35,0.1003,9.98523,-0.3372,-0.0233967,24.88,24.88,-0.0806576,-0.0655,-3.281,24.9375,24.9375,-0.0620758
375,-0.64,-0.24,187.85,0.0836,9.9853,-0.3388,-0.023667,24.88,24.88,-0.0994876,-0.17025,-4.0165,24.9375,24.9375,-0.0243159
376,-0.14,-0.22,188.35,0.0656,9.98322,-0.3672,-0.0254154,24.88,24.88,-0.061428,0.00375,-2.6935,28.5,28.5,-0.0277881
0,0.36,-0.22,0.35,0.0489,9.98671,-0.2874,-0.0185257,24.88,24.88,-0.0245137,0.08575,-0.8845,21.375,21.375,-0.112689
1,0.86,-0.22,0.85,0.0382,9.99303,-0.1498,-0.0102573,28.48,28.48,-0.028016,0.10625,-0.695,10.6875,10.6875,-0.108907
2,1.36,-0.22,1.35,0.0323,9.9957,-0.1236,-0.0118754,21.36,21.36,-0.112658,-0.36425,-4.282,7.125,7.125,-0.118786
3,1.86,-0.22,1.85,0.0216,9.97778,-0.3004,-0.0236247,10.64,10.64,-0.108823,-0.40475,-4.17,35.625,35.625,-0.117027
4,2.36,-0.26,2.4,0.0034,9.96601,-0.4136,-0.0265433,7.12,7.12,-0.118411,-0.40425,-4.656,53.4375,53.4375,-0.120448
5,2.86,-0.3,2.9,-0.0188,9.95427,-0.4664,-0.0292881,35.6,35.6,-0.11648,-0.20125,-5.064,71.25,71.25,-0.0930567
6,3.34,-0.36,3.35,-0.0425,9.95475,-0.4776,-0.0308846,53.36,53.36,-0.119849,-0.09475,-5.059,71.25,71.25,-0.0850303
7,3.84,-0.42,3.85,-0.0665,9.9623,-0.475,-0.031042,71.2,71.2,-0.0922699,0.186,-3.914,60.5625,60.5625,-0.0866684
8,4.34,-0.5,4.4,-0.0887,9.97603,-0.4104,-0.0266069,71.2,71.2,-0.0843463,0.23575,-3.333,39.1875,39.1875,-0.0735132
9,4.82,-0.6,4.85,-0.1077,9.99047,-0.3574,-0.0243756,60.56,60.56,-0.0859444,0.13475,-3.483,17.8125,17.8125,-0.0794505
10,5.32,-0.68,5.4,-0.1251,10.0004,-0.3404,-0.0240814,39.12,39.12,-0.0728139,0.052,-2.996,3.5625,3.5625,-0.0815212
11,5.82,-0.78,5.9,-0.1414,10.0049,-0.3126,-0.021971,17.76,17.76,-0.0787533,-0.08525,-3.0225,-3.5625,-3.5625,-0.0779358
12,6.3,-0.88,6.4,-0.157,10.0025,-0.3144,-0.0224262,3.52,3.52,-0.0808573,-0.19825,-3.3155,0,0,-0.0864145
13,6.8,-1,6.9,-0.173,9.99509,-0.3252,-0.0227731,-3.6,-3.6,-0.0772351,-0.21625,-3.128,10.6875,10.6875,-0.076512
14,7.28,-1.12,7.4,-0.1892,9.98999,-0.3242,-0.0223342,0,0,-0.0857579,-0.23125,-3.449,17.8125,17.8125,-0.0833111
15,7.76,-1.24,7.9,-0.2058,9.98272,-0.3372,-0.0233425,10.64,10.64,-0.0758102,-0.13275,-3.1895,28.5,28.5,-0.0839652
16,8.24,-1.38,8.4,-0.2223,9.97997,-0.324,-0.0222364,17.76,17.76,-0.0826151,-0.10925,-3.2855,32.0625,32.0625,-0.0752147
17,8.72,-1.52,8.9,-0.2386,9.97767,-0.3296,-0.0231437,28.48,28.48,-0.0832943,-0.06925,-3.4635,35.625,35.625,-0.0856751
18,9.2,-1.68,9.4,-0.2553,9.98021,-0.3342,-0.0232882,32,32,-0.0744919,-0.00125,-3.049,32.0625,32.0625,-0.0750631
19,9.68,-1.82,9.95,-0.2716,9.98244,-0.3186,-0.0221106,35.6,35.6,-0.0849989,-0.02425,-3.373,28.5,28.5,-0.0815846
20,10.14,-2,10.4,-0.2878,9.9852,-0.3296,-0.0232765,32,32,-0.0743454,-0.00925,-3.124,24.9375,24.9375,-0.0893855
21,10.62,-2.18,10.95,-0.304,9.98743,-0.3172,-0.0220395,28.48,28.48,-0.080884,-0.04275,-3.1725,21.375,21.375,-0.0775883
22,11.08,-2.36,11.45,-0.3199,9.98763,-0.3256,-0.0229704,24.88,24.88,-0.0887409,-0.1205,-3.66,21.375,21.375,-0.0836374
23,11.54,-2.54,11.95,-0.3369,9.98791,-0.3466,-0.0241415,21.36,21.36,-0.0768756,-0.07475,-3.184,21.375,21.375,-0.0812712
24,12,-2.74,12.45,-0.3538,9.98754,-0.3308,-0.02255,21.36,21.36,-0.0829214,-0.08625,-3.287,21.375,21.375,-0.0774792
25,12.46,-2.94,12.95,-0.3703,9.98768,-0.3314,-0.0231806,21.36,21.36,-0.080591,-0.093,-3.366,21.375,21.375,-0.0934971
26,12.9,-3.16,13.45,-0.3869,9.98513,-0.329,-0.0229461,21.36,21.36,-0.076769,-0.0685,-3.1065,24.9375,24.9375,-0.0772058
27,13.36,-3.38,13.95,-0.4031,9.98507,-0.3242,-0.0226758,21.36,21.36,-0.0928691,-0.15125,-3.729,24.9375,24.9375,-0.0842858
28,13.8,-3.6,14.45,-0.4201,9.98304,-0.3522,-0.0246944,24.88,24.88,-0.0765027,-0.05775,-3.233,28.5,28.5,-0.0845621
29,14.24,-3.84,14.95,-0.4373,9.98507,-0.3338,-0.0227058,24.88,24.88,-0.0835873,-0.0645,-3.2635,24.9375,24.9375,-0.0779715
30,14.68,-4.08,15.45,-0.4539,9.98523,-0.3342,-0.0233967,28.48,28.48,-0.0838802,-0.0695,-3.506,24.9375,24.9375,-0.0915266
31,15.12,-4.34,15.95,-0.4708,9.98528,-0.3376,-0.0235769,24.88,24.88,-0.0772751,-0.05125,-3.146,24.9375,24.9375,-0.0807184
32,15.54,-4.6,16.45,-0.4874,9.9851,-0.3286,-0.022826,24.88,24.88,-0.0908849,-0.1145,-3.6225,24.9375,24.9375,-0.0809055
33,15.96,-4.86,16.95,-0.5044,9.98551,-0.35,-0.024538,24.88,24.88,-0.0800317,-0.07275,-3.365,24.9375,24.9375,-0.0833249
34,16.38,-5.14,17.5,-0.5217,9.98518,-0.3388,-0.0231864,24.88,24.88,-0.0802048,-0.05325,-3.1825,24.9375,24.9375,-0.0749053
35,16.8,-5.42,18,-0.5383,9.98762,-0.3294,-0.0229104,24.88,24.88,-0.0826418,-0.077,-3.391,21.375,21.375,-0.0880462
36,17.2,-5.7,18.5,-0.5548,9.98767,-0.3302,-0.0231206,24.88,24.88,-0.0742122,-0.04125,-3.053,21.375,21.375,-0.0810743
37,17.62,-6,19,-0.571,9.98745,-0.3174,-0.0221296,21.36,21.36,-0.0873826,-0.11575,-3.448,21.375,21.375,-0.0792179
38,18.02,-6.28,19.5,-0.5873,9.98533,-0.3376,-0.0238172,21.36,21.36,-0.0803912,-0.09825,-3.371,24.9375,24.9375,-0.0941587
39,18.42,-6.6,20,-0.6042,9.98514,-0.3346,-0.0230062,21.36,21.36,-0.0785002,-0.07125,-3.14,24.9375,24.9375,-0.0785348
40,18.8,-6.9,20.5,-0.6207,9.98513,-0.3296,-0.0229461,24.88,24.88,-0.0935217,-0.136,-3.8,24.9375,24.9375,-0.0845795
41,19.18,-7.22,21,-0.638,9.9831,-0.3562,-0.0249047,24.88,24.88,-0.0778344,-0.0615,-3.281,28.5,28.5,-0.0871803
42,19.56,-7.56,21.5,-0.6554,9.98514,-0.3378,-0.0229762,24.88,24.88,-0.0838802,-0.065,-3.2855,24.9375,24.9375,-0.0752497
43,19.94,-7.88,22,-0.6721,9.98528,-0.3374,-0.0236069,28.48,28.48,-0.0865037,-0.081,-3.6,24.9375,24.9375,-0.0852094
44,20.3,-8.22,22.5,-0.6893,9.98537,-0.3436,-0.0239674,24.88,24.88,-0.0745185,-0.03925,-3.0635,24.9375,24.9375,-0.0772219
45,20.66,-8.56,23,-0.7059,9.98747,-0.3226,-0.0222497,24.88,24.88,-0.0845061,-0.07425,-3.316,21.375,21.375,-0.079202
46,21.02,-8.92,23.5,-0.7222,9.9852,-0.3298,-0.0232765,24.88,24.88,-0.0765427,-0.058,-3.212,24.9375,24.9375,-0.0875996
47,21.38,-9.28,24.05,-0.7385,9.98749,-0.3212,-0.0223398,21.36,21.36,-0.0785002,-0.07275,-3.1055,21.375,21.375,-0.0779672
48,21.72,-9.64,24.55,-0.7545,9.98505,-0.3218,-0.0225857,24.88,24.88,-0.0869431,-0.106,-3.5455,24.9375,24.9375,-0.0851934
49,22.06,-10,25.05,-0.7711,9.98532,-0.3398,-0.0237871,21.36,21.36,-0.0772618,-0.07875,-3.2065,24.9375,24.9375,-0.0818099
50,22.4,-10.38,25.55,-0.7878,9.98505,-0.3296,-0.0226157,24.88,24.88,-0.0845061,-0.07825,-3.3565,24.9375,24.9375,-0.08023
51,22.72,-10.76,26.05,-0.8044,9.98525,-0.3358,-0.0234568,24.88,24.88,-0.0811237,-0.0765,-3.3885,24.9375,24.9375,-0.0915308
52,23.04,-11.14,26.55,-0.8212,9.98518,-0.3334,-0.0231564,24.88,24.88,-0.0795123,-0.0595,-3.2115,24.9375,24.9375,-0.077487
53,23.36,-11.52,27.05,-0.8377,9.98516,-0.331,-0.0230963,24.88,24.88,-0.0908849,-0.1205,-3.6805,24.9375,24.9375,-0.0858207
54,23.66,-11.92,27.55,-0.8549,9.9855,-0.351,-0.024508,24.88,24.88,-0.076769,-0.055,-3.2185,24.9375,24.9375,-0.0833608
55,23.96,-12.32,28.05,-0.872,9.98509,-0.333,-0.0227659,24.88,24.88,-0.0851187,-0.074,-3.3405,24.9375,24.9375,-0.0783564
56,24.26,-12.72,28.55,-0.8887,9.9853,-0.3374,-0.023667,24.88,24.88,-0.0826817,-0.084,-3.4595,24.9375,24.9375,-0.0935572
57,24.54,-13.14,29.05,-0.9056,9.98524,-0.337,-0.0234267,24.88,24.88,-0.077648,-0.0505,-3.14,24.9375,24.9375,-0.0786961
58,24.82,-13.54,29.55,-0.9222,9.98512,-0.3292,-0.0229161,24.88,24.88,-0.0929224,-0.128,-3.7255,24.9375,24.9375,-0.0819
59,25.1,-13.96,30.05,-0.9393,9.98557,-0.3542,-0.0248083,24.88,24.88,-0.0779942,-0.06275,-3.29,24.9375,24.9375,-0.0887402
60,25.36,-14.4,30.6,-0.9567,9.98512,-0.3366,-0.0229161,24.88,24.88,-0.0811902,-0.0535,-3.185,24.9375,24.9375,-0.0765048
61,25.62,-14.82,31.1,-0.9732,9.98519,-0.3314,-0.0232165,24.88,24.88,-0.0880884,-0.108,-3.6335,24.9375,24.9375,-0.0883743
62,25.88,-15.26,31.6,-0.9902,9.98541,-0.3448,-0.0241476,24.88,24.88,-0.0758102,-0.04875,-3.138,24.9375,24.9375,-0.0859537
63,26.12,-15.68,32.1,-1.007,9.98755,-0.3284,-0.0226101,24.88,24.88,-0.0876756,-0.09025,-3.443,21.375,21.375,-0.082841
64,26.36,-16.12,32.6,-1.0238,9.98541,-0.3432,-0.0241476,24.88,24.88,-0.0852785,-0.1,-3.575,24.9375,24.9375,-0.0904495
65,26.58,-16.58,33.1,-1.0411,9.98539,-0.3482,-0.0240575,21.36,21.36,-0.0821224,-0.0885,-3.316,24.9375,24.9375,-0.0770363
66,26.8,-17.02,33.6,-1.0584,9.9853,-0.3428,-0.023667,24.88,24.88,-0.0897663,-0.10775,-3.64,24.9375,24.9375,-0.0845327
67,27.02,-17.48,34.1,-1.0758,9.98299,-0.3522,-0.0244841,24.88,24.88,-0.0763296,-0.0485,-3.1975,28.5,28.5,-0.0839
68,27.22,-17.94,34.6,-1.0929,9.98507,-0.3302,-0.0227058,24.88,24.88,-0.0838403,-0.06725,-3.2875,24.9375,24.9375,-0.0751702
69,27.42,-18.38,35.1,-1.1094,9.98525,-0.3332,-0.0234868,28.48,28.48,-0.0832144,-0.067,-3.458,24.9375,24.9375,-0.086405
70,27.62,-18.86,35.6,-1.1262,9.98773,-0.3354,-0.0233608,24.88,24.88,-0.0744519,-0.03875,-3.026,21.375,21.375,-0.0785085
71,27.8,-19.32,36.1,-1.1425,9.98745,-0.319,-0.0221296,24.88,24.88,-0.085718,-0.08625,-3.396,21.375,21.375,-0.0808871
72,27.98,-19.78,36.6,-1.1588,9.98775,-0.3328,-0.0234809,21.36,21.36,-0.0778344,-0.08475,-3.2635,21.375,21.375,-0.0929496
73,28.14,-20.26,37.15,-1.1753,9.98755,-0.3266,-0.02258,21.36,21.36,-0.0801782,-0.07975,-3.182,21.375,21.375,-0.0782092
74,28.3,-20.74,37.65,-1.1916,9.98516,-0.33,-0.0230963,21.36,21.36,-0.0923365,-0.154,-3.7785,24.9375,24.9375,-0.0852126
75,28.44,-21.2,38.1,-1.2089,9.98305,-0.3552,-0.0247244,21.36,21.36,-0.0775148,-0.07825,-3.2465,28.5,28.5,-0.0774358
76,28.6,-21.68,38.65,-1.2262,9.98262,-0.3366,-0.0228918,24.88,24.88,-0.0845195,-0.0695,-3.325,28.5,28.5,-0.0773296
77,28.72,-22.16,39.15,-1.243,9.98273,-0.3348,-0.0233725,28.48,28.48,-0.0767424,-0.03375,-3.23,28.5,28.5,-0.088534
78,28.86,-22.66,39.65,-1.2594,9.985,-0.321,-0.0223754,28.48,28.48,-0.0766492,-0.024,-3.0465,24.9375,24.9375,-0.0790079
79,28.98,-23.14,40.15,-1.2752,9.9875,-0.3168,-0.0223698,28.48,28.48,-0.0878753,-0.08925,-3.5485,21.375,21.375,-0.0853073
80,29.08,-23.62,40.65,-1.2917,9.98786,-0.3398,-0.0239313,24.88,24.88,-0.0783271,-0.06675,-3.2545,21.375,21.375,-0.0830371
81,29.2,-24.12,41.15,-1.3085,9.98761,-0.333,-0.0228503,21.36,21.36,-0.0846127,-0.098,-3.3575,21.375,21.375,-0.0803469
82,29.28,-24.6,41.65,-1.3253,9.98527,-0.3382,-0.0235469,21.36,21.36,-0.0823488,-0.1005,-3.435,24.9375,24.9375,-0.0895506
83,29.38,-25.1,42.15,-1.3422,9.98523,-0.3372,-0.0233666,21.36,21.36,-0.0796455,-0.0795,-3.233,24.9375,24.9375,-0.0824099
84,29.46,-25.6,42.7,-1.3589,9.98516,-0.3322,-0.0230963,24.88,24.88,-0.0888874,-0.10725,-3.5925,24.9375,24.9375,-0.0847421
85,29.52,-26.08,43.15,-1.3759,9.98546,-0.3484,-0.0243578,24.88,24.88,-0.0817096,-0.07775,-3.4005,24.9375,24.9375,-0.0852362
86,29.58,-26.58,43.65,-1.3932,9.98527,-0.3424,-0.0235469,24.88,24.88,-0.08404,-0.0745,-3.366,24.9375,24.9375,-0.0773455
87,29.64,-27.08,44.2,-1.4103,9.98531,-0.3414,-0.0237271,24.88,24.88,-0.0845328,-0.086,-3.4825,24.9375,24.9375,-0.0899843
88,29.68,-27.58,44.7,-1.4274,9.9853,-0.3408,-0.023697,24.88,24.88,-0.0766359,-0.04675,-3.1395,24.9375,24.9375,-0.0808244
89,29.72,-28.08,45.2,-1.444,9.98508,-0.327,-0.0227359,24.88,24.88,-0.0893268,-0.10375,-3.548,24.9375,24.9375,-0.0793174
90,29.74,-28.58,45.7,-1.4609,9.98545,-0.3452,-0.0242977,24.88,24.88,-0.0801382,-0.0735,-3.3585,24.9375,24.9375,-0.087725
91,29.76,-29.08,46.2,-1.478,9.98516,-0.3364,-0.0230963,24.88,24.88,-0.0786068,-0.0485,-3.127,24.9375,24.9375,-0.0731395
92,29.78,-29.58,46.7,-1.4945,9.98509,-0.327,-0.022796,24.88,24.88,-0.087063,-0.099,-3.54,24.9375,24.9375,-0.112295
93,29.78,-30.08,47.2,-1.5112,9.98531,-0.3386,-0.0237271,24.88,24.88,-0.0724144,-0.03675,-3.032,24.9375,24.9375,-0.0903889
94,29.78,-30.58,47.7,-1.5276,9.98759,-0.3274,-0.0227902,24.88,24.88,-0.111832,-0.242,-4.3695,21.375,21.375,-0.0827634
95,29.76,-31.08,48.2,-1.5458,9.97881,-0.3936,-0.0276521,24.88,24.88,-0.089753,-0.1275,-3.8315,35.625,35.625,-0.0808372
96,29.72,-31.58,48.7,-1.5654,9.98071,-0.3832,-0.0253616,21.36,21.36,-0.0820292,-0.0625,-3.245,32.0625,32.0625,-0.0680516
97,29.7,-32.08,49.2,-1.5837,9.98275,-0.3482,-0.0234927,35.6,35.6,-0.0800983,0.013,-3.296,28.5,28.5,-0.0740436
98,29.66,-32.58,49.75,-1.6005,9.98507,-0.324,-0.0227058,32,32,-0.067394,0.03125,-2.7845,24.9375,24.9375,-0.0830773
99,29.6,-33.06,50.2,-1.6158,9.98961,-0.2906,-0.0205328,28.48,28.48,-0.0733866,-0.00775,-2.805,17.8125,17.8125,-0.0727065
100,29.56,-33.56,50.7,-1.6302,9.99226,-0.293,-0.0212781,24.88,24.88,-0.082442,-0.09525,-3.3535,14.25,14.25,-0.0863074
101,29.48,-34.06,51.25,-1.6456,9.99005,-0.3186,-0.0226044,17.76,17.76,-0.0720149,-0.08375,-2.9565,17.8125,17.8125,-0.0781405
102,29.42,-34.56,51.75,-1.6614,9.98979,-0.312,-0.0214035,14.24,14.24,-0.0856381,-0.149,-3.371,17.8125,17.8125,-0.0800275
103,29.34,-35.06,52.25,-1.6775,9.98517,-0.3314,-0.0231264,17.76,17.76,-0.0774482,-0.1075,-3.297,24.9375,24.9375,-0.0929546
104,29.26,-35.54,52.75,-1.6939,9.985,-0.3258,-0.0223754,17.76,17.76,-0.0793259,-0.09675,-3.1715,24.9375,24.9375,-0.0802142
105,29.16,-36.04,53.25,-1.7102,9.98262,-0.3276,-0.0228918,24.88,24.88,-0.0923365,-0.1355,-3.788,28.5,28.5,-0.0870208
106,29.06,-36.52,53.75,-1.7273,9.98056,-0.3546,-0.0247607,24.88,24.88,-0.0795256,-0.06925,-3.332,32.0625,32.0625,-0.085119
107,28.94,-37,54.25,-1.7448,9.98271,-0.3418,-0.0233124,28.48,28.48,-0.0863039,-0.06025,-3.417,28.5,28.5,-0.077661
108,28.82,-37.5,54.75,-1.7619,9.98288,-0.3446,-0.0240334,32,32,-0.0844262,-0.0495,-3.528,28.5,28.5,-0.0924062
109,28.68,-37.98,55.25,-1.7791,9.98532,-0.3426,-0.0237871,28.48,28.48,-0.0769555,-0.0255,-3.1285,24.9375,24.9375,-0.0768892
110,28.54,-38.46,55.75,-1.7958,9.98761,-0.3288,-0.0228803,28.48,28.48,-0.0917638,-0.09725,-3.6505,21.375,21.375,-0.0797142
111,28.4,-38.94,56.25,-1.8129,9.98552,-0.3498,-0.0245981,24.88,24.88,-0.0761831,-0.05475,-3.2165,24.9375,24.9375,-0.0851066
112,28.24,-39.42,56.8,-1.8299,9.98753,-0.3296,-0.02252,21.36,21.36,-0.0790063,-0.0635,-3.078,21.375,21.375,-0.0766359
113,28.08,-39.88,57.25,-1.8461,9.98755,-0.3224,-0.0226101,24.88,24.88,-0.0844529,-0.09125,-3.4765,21.375,21.375,-0.0875768
114,27.92,-40.36,57.8,-1.8625,9.98774,-0.333,-0.0234209,21.36,21.36,-0.0759567,-0.0715,-3.1265,21.375,21.375,-0.0866711
115,27.74,-40.82,58.3,-1.8789,9.98751,-0.324,-0.0224299,21.36,21.36,-0.0868899,-0.1125,-3.4385,21.375,21.375,-0.0823646
116,27.56,-41.28,58.8,-1.8955,9.98537,-0.3414,-0.0239674,21.36,21.36,-0.0859976,-0.12425,-3.592,24.9375,24.9375,-0.089397
117,27.36,-41.74,59.3,-1.9129,9.9829,-0.3492,-0.0240935,21.36,21.36,-0.0816696,-0.088,-3.3195,28.5,28.5,-0.0773066
118,27.16,-42.2,59.8,-1.9301,9.98277,-0.3422,-0.0235528,24.88,24.88,-0.0887276,-0.101,-3.596,28.5,28.5,-0.0863224
119,26.96,-42.66,60.3,-1.9475,9.98294,-0.3492,-0.0242738,28.48,28.48,-0.0766092,-0.03,-3.2075,28.5,28.5,-0.0863982
120,26.74,-43.12,60.8,-1.9644,9.98509,-0.33,-0.0227659,28.48,28.48,-0.0856248,-0.0585,-3.3675,24.9375,24.9375,-0.0803941
121,26.52,-43.56,61.3,-1.9811,9.98535,-0.3386,-0.0238773,28.48,28.48,-0.0857446,-0.08025,-3.562,24.9375,24.9375,-0.0905407
122,26.28,-44,61.8,-1.9983,9.98538,-0.3456,-0.0240274,24.88,24.88,-0.0796987,-0.06025,-3.234,24.9375,24.9375,-0.0771537
123,26.04,-44.44,62.3,-2.0153,9.9877,-0.337,-0.0232707,24.88,24.88,-0.0898861,-0.10675,-3.606,21.375,21.375,-0.0785529
124,25.8,-44.88,62.8,-2.0325,9.98547,-0.3496,-0.0243879,24.88,24.88,-0.0764494,-0.052,-3.2155,24.9375,24.9375,-0.0896176
125,25.54,-45.3,63.3,-2.0495,9.98753,-0.3282,-0.0224899,21.36,21.36,-0.0778344,-0.06025,-3.057,21.375,21.375,-0.0756184
126,25.28,-45.74,63.85,-2.0656,9.98755,-0.3208,-0.0226101,24.88,24.88,-0.0889673,-0.11475,-3.6325,21.375,21.375,-0.0860412
127,25.02,-46.16,64.35,-2.0823,9.9854,-0.3422,-0.0240875,21.36,21.36,-0.074918,-0.069,-3.12,24.9375,24.9375,-0.0820611
128,24.74,-46.58,64.85,-2.099,9.98499,-0.326,-0.0223454,21.36,21.36,-0.0853584,-0.09725,-3.333,24.9375,24.9375,-0.0787765
129,24.46,-46.98,65.35,-2.1155,9.98526,-0.3354,-0.0235168,24.88,24.88,-0.0813767,-0.081,-3.426,24.9375,24.9375,-0.090511
130,24.16,-47.4,65.85,-2.1323,9.98518,-0.3342,-0.0231564,24.88,24.88,-0.0780741,-0.0525,-3.1455,24.9375,24.9375,-0.0768815
131,23.88,-47.8,66.35,-2.1487,9.98509,-0.3276,-0.022796,24.88,24.88,-0.0898462,-0.113,-3.623,24.9375,24.9375,-0.0847556
132,23.56,-48.2,66.85,-2.1657,9.98544,-0.3464,-0.0242677,24.88,24.88,-0.0761831,-0.054,-3.2015,24.9375,24.9375,-0.0812151
133,23.26,-48.6,67.35,-2.1826,9.98505,-0.3296,-0.0225857,24.88,24.88,-0.0840534,-0.0705,-3.295,24.9375,24.9375,-0.0792972
134,22.94,-48.98,67.85,-2.1991,9.98523,-0.3332,-0.0233666,24.88,24.88,-0.0805111,-0.074,-3.3665,24.9375,24.9375,-0.0904828
135,22.62,-49.36,68.35,-2.2157,9.98515,-0.3306,-0.0230362,24.88,24.88,-0.0785801,-0.05575,-3.164,24.9375,24.9375,-0.0794531
136,22.3,-49.74,68.85,-2.2321,9.98511,-0.3276,-0.0228861,24.88,24.88,-0.0898196,-0.11525,-3.6265,24.9375,24.9375,-0.0842654
137,21.96,-50.12,69.4,-2.2491,9.98545,-0.348,-0.0243278,24.88,24.88,-0.0787399,-0.0655,-3.292,24.9375,24.9375,-0.0861581
138,21.62,-50.48,69.85,-2.2662,9.98514,-0.336,-0.0230062,24.88,24.88,-0.0835606,-0.06975,-3.311,24.9375,24.9375,-0.0792218
139,21.28,-50.84,70.35,-2.283,9.98527,-0.3372,-0.0235469,24.88,24.88,-0.0854783,-0.095,-3.5415,24.9375,24.9375,-0.0924733
140,20.92,-51.2,70.9,-2.3,9.98535,-0.3428,-0.0238773,24.88,24.88,-0.0785269,-0.057,-3.2145,24.9375,24.9375,-0.0824285
141,20.56,-51.54,71.4,-2.3169,9.98518,-0.334,-0.0231564,24.88,24.88,-0.0918171,-0.11775,-3.6655,24.9375,24.9375,-0.0793538
142,20.2,-51.88,71.9,-2.3341,9.98557,-0.3546,-0.0248083,24.88,24.88,-0.0817362,-0.07925,-3.4345,24.9375,24.9375,-0.0890881
143,19.82,-52.22,72.4,-2.3517,9.98525,-0.3436,-0.0234868,24.88,24.88,-0.0786334,-0.0455,-3.139,24.9375,24.9375,-0.0752231
144,19.44,-52.54,72.9,-2.3684,9.98763,-0.3298,-0.0229404,24.88,24.88,-0.0884213,-0.1025,-3.584,21.375,21.375,-0.0814621
145,19.06,-52.86,73.4,-2.3853,9.9854,-0.3426,-0.0240875,24.88,24.88,-0.0745052,-0.04525,-3.1165,24.9375,24.9375,-0.0830918
146,18.68,-53.18,73.9,-2.4019,9.98746,-0.3224,-0.0221896,21.36,21.36,-0.0807774,-0.0745,-3.145,21.375,21.375,-0.0771305
147,18.28,-53.5,74.4,-2.418,9.98759,-0.3234,-0.0227902,24.88,24.88,-0.0824154,-0.08525,-3.4175,21.375,21.375,-0.0870123
148,17.9,-53.8,74.9,-2.4344,9.98517,-0.3304,-0.0231264,21.36,21.36,-0.0764228,-0.071,-3.1125,24.9375,24.9375,-0.0810612
149,17.5,-54.1,75.4,-2.4507,9.98501,-0.323,-0.0224055,21.36,21.36,-0.0863305,-0.1125,-3.447,24.9375,24.9375,-0.0861113
150,17.08,-54.4,75.95,-2.4672,9.9853,-0.3382,-0.023697,24.88,24.88,-0.0803912,-0.07575,-3.3615,24.9375,24.9375,-0.0912345
151,16.68,-54.68,76.4,-2.4841,9.98519,-0.3362,-0.0232165,24.88,24.88,-0.0854117,-0.086,-3.4245,24.9375,24.9375,-0.0806926
152,16.26,-54.96,76.95,-2.5011,9.98289,-0.3454,-0.0240635,24.88,24.88,-0.0906053,-0.122,-3.7385,28.5,28.5,-0.0883318
153,15.84,-55.22,77.4,-2.5188,9.98307,-0.3586,-0.0247845,24.88,24.88,-0.0799784,-0.06225,-3.3095,28.5,28.5,-0.0787268
154,15.4,-55.48,77.95,-2.5363,9.98525,-0.3424,-0.0234568,28.48,28.48,-0.0876489,-0.0675,-3.4925,24.9375,24.9375,-0.0757095
155,14.98,-55.74,78.45,-2.5535,9.9854,-0.3454,-0.0241175,28.48,28.48,-0.0780208,-0.037,-3.269,24.9375,24.9375,-0.0896406
156,14.54,-55.98,78.95,-2.5704,9.98757,-0.3278,-0.0226701,24.88,24.88,-0.0750245,-0.0325,-2.9745,21.375,21.375,-0.0746825
157,14.1,-56.22,79.45,-2.5863,9.98747,-0.3152,-0.0222197,24.88,24.88,-0.0890072,-0.11075,-3.572,21.375,21.375,-0.0825949
158,13.66,-56.46,79.95,-2.6028,9.98787,-0.3388,-0.0239614,21.36,21.36,-0.0739858,-0.06825,-3.1035,21.375,21.375,-0.0823323
159,13.22,-56.68,80.45,-2.6193,9.98743,-0.3222,-0.0220395,21.36,21.36,-0.081896,-0.0805,-3.181,21.375,21.375,-0.0780828
160,12.76,-56.9,80.95,-2.6354,9.98511,-0.326,-0.022856,21.36,21.36,-0.081643,-0.10225,-3.4165,24.9375,24.9375,-0.0926712
161,12.32,-57.12,81.45,-2.6519,9.98515,-0.3304,-0.0230362,21.36,21.36,-0.0773816,-0.074,-3.144,24.9375,24.9375,-0.0821185
162,11.86,-57.32,81.95,-2.6682,9.98508,-0.3268,-0.0227359,24.88,24.88,-0.0920435,-0.1265,-3.698,24.9375,24.9375,-0.084461
163,11.4,-57.52,82.45,-2.6853,9.98305,-0.3534,-0.0247244,24.88,24.88,-0.0814166,-0.08025,-3.427,28.5,28.5,-0.0882728
164,10.94,-57.7,82.95,-2.7028,9.98276,-0.3448,-0.0235227,24.88,24.88,-0.0837471,-0.06925,-3.335,28.5,28.5,-0.0774146
165,10.46,-57.88,83.5,-2.7199,9.98282,-0.342,-0.0237631,28.48,28.48,-0.0875823,-0.08175,-3.615,28.5,28.5,-0.0886532
166,10,-58.04,83.95,-2.7372,9.98543,-0.3478,-0.0242076,28.48,28.48,-0.0767158,-0.02825,-3.1685,24.9375,24.9375,-0.0808004
167,9.52,-58.22,84.5,-2.7541,9.9876,-0.3302,-0.0228203,28.48,28.48,-0.0879685,-0.072,-3.471,21.375,21.375,-0.0816828
168,9.04,-58.36,85,-2.771,9.9879,-0.3424,-0.0240815,24.88,24.88,-0.0801116,-0.07225,-3.3585,21.375,21.375,-0.0836139
169,8.56,-58.52,85.5,-2.7879,9.98768,-0.3354,-0.0231806,21.36,21.36,-0.0809772,-0.08025,-3.2195,21.375,21.375,-0.0781651
170,8.08,-58.66,86,-2.8046,9.98766,-0.3312,-0.0230605,21.36,21.36,-0.0829347,-0.099,-3.3945,21.375,21.375,-0.0884292
171,7.6,-58.78,86.5,-2.8212,9.9852,-0.3336,-0.0232765,21.36,21.36,-0.0774615,-0.07425,-3.1755,24.9375,24.9375,-0.0829225
172,7.12,-58.92,87,-2.8377,9.98507,-0.3264,-0.0227058,21.36,21.36,-0.0877555,-0.11925,-3.5065,24.9375,24.9375,-0.080129
173,6.64,-59.02,87.5,-2.8544,9.98289,-0.3436,-0.0240635,24.88,24.88,-0.0822556,-0.0835,-3.4305,28.5,28.5,-0.0873248
174,6.14,-59.14,88,-2.8716,9.98523,-0.3404,-0.0233967,24.88,24.88,-0.0794324,-0.055,-3.2,24.9375,24.9375,-0.078453
175,5.66,-59.24,88.5,-2.8883,9.98514,-0.3314,-0.0229762,28.48,28.48,-0.0866502,-0.07475,-3.5185,24.9375,24.9375,-0.0819386
176,5.16,-59.32,89,-2.9052,9.98535,-0.3408,-0.0238773,24.88,24.88,-0.0777545,-0.05825,-3.231,24.9375,24.9375,-0.0881998
177,4.68,-59.4,89.5,-2.9219,9.98757,-0.3286,-0.0227002,24.88,24.88,-0.0812568,-0.062,-3.2215,21.375,21.375,-0.0760992
178,4.18,-59.48,90,-2.9383,9.98518,-0.3302,-0.0231864,24.88,24.88,-0.0875557,-0.1075,-3.5935,24.9375,24.9375,-0.0846534
179,3.68,-59.54,90.55,-2.9553,9.98538,-0.3438,-0.0239974,21.36,21.36,-0.0753708,-0.06625,-3.12,24.9375,24.9375,-0.0781768
180,3.18,-59.6,91.05,-2.972,9.98499,-0.3258,-0.0223454,24.88,24.88,-0.0839735,-0.072,-3.306,24.9375,24.9375,-0.0767231
181,2.68,-59.66,91.55,-2.9884,9.98519,-0.3304,-0.0232165,24.88,24.88,-0.0774748,-0.061,-3.2495,24.9375,24.9375,-0.0925528
182,2.18,-59.7,92.05,-3.0047,9.98751,-0.322,-0.0223999,24.88,24.88,-0.0760233,-0.04325,-3.035,21.375,21.375,-0.0808341
183,1.7,-59.74,92.55,-3.0206,9.9875,-0.3184,-0.0223698,24.88,24.88,-0.0919369,-0.13125,-3.7115,21.375,21.375,-0.0884951
184,1.2,-59.76,93.05,-3.0374,9.98552,-0.3498,-0.0245981,21.36,21.36,-0.0801382,-0.09625,-3.362,24.9375,24.9375,-0.0848718
185,0.7,-59.78,93.55,-3.0547,9.98523,-0.3432,-0.0233666,21.36,21.36,-0.0878087,-0.10975,-3.4805,24.9375,24.9375,-0.0804182
186,0.2,-59.78,94.05,-3.0721,9.98293,-0.3496,-0.0242437,24.88,24.88,-0.0841865,-0.08775,-3.5335,28.5,28.5,-0.0905037
187,-0.3,-59.78,94.55,-3.0895,9.98284,-0.3454,-0.0238532,24.88,24.88,-0.0797254,-0.05575,-3.2345,28.5,28.5,-0.0779833
188,-0.8,-59.76,95.05,-3.1064,9.9852,-0.335,-0.0232765,28.48,28.48,-0.0898329,-0.088,-3.615,24.9375,24.9375,-0.0797397
189,-1.3,-59.74,95.55,-3.1236,9.98548,-0.349,-0.0244479,28.48,28.48,-0.0772751,-0.03575,-3.231,24.9375,24.9375,-0.0807047
190,-1.8,-59.72,96.05,-3.1406,9.98757,-0.3304,-0.0227002,24.88,24.88,-0.0790329,-0.0465,-3.1085,21.375,21.375,-0.0766418
191,-2.3,-59.68,96.55,3.1263,9.98754,-0.3216,-0.02255,24.88,24.88,-0.080005,-0.0675,-3.2845,21.375,21.375,-0.0898661
192,-2.8,-59.64,97.05,3.1102,9.98757,-0.3222,-0.0226701,21.36,21.36,-0.0759434,-0.0695,-3.088,21.375,21.375,-0.0811629
193,-3.3,-59.6,97.6,3.0943,9.9875,-0.3194,-0.0223698,21.36,21.36,-0.0892203,-0.13225,-3.561,21.375,21.375,-0.0835218
194,-3.8,-59.54,98.1,3.0776,9.9854,-0.3444,-0.0241175,21.36,21.36,-0.0804578,-0.09725,-3.372,24.9375,24.9375,-0.0923031
195,-4.3,-59.48,98.6,3.0605,9.98518,-0.3392,-0.0231864,21.36,21.36,-0.0828149,-0.0885,-3.3095,24.9375,24.9375,-0.0817127
196,-4.78,-59.4,99.1,3.0436,9.98279,-0.34,-0.0236429,24.88,24.88,-0.0916706,-0.1265,-3.776,28.5,28.5,-0.0868426
197,-5.28,-59.3,99.6,3.0261,9.9831,-0.3582,-0.0249347,24.88,24.88,-0.0810038,-0.07075,-3.368,28.5,28.5,-0.0848962
198,-5.78,-59.22,100.1,3.0085,9.98278,-0.345,-0.0236128,28.48,28.48,-0.0861441,-0.0595,-3.4275,28.5,28.5,-0.0799586
199,-6.26,-59.12,100.6,2.9912,9.9829,-0.3456,-0.0241236,28.48,28.48,-0.0842132,-0.06525,-3.498,28.5,28.5,-0.0868424
200,-6.74,-59,101.1,2.974,9.98534,-0.343,-0.0238472,28.48,28.48,-0.079246,-0.0355,-3.212,24.9375,24.9375,-0.0761212
201,-7.24,-58.88,101.6,2.9571,9.98766,-0.3322,-0.0230905,28.48,28.48,-0.0861574,-0.06875,-3.456,21.375,21.375,-0.0819058
202,-7.72,-58.76,102.1,2.9403,9.98781,-0.3388,-0.0237211,24.88,24.88,-0.0754107,-0.0475,-3.1385,21.375,21.375,-0.0862764
203,-8.2,-58.62,102.6,2.9238,9.98748,-0.3222,-0.0222797,21.36,21.36,-0.0812036,-0.08025,-3.194,21.375,21.375,-0.0761577
204,-8.68,-58.48,103.1,2.9077,9.98764,-0.3264,-0.0230004,21.36,21.36,-0.0856114,-0.12025,-3.5285,21.375,21.375,-0.0858324
205,-9.16,-58.34,103.65,2.8909,9.98528,-0.3388,-0.0236069,21.36,21.36,-0.075464,-0.06725,-3.104,24.9375,24.9375,-0.0804479
206,-9.64,-58.18,104.15,2.8744,9.98749,-0.3244,-0.0223098,21.36,21.36,-0.0851453,-0.10075,-3.3745,21.375,21.375,-0.0809801
207,-10.1,-58.02,104.65,2.8579,9.98525,-0.3342,-0.0234568,24.88,24.88,-0.0797787,-0.07275,-3.347,24.9375,24.9375,-0.0933034
208,-10.58,-57.84,105.15,2.8413,9.98513,-0.331,-0.0229461,21.36,21.36,-0.0802847,-0.0815,-3.216,24.9375,24.9375,-0.0791657
209,-11.04,-57.66,105.65,2.8248,9.98519,-0.3324,-0.0232165,24.88,24.88,-0.0926694,-0.1335,-3.7735,24.9375,24.9375,-0.085116
210,-11.5,-57.46,106.15,2.8074,9.98309,-0.3566,-0.0248746,24.88,24.88,-0.0784336,-0.06225,-3.2865,28.5,28.5,-0.0788453
211,-11.96,-57.26,106.65,2.79,9.98516,-0.3392,-0.0230663,24.88,24.88,-0.0844129,-0.06875,-3.326,24.9375,24.9375,-0.0740068
212,-12.42,-57.06,107.15,2.7732,9.98525,-0.3362,-0.0234568,28.48,28.48,-0.0781274,-0.03875,-3.272,24.9375,24.9375,-0.0901246
213,-12.88,-56.86,107.65,2.7566,9.98753,-0.3234,-0.02252,24.88,24.88,-0.0733333,-0.0305,-2.9365,21.375,21.375,-0.0813418
214,-13.32,-56.64,108.15,2.7409,9.9874,-0.3108,-0.0219194,24.88,24.88,-0.0894866,-0.1135,-3.5635,21.375,21.375,-0.0857579
215,-13.76,-56.4,108.65,2.7246,9.98541,-0.3406,-0.0241476,21.36,21.36,-0.0806576,-0.10225,-3.379,24.9375,24.9375,-0.0851696
216,-14.2,-56.18,109.15,2.7075,9.98521,-0.34,-0.0233066,21.36,21.36,-0.0850521,-0.1005,-3.3795,24.9375,24.9375,-0.0785471
217,-14.64,-55.94,109.65,2.6904,9.98282,-0.3436,-0.0237631,24.88,24.88,-0.0844795,-0.08825,-3.515,28.5,28.5,-0.0901373
218,-15.08,-55.68,110.2,2.6732,9.9853,-0.3426,-0.023697,24.88,24.88,-0.0778344,-0.051,-3.191,24.9375,24.9375,-0.0832754
219,-15.5,-55.42,110.7,2.6565,9.98513,-0.3302,-0.0229461,28.48,28.48,-0.08946,-0.0855,-3.5755,24.9375,24.9375,-0.0802968
220,-15.94,-55.16,111.2,2.6395,9.98548,-0.3478,-0.0244479,24.88,24.88,-0.0826018,-0.08425,-3.4505,24.9375,24.9375,-0.0870937
221,-16.36,-54.88,111.7,2.6222,9.98528,-0.343,-0.0235769,24.88,24.88,-0.0795922,-0.0535,-3.189,24.9375,24.9375,-0.0774531
222,-16.76,-54.6,112.2,2.6054,9.98516,-0.3322,-0.0230663,24.88,24.88,-0.0863971,-0.092,-3.505,24.9375,24.9375,-0.0854535
223,-17.18,-54.32,112.7,2.5885,9.98534,-0.3402,-0.0238472,24.88,24.88,-0.0767424,-0.0535,-3.188,24.9375,24.9375,-0.0830117
224,-17.58,-54.04,113.2,2.5718,9.98756,-0.3272,-0.0226401,24.88,24.88,-0.0847725,-0.079,-3.347,21.375,21.375,-0.079094
225,-17.98,-53.74,113.7,2.5553,9.98528,-0.3358,-0.0235769,24.88,24.88,-0.0823355,-0.08325,-3.4255,24.9375,24.9375,-0.0900463
226,-18.38,-53.42,114.2,2.5384,9.98521,-0.3364,-0.0233066,21.36,21.36,-0.0783937,-0.074,-3.1715,24.9375,24.9375,-0.0764039
227,-18.78,-53.12,114.7,2.5219,9.98511,-0.3294,-0.0228861,24.88,24.88,-0.0893934,-0.1095,-3.6005,24.9375,24.9375,-0.0841203
228,-19.16,-52.8,115.2,2.5049,9.98542,-0.346,-0.0241776,24.88,24.88,-0.0757037,-0.05125,-3.1815,24.9375,24.9375,-0.0896851
229,-19.54,-52.48,115.7,2.4881,9.98752,-0.3278,-0.0224599,24.88,24.88,-0.0834408,-0.0675,-3.2695,21.375,21.375,-0.0803738
230,-19.92,-52.14,116.25,2.4716,9.98526,-0.334,-0.0235168,24.88,24.88,-0.0890339,-0.11925,-3.698,24.9375,24.9375,-0.0869099
231,-20.28,-51.8,116.75,2.4544,9.98548,-0.351,-0.0244479,21.36,21.36,-0.0796721,-0.08375,-3.273,24.9375,24.9375,-0.0780835
232,-20.64,-51.46,117.25,2.4371,9.98519,-0.3392,-0.0232165,24.88,24.88,-0.0862107,-0.08325,-3.4385,24.9375,24.9375,-0.0763404
233,-21,-51.1,117.75,2.4201,9.98532,-0.3416,-0.0237871,24.88,24.88,-0.0773816,-0.055,-3.2415,24.9375,24.9375,-0.0866395
234,-21.36,-50.76,118.25,2.4034,9.98503,-0.325,-0.0224956,24.88,24.88,-0.0756371,-0.037,-3.0075,24.9375,24.9375,-0.0793253
235,-21.7,-50.4,118.75,2.3875,9.98745,-0.3148,-0.0221596,24.88,24.88,-0.0859843,-0.0965,-3.465,21.375,21.375,-0.0862145
236,-22.04,-50.02,119.25,2.3713,9.98528,-0.3338,-0.0236069,24.88,24.88,-0.0786334,-0.069,-3.26,24.9375,24.9375,-0.0826396
237,-22.38,-49.66,119.75,2.3546,9.98511,-0.3314,-0.0228861,21.36,21.36,-0.0855315,-0.106,-3.402,24.9375,24.9375,-0.0810133
238,-22.7,-49.28,120.25,2.3378,9.9853,-0.3406,-0.023667,24.88,24.88,-0.0819493,-0.0795,-3.4175,24.9375,24.9375,-0.0921529
239,-23.02,-48.9,120.75,2.3208,9.98521,-0.3376,-0.0233066,24.88,24.88,-0.0803113,-0.06175,-3.254,24.9375,24.9375,-0.078789
240,-23.34,-48.5,121.25,2.3041,9.98521,-0.3344,-0.0233066,24.88,24.88,-0.0915108,-0.1225,-3.7125,24.9375,24.9375,-0.0839087
241,-23.64,-48.1,121.75,2.2868,9.98304,-0.354,-0.0246944,24.88,24.88,-0.0780741,-0.05975,-3.269,28.5,28.5,-0.0817514
242,-23.94,-47.7,122.25,2.2695,9.98514,-0.3362,-0.0229762,24.88,24.88,-0.0832144,-0.06425,-3.2775,24.9375,24.9375,-0.0761526
243,-24.24,-47.3,122.8,2.2528,9.98523,-0.3338,-0.0233666,28.48,28.48,-0.0810704,-0.05325,-3.3705,24.9375,24.9375,-0.0914753
244,-24.52,-46.9,123.25,2.2362,9.98765,-0.33,-0.0230305,24.88,24.88,-0.0754374,-0.04225,-3.0555,21.375,21.375,-0.0809021
245,-24.8,-46.48,123.8,2.22,9.98751,-0.3204,-0.0224299,24.88,24.88,-0.0908316,-0.118,-3.6195,21.375,21.375,-0.0811147
246,-25.08,-46.06,124.3,2.2033,9.98548,-0.3472,-0.0244479,21.36,21.36,-0.0802181,-0.0965,-3.3705,24.9375,24.9375,-0.0893257
247,-25.34,-45.64,124.8,2.1861,9.98518,-0.3392,-0.0231564,21.36,21.36,-0.0804179,-0.07475,-3.1925,24.9375,24.9375,-0.0767972
248,-25.6,-45.2,125.3,2.1693,9.98517,-0.3328,-0.0231264,24.88,24.88,-0.0886743,-0.10825,-3.636,24.9375,24.9375,-0.0856197
249,-25.86,-44.78,125.8,2.1523,9.98542,-0.346,-0.0241776,24.88,24.88,-0.0761032,-0.0505,-3.173,24.9375,24.9375,-0.0875699
250,-26.1,-44.34,126.3,2.1354,9.98505,-0.3286,-0.0225857,24.88,24.88,-0.0849323,-0.0755,-3.335,24.9375,24.9375,-0.0803309
251,-26.34,-43.9,126.8,2.1189,9.98532,-0.3372,-0.0237571,24.88,24.88,-0.0869165,-0.1075,-3.6185,24.9375,24.9375,-0.0883678
252,-26.56,-43.46,127.3,2.1017,9.98542,-0.3478,-0.0241776,24.88,24.88,-0.0796188,-0.0615,-3.2475,24.9375,24.9375,-0.0770679
253,-26.78,-43,127.8,2.0846,9.98519,-0.3374,-0.0232165,24.88,24.88,-0.0876756,-0.0935,-3.5125,24.9375,24.9375,-0.0819253
254,-27,-42.56,128.3,2.0675,9.98538,-0.3442,-0.0239974,24.88,24.88,-0.0763695,-0.05125,-3.205,24.9375,24.9375,-0.0856091
255,-27.2,-42.1,128.8,2.0507,9.98753,-0.3264,-0.02252,24.88,24.88,-0.0812302,-0.05925,-3.1985,21.375,21.375,-0.0752785
256,-27.4,-41.64,129.3,2.0344,9.98766,-0.3274,-0.0230605,24.88,24.88,-0.0849323,-0.09525,-3.496,21.375,21.375,-0.0854706
257,-27.6,-41.18,129.85,2.0178,9.98526,-0.3368,-0.0235168,21.36,21.36,-0.0745851,-0.06275,-3.065,24.9375,24.9375,-0.0792034
258,-27.78,-40.72,130.3,2.0013,9.98745,-0.321,-0.0221296,21.36,21.36,-0.0847725,-0.09925,-3.347,21.375,21.375,-0.0796482
259,-27.96,-40.24,130.85,1.985,9.98522,-0.3316,-0.0233366,24.88,24.88,-0.0785269,-0.068,-3.294,24.9375,24.9375,-0.0920414
260,-28.12,-39.78,131.35,1.9685,9.98506,-0.3268,-0.0226458,21.36,21.36,-0.078953,-0.0755,-3.1525,24.9375,24.9375,-0.0769858
261,-28.28,-39.3,131.85,1.9523,9.98511,-0.327,-0.0228861,24.88,24.88,-0.0914043,-0.128,-3.7225,24.9375,24.9375,-0.0838037
262,-28.44,-38.82,132.35,1.9352,9.983,-0.351,-0.0245141,24.88,24.88,-0.0762763,-0.05425,-3.2025,28.5,28.5,-0.0816433
263,-28.58,-38.34,132.85,1.9181,9.98505,-0.3318,-0.0225857,24.88,24.88,-0.0831079,-0.0635,-3.2585,24.9375,24.9375,-0.0772533
264,-28.72,-37.86,133.35,1.9016,9.98519,-0.3314,-0.0232165,28.48,28.48,-0.0809639,-0.0555,-3.3865,24.9375,24.9375,-0.0927695
265,-28.86,-37.38,133.85,1.885,9.98765,-0.3296,-0.0230305,24.88,24.88,-0.076556,-0.04775,-3.095,21.375,21.375,-0.0823098
266,-28.98,-36.9,134.35,1.8688,9.98756,-0.3236,-0.0226401,24.88,24.88,-0.0921367,-0.12675,-3.6885,21.375,21.375,-0.0872349
267,-29.08,-36.42,134.85,1.8519,9.98555,-0.3522,-0.0247182,21.36,21.36,-0.0816297,-0.102,-3.429,24.9375,24.9375,-0.0859351
268,-29.18,-35.92,135.35,1.8344,9.98529,-0.3466,-0.023637,21.36,21.36,-0.086517,-0.103,-3.44,24.9375,24.9375,-0.0763562
269,-29.28,-35.44,135.85,1.817,9.9829,-0.3486,-0.0241236,24.88,24.88,-0.0852519,-0.09025,-3.55,28.5,28.5,-0.0886942
270,-29.36,-34.94,136.35,1.7996,9.98285,-0.3454,-0.0238832,24.88,24.88,-0.0756371,-0.0395,-3.101,28.5,28.5,-0.0795443
271,-29.44,-34.44,136.9,1.7829,9.98504,-0.3252,-0.0225557,28.48,28.48,-0.0880085,-0.07425,-3.4835,24.9375,24.9375,-0.0804418
272,-29.52,-33.96,137.35,1.7662,9.98538,-0.34,-0.0240274,28.48,28.48,-0.0788731,-0.04825,-3.3055,24.9375,24.9375,-0.0868776
273,-29.58,-33.46,137.9,1.7494,9.98762,-0.3316,-0.0229104,24.88,24.88,-0.0797254,-0.05475,-3.153,21.375,21.375,-0.07939
274,-29.64,-32.96,138.4,1.733,9.98761,-0.3278,-0.0228803,24.88,24.88,-0.0862107,-0.0975,-3.521,21.375,21.375,-0.091708
275,-29.68,-32.46,138.9,1.7163,9.98533,-0.3402,-0.0238172,21.36,21.36,-0.0786867,-0.08275,-3.252,24.9375,24.9375,-0.0844866
276,-29.72,-31.96,139.4,1.6994,9.98517,-0.3346,-0.0231264,21.36,21.36,-0.0910447,-0.13325,-3.6255,24.9375,24.9375,-0.0796429
277,-29.74,-31.46,139.9,1.6822,9.98305,-0.3544,-0.0247244,24.88,24.88,-0.083787,-0.0895,-3.52,28.5,28.5,-0.0873717
278,-29.76,-30.96,140.4,1.6645,9.98532,-0.348,-0.0237871,24.88,24.88,-0.0789131,-0.0485,-3.182,24.9375,24.9375,-0.0722246
279,-29.78,-30.46,140.9,1.6476,9.98514,-0.3322,-0.0230062,28.48,28.48,-0.0866901,-0.07075,-3.506,24.9375,24.9375,0.0114173
280,-29.78,-29.96,141.4,1.6308,9.98531,-0.3378,-0.0237271,24.88,24.88,-0.0715222,-0.03175,-3.0015,24.9375,24.9375,-0.0758504
281,-29.78,-29.46,141.9,1.6147,9.98928,-0.284,-0.0188814,24.88,24.88,0.0111223,0.039,0.245,17.8125,17.8125,-0.086256
282,-29.78,-28.96,142.4,1.6059,9.9927,-0.0922,-0.00635468,24.88,24.88,-0.0755306,0.018,-1.945,10.6875,10.6875,-0.129217
283,-29.78,-28.46,142.9,1.5995,9.98664,-0.1922,-0.0181052,17.76,17.76,-0.0861574,-0.267,-3.876,21.375,21.375,-0.10331
284,-29.76,-27.96,143.45,1.5865,9.97528,-0.3268,-0.0236306,10.64,10.64,-0.129171,-0.49775,-4.5505,39.1875,39.1875,-0.118416
285,-29.74,-27.46,143.95,1.5668,9.96145,-0.4426,-0.0281522,21.36,21.36,-0.10275,-0.22175,-4.395,60.5625,60.5625,-0.116371
286,-29.68,-26.96,144.45,1.5445,9.95888,-0.4474,-0.0279184,39.12,39.12,-0.117825,-0.168,-4.9805,64.125,64.125,-0.092636
287,-29.62,-26.48,144.9,1.5216,9.95969,-0.465,-0.0306885,60.56,60.56,-0.115787,-0.0405,-4.932,64.125,64.125,-0.0900379
288,-29.56,-25.98,145.45,1.4982,9.96713,-0.4632,-0.0304849,64.08,64.08,-0.0918437,0.147,-3.824,53.4375,53.4375,-0.0820177
289,-29.48,-25.48,145.95,1.4765,9.98102,-0.4062,-0.0265635,64.08,64.08,-0.0893002,0.1675,-3.54,32.0625,32.0625,-0.0764652
290,-29.38,-25,146.45,1.4572,9.99065,-0.3672,-0.0251261,53.36,53.36,-0.0812968,0.11175,-3.3655,17.8125,17.8125,-0.0854888
291,-29.3,-24.5,146.95,1.4396,10.0003,-0.337,-0.0235715,32,32,-0.0757703,0.0095,-3.0165,3.5625,3.5625,-0.0754397
292,-29.2,-24,147.45,1.4234,10.0025,-0.3174,-0.0224862,17.76,17.76,-0.0848124,-0.122,-3.3495,0,0,-0.0832543
293,-29.08,-23.52,147.95,1.4072,9.99774,-0.33,-0.0233974,3.52,3.52,-0.0747449,-0.169,-3.092,7.125,7.125,-0.0811711
294,-28.98,-23.04,148.45,1.391,9.99244,-0.32,-0.0220885,0,0,-0.0825752,-0.208,-3.237,14.25,14.25,-0.0781792
295,-28.84,-22.54,148.95,1.3748,9.98762,-0.3284,-0.0229104,7.12,7.12,-0.0804844,-0.17575,-3.357,21.375,21.375,-0.0888024
296,-28.72,-22.06,149.45,1.3583,9.98259,-0.3296,-0.0227716,14.24,14.24,-0.0774615,-0.1125,-3.146,28.5,28.5,-0.0791726
297,-28.58,-21.58,149.95,1.342,9.98003,-0.3246,-0.0225369,21.36,21.36,-0.0881283,-0.12525,-3.564,32.0625,32.0625,-0.0795482
298,-28.44,-21.1,150.45,1.3252,9.98037,-0.3424,-0.0239794,28.48,28.48,-0.0784869,-0.0455,-3.2875,32.0625,32.0625,-0.0882314
299,-28.28,-20.64,150.95,1.3084,9.98259,-0.3312,-0.0227716,32,32,-0.0788465,-0.011,-3.1385,28.5,28.5,-0.0746092
300,-28.12,-20.16,151.45,1.2921,9.98509,-0.3252,-0.022796,32,32,-0.0875823,-0.0655,-3.5745,24.9375,24.9375,-0.0850986
301,-27.94,-19.7,151.95,1.2753,9.98535,-0.34,-0.0238773,28.48,28.48,-0.0738926,-0.023,-3.0775,24.9375,24.9375,-0.0820971
302,-27.76,-19.22,152.5,1.2588,9.98745,-0.3214,-0.0221296,24.88,24.88,-0.0843996,-0.07375,-3.292,21.375,21.375,-0.076951
303,-27.58,-18.76,153,1.2425,9.98772,-0.3312,-0.0233308,24.88,24.88,-0.0814299,-0.08275,-3.4155,21.375,21.375,-0.0848498
304,-27.38,-18.3,153.5,1.2259,9.98766,-0.3324,-0.0230605,21.36,21.36,-0.0762364,-0.0655,-3.077,21.375,21.375,-0.0753133
305,-27.18,-17.84,154,1.2096,9.98748,-0.3212,-0.0222797,21.36,21.36,-0.0841599,-0.102,-3.3815,21.375,21.375,-0.0826693
306,-26.98,-17.38,154.5,1.1933,9.98518,-0.33,-0.0231564,21.36,21.36,-0.0746117,-0.068,-3.1205,24.9375,24.9375,-0.0872219
307,-26.76,-16.94,155,1.1771,9.98493,-0.318,-0.022045,21.36,21.36,-0.0819759,-0.088,-3.2335,24.9375,24.9375,-0.0768683
308,-26.54,-16.48,155.5,1.161,9.98516,-0.3278,-0.0230963,24.88,24.88,-0.0865836,-0.1085,-3.5825,24.9375,24.9375,-0.0885958
309,-26.3,-16.04,156,1.1442,9.98283,-0.3424,-0.0237931,24.88,24.88,-0.0761431,-0.05,-3.1375,28.5,28.5,-0.0772856
310,-26.06,-15.6,156.5,1.1274,9.98504,-0.3282,-0.0225557,24.88,24.88,-0.0879286,-0.0945,-3.4905,24.9375,24.9375,-0.0777374
311,-25.82,-15.16,157,1.1107,9.98535,-0.3406,-0.0238773,28.48,28.48,-0.0765826,-0.037,-3.2395,24.9375,24.9375,-0.0904881
312,-25.56,-14.74,157.5,1.094,9.98751,-0.3252,-0.0223999,24.88,24.88,-0.0770487,-0.0415,-3.0385,21.375,21.375,-0.0749205
313,-25.3,-14.3,158.05,1.078,9.98753,-0.3192,-0.0224899,24.88,24.88,-0.0898728,-0.12,-3.656,21.375,21.375,-0.0851785
314,-25.04,-13.88,158.55,1.0613,9.98541,-0.3434,-0.0241476,21.36,21.36,-0.0742122,-0.06725,-3.1095,24.9375,24.9375,-0.0822301
315,-24.76,-13.46,159.05,1.0446,9.98496,-0.325,-0.0221952,21.36,21.36,-0.0844795,-0.09125,-3.286,24.9375,24.9375,-0.0784526
316,-24.48,-13.06,159.55,1.0282,9.98522,-0.3326,-0.0233366,24.88,24.88,-0.0815631,-0.0825,-3.4355,24.9375,24.9375,-0.0905066
317,-24.2,-12.64,160.05,1.0115,9.98518,-0.3334,-0.0231564,24.88,24.88,-0.0777545,-0.053,-3.1445,24.9375,24.9375,-0.0799468
318,-23.9,-12.24,160.55,0.9951,9.98509,-0.3272,-0.0227659,24.88,24.88,-0.0898462,-0.11275,-3.6145,24.9375,24.9375,-0.0833674
319,-23.6,-11.84,161.05,0.9782,9.98545,-0.3474,-0.0243278,24.88,24.88,-0.0792593,-0.06875,-3.3235,24.9375,24.9375,-0.0848435
320,-23.3,-11.44,161.55,0.961,9.98516,-0.3366,-0.0230663,24.88,24.88,-0.0826551,-0.06575,-3.2775,24.9375,24.9375,-0.0799859
321,-22.98,-11.06,162.05,0.9443,9.98523,-0.335,-0.0233666,24.88,24.88,-0.0841599,-0.08725,-3.478,24.9375,24.9375,-0.0905187
322,-22.66,-10.68,162.55,0.9274,9.98529,-0.3388,-0.023637,24.88,24.88,-0.0792726,-0.06125,-3.2395,24.9375,24.9375,-0.0824344
323,-22.34,-10.3,163.05,0.9107,9.98518,-0.3334,-0.0231564,24.88,24.88,-0.0898728,-0.11,-3.6015,24.9375,24.9375,-0.0829899
324,-22,-9.92,163.55,0.8935,9.9855,-0.3508,-0.024508,24.88,24.88,-0.0817229,-0.07825,-3.414,24.9375,24.9375,-0.0869512
325,-21.66,-9.56,164.05,0.8761,9.98526,-0.3428,-0.0235168,24.88,24.88,-0.0822822,-0.0645,-3.291,24.9375,24.9375,-0.0782299
326,-21.3,-9.2,164.6,0.8592,9.98525,-0.3378,-0.0234868,24.88,24.88,-0.0862773,-0.094,-3.5355,24.9375,24.9375,-0.0873003
327,-20.96,-8.84,165.1,0.8421,9.98536,-0.3432,-0.0239373,24.88,24.88,-0.0775148,-0.0535,-3.196,24.9375,24.9375,-0.0832506
328,-20.6,-8.5,165.6,0.8253,9.98761,-0.33,-0.0228503,24.88,24.88,-0.0866102,-0.08825,-3.4365,21.375,21.375,-0.0774997
329,-20.24,-8.16,166.1,0.8085,9.98536,-0.3412,-0.0239373,24.88,24.88,-0.0825752,-0.08375,-3.4405,24.9375,24.9375,-0.0885444
330,-19.86,-7.82,166.6,0.7915,9.98523,-0.3386,-0.0233967,21.36,21.36,-0.0767957,-0.06425,-3.1015,24.9375,24.9375,-0.0751691
331,-19.48,-7.48,167.1,0.7749,9.98505,-0.3254,-0.0225857,24.88,24.88,-0.0878886,-0.099,-3.524,24.9375,24.9375,-0.0825169
332,-19.1,-7.16,167.6,0.7583,9.98534,-0.3396,-0.0238472,24.88,24.88,-0.0744519,-0.04725,-3.131,24.9375,24.9375,-0.087629
333,-18.72,-6.84,168.1,0.7417,9.98745,-0.3218,-0.0221596,24.88,24.88,-0.0818161,-0.06175,-3.193,21.375,21.375,-0.0797036
334,-18.32,-6.54,168.6,0.7256,9.98766,-0.3276,-0.0230905,24.88,24.88,-0.0869698,-0.10975,-3.6065,21.375,21.375,-0.0841627
335,-17.94,-6.24,169.1,0.7087,9.98538,-0.3438,-0.0239974,21.36,21.36,-0.0790196,-0.08275,-3.242,24.9375,24.9375,-0.0781731
336,-17.54,-5.94,169.6,0.6917,9.98512,-0.334,-0.0229161,21.36,21.36,-0.0834541,-0.09225,-3.337,24.9375,24.9375,-0.0782464
337,-17.12,-5.64,170.1,0.675,9.9852,-0.334,-0.0232465,24.88,24.88,-0.0774615,-0.056,-3.2255,24.9375,24.9375,-0.0891524
338,-16.72,-5.36,170.6,0.6586,9.98501,-0.3226,-0.0224355,24.88,24.88,-0.0775414,-0.0495,-3.105,24.9375,24.9375,-0.0786754
339,-16.3,-5.08,171.1,0.6426,9.98504,-0.3204,-0.0225557,24.88,24.88,-0.0885012,-0.11225,-3.584,24.9375,24.9375,-0.086633
340,-15.88,-4.8,171.65,0.626,9.98539,-0.3426,-0.0240575,24.88,24.88,-0.0779809,-0.06375,-3.2445,24.9375,24.9375,-0.084295
341,-15.46,-4.54,172.15,0.6091,9.98511,-0.3334,-0.022856,24.88,24.88,-0.0859444,-0.084,-3.406,24.9375,24.9375,-0.0814374
342,-15.02,-4.28,172.65,0.5922,9.98533,-0.3414,-0.0238172,24.88,24.88,-0.0836139,-0.088,-3.4955,24.9375,24.9375,-0.0934771
343,-14.58,-4.04,173.15,0.5751,9.9853,-0.342,-0.023667,24.88,24.88,-0.0807375,-0.06375,-3.2725,24.9375,24.9375,-0.0758151
344,-14.16,-3.8,173.65,0.5582,9.98525,-0.338,-0.0234868,24.88,24.88,-0.0928425,-0.1275,-3.755,24.9375,24.9375,-0.0829928
345,-13.7,-3.56,174.15,0.5407,9.98308,-0.357,-0.0248446,24.88,24.88,-0.0751044,-0.04575,-3.1695,28.5,28.5,-0.0822789
346,-13.26,-3.34,174.65,0.5235,9.98503,-0.3302,-0.0224956,24.88,24.88,-0.0822689,-0.05525,-3.1955,24.9375,24.9375,-0.0772983
347,-12.82,-3.12,175.15,0.5071,9.98766,-0.3278,-0.0230905,28.48,28.48,-0.0815764,-0.0595,-3.405,21.375,21.375,-0.0922956
348,-12.36,-2.9,175.65,0.4907,9.98767,-0.3298,-0.0231206,24.88,24.88,-0.0765826,-0.0495,-3.096,21.375,21.375,-0.0822355
349,-11.9,-2.7,176.15,0.4744,9.98756,-0.3242,-0.0226401,21.36,21.36,-0.091644,-0.14225,-3.66,21.375,21.375,-0.0829273
350,-11.44,-2.5,176.65,0.4574,9.98553,-0.3514,-0.0246281,21.36,21.36,-0.0815498,-0.10175,-3.429,24.9375,24.9375,-0.0891174
351,-10.98,-2.32,177.15,0.44,9.98525,-0.3444,-0.0234568,21.36,21.36,-0.082229,-0.08225,-3.2765,24.9375,24.9375,-0.0765497
352,-10.52,-2.14,177.65,0.423,9.98525,-0.3388,-0.0234868,24.88,24.88,-0.0884346,-0.1055,-3.636,24.9375,24.9375,-0.0863341
353,-10.04,-1.96,178.2,0.4057,9.98293,-0.3478,-0.0242437,24.88,24.88,-0.0758235,-0.04675,-3.154,28.5,28.5,-0.0855918
354,-9.58,-1.8,178.65,0.3889,9.98505,-0.328,-0.0226157,24.88,24.88,-0.0856514,-0.07825,-3.3605,24.9375,24.9375,-0.080545
355,-9.1,-1.64,179.2,0.3723,9.98533,-0.3376,-0.0238172,28.48,28.48,-0.0849323,-0.0775,-3.5415,24.9375,24.9375,-0.0884066
356,-8.62,-1.5,179.7,0.3552,9.98535,-0.3438,-0.0238773,24.88,24.88,-0.0798319,-0.06075,-3.231,24.9375,24.9375,-0.0767456
357,-8.14,-1.36,180.2,0.3382,9.98518,-0.3356,-0.0231864,24.88,24.88,-0.0877155,-0.09675,-3.5295,24.9375,24.9375,-0.0836084
358,-7.66,-1.22,180.7,0.3212,9.98538,-0.3442,-0.0239974,24.88,24.88,-0.0760499,-0.05,-3.184,24.9375,24.9375,-0.0853615
359,-7.18,-1.1,181.2,0.3044,9.98753,-0.3264,-0.02252,24.88,24.88,-0.0829081,-0.067,-3.261,21.375,21.375,-0.0771544
360,-6.68,-0.98,181.7,0.2881,9.98522,-0.3312,-0.0233366,24.88,24.88,-0.0846926,-0.09525,-3.5065,24.9375,24.9375,-0.0883885
361,-6.2,-0.88,182.2,0.2712,9.98528,-0.3388,-0.0236069,21.36,21.36,-0.0764494,-0.06875,-3.123,24.9375,24.9375,-0.0767462
362,-5.7,-0.78,182.7,0.2546,9.98505,-0.3266,-0.0225857,24.88,24.88,-0.0877288,-0.096,-3.49,24.9375,24.9375,-0.0778491
363,-5.22,-0.68,183.2,0.2379,9.98534,-0.3402,-0.0238472,24.88,24.88,-0.0760499,-0.0545,-3.2055,24.9375,24.9375,-0.0908319
364,-4.72,-0.6,183.7,0.2213,9.98748,-0.324,-0.0222797,24.88,24.88,-0.0771552,-0.042,-3.04,21.375,21.375,-0.0780027
365,-4.22,-0.52,184.25,0.2054,9.98752,-0.3192,-0.0224599,24.88,24.88,-0.0902191,-0.123,-3.68,21.375,21.375,-0.0864544
366,-3.74,-0.46,184.7,0.1886,9.98545,-0.3454,-0.0242977,21.36,21.36,-0.077315,-0.08125,-3.227,24.9375,24.9375,-0.0819796
367,-3.24,-0.4,185.25,0.1717,9.98509,-0.3336,-0.022796,21.36,21.36,-0.0857579,-0.0995,-3.3735,24.9375,24.9375,-0.0806498
368,-2.74,-0.36,185.75,0.1548,9.9853,-0.3396,-0.023667,24.88,24.88,-0.0812835,-0.077,-3.4155,24.9375,24.9375,-0.0834291
369,-2.24,-0.32,186.25,0.1379,9.9852,-0.3354,-0.0232465,24.88,24.88,-0.0799385,-0.0595,-3.2205,24.9375,24.9375,-0.0745714
370,-1.74,-0.28,186.75,0.1213,9.98513,-0.3294,-0.0229461,24.88,24.88,-0.0827483,-0.07675,-3.3615,24.9375,24.9375,-0.0951687
371,-1.24,-0.26,187.25,0.1048,9.98516,-0.3306,-0.0230963,24.88,24.88,-0.073866,-0.04,-3.0495,24.9375,24.9375,-0.0714785
372,-0.74,-0.24,187.75,0.0887,9.98749,-0.3196,-0.0223098,24.88,24.88,-0.0945337,-0.13675,-3.7385,21.375,21.375,-0.0397186
373,-0.24,-0.22,188.25,0.0718,9.98553,-0.3506,-0.0246281,24.88,24.88,-0.0707631,-0.03575,-3.045,24.9375,24.9375,-0.0198976
