0,0,0,0,-1.4244,10,0,1e-05,0,0,-1.06465e-05,-0.024,0,0,0,11.5237
1,0,0,0,-1.4244,10,0,1e-05,0,0,-1.06465e-05,-0.024,0,0,0,11.5205
2,0,0,0,-1.4244,10,0,1e-05,0,0,-1.06465e-05,-0.024,0,0,0,11.5206
3,0.08,-0.48,0.5,-1.4243,9.9975,0.004,0.000370093,0,0,0.00984383,-0.073,0.3865,71.25,71.25,8.58738
4,0.14,-0.98,1,-1.4235,9.99252,0.0282,0.00217163,0,0,0.00977725,-0.07375,0.5115,213.75,213.75,10.406
5,0.22,-1.48,1.5,-1.4217,9.99003,0.0412,0.00253253,3.52,3.52,0.0075267,-0.051,0.3385,214.6,214.6,1.92535
6,0.3,-1.96,2,-1.4197,9.98752,0.0374,0.00223279,10.64,10.64,0.0091114,-0.012,0.3965,143.45,143.45,-5.13461
7,0.38,-2.46,2.5,-1.418,9.98753,0.0324,0.00229286,14.24,14.24,0.00181376,0.0095,0.139,71.45,71.45,-7.27361
8,0.46,-2.96,3,-1.4168,9.9875,0.0126,0.000941176,17.76,17.76,-0.00413887,0.02725,-0.246,1.05,1.05,-7.01859
9,0.54,-3.44,3.5,-1.4168,9.99,-0.0124,-0.000590591,17.76,17.76,-0.00612309,0.0265,-0.3475,-70.2,-70.2,-7.27175
10,0.6,-3.94,4,-1.4178,9.99001,-0.0262,-0.00128128,17.76,17.76,-0.00606982,0.028,-0.3345,-70.2,-70.2,-1.3384
11,0.68,-4.44,4.5,-1.4192,9.99251,-0.0278,-0.00155116,14.24,14.24,-0.00634947,0.0085,-0.334,-71.05,-71.05,-0.172175
12,0.76,-4.92,5,-1.4206,9.99251,-0.024,-0.00164123,14.24,14.24,-0.00128907,0.0095,-0.109,-71.05,-71.05,3.79719
13,0.82,-5.42,5.5,-1.4214,9.9925,-0.0104,-0.000830623,10.64,10.64,-0.000343568,-0.01025,0.0355,0.95,0.95,5.77478
14,0.9,-5.92,6,-1.4217,9.9925,0.0004,-0.000290218,10.64,10.64,0.00317208,-0.011,0.161,0.95,0.95,3.79609
15,0.98,-6.42,6.5,-1.4214,9.9925,0.0114,0.00052039,10.64,10.64,0.00487664,-0.0115,0.2805,0.95,0.95,0.672155
16,1.06,-6.9,7,-1.4206,9.99251,0.0186,0.00109082,10.64,10.64,0.0032653,-0.01075,0.202,0.95,0.95,-1.82124
17,1.14,-7.4,7.5,-1.4197,9.99,0.0156,0.000910911,10.64,10.64,0.000668513,-0.01025,0.0485,72.2,72.2,-4.61416
18,1.2,-7.9,8,-1.4192,9.99,0.0052,0.00037037,10.64,10.64,-0.00148882,-0.0105,-0.0715,72.2,72.2,-0.00823478
19,1.28,-8.38,8.5,-1.4192,9.99,-0.0058,-0.0002002,14.24,14.24,-0.0039258,0.00875,-0.195,0.2,0.2,-1.89199
20,1.36,-8.88,9,-1.4197,9.99,-0.0132,-0.000620621,14.24,14.24,-1.06465e-05,0.0095,-0.0695,0.2,0.2,-2.11049
21,1.44,-9.38,9.5,-1.4202,9.99,-0.007,-0.0002002,14.24,14.24,-0.00174184,0.0095,-0.063,0.2,0.2,-3.9902
22,1.5,-9.86,9.95,-1.4205,9.9925,-0.0048,-0.00044033,14.24,14.24,-0.00180842,0.0095,-0.1095,-71.05,-71.05,-3.762
23,1.58,-10.36,10.5,-1.4208,9.9925,-0.0068,-0.00068051,14.24,14.24,-0.00345971,0.00925,-0.1335,-71.05,-71.05,-4.45479
24,1.66,-10.86,11,-1.4212,9.9925,-0.012,-0.000950713,10.64,10.64,-0.00327328,-0.01075,-0.1405,0.95,0.95,-4.76086
25,1.72,-11.34,11.45,-1.4219,9.9925,-0.0144,-0.000980735,10.64,10.64,-0.00388585,-0.01075,-0.1575,0.95,0.95,-2.77858
26,1.8,-11.84,12,-1.4227,9.99001,-0.0158,-0.00107107,10.64,10.64,-0.00415219,-0.01075,-0.184,72.2,72.2,-3.0564
27,1.88,-12.34,12.5,-1.4235,9.99001,-0.016,-0.0011011,10.64,10.64,-0.00248758,-0.0105,-0.115,72.2,72.2,-3.57801
28,1.94,-12.84,13,-1.4242,9.99,-0.0122,-0.000860861,14.24,14.24,-0.0027406,0.0095,-0.097,0.2,0.2,0.689073
29,2.02,-13.32,13.45,-1.4248,9.99,-0.0106,-0.000860861,14.24,14.24,-0.00314011,0.00925,-0.1275,0.2,0.2,2.4188
30,2.08,-13.82,14,-1.4253,9.9925,-0.0102,-0.0008006,14.24,14.24,0.000522028,0.0095,0.02,-71.05,-71.05,7.02446
31,2.16,-14.32,14.5,-1.4256,9.9925,-0.0016,-8.006e-05,14.24,14.24,0.00196025,0.00925,0.1275,-71.05,-71.05,4.59872
32,2.22,-14.8,14.95,-1.4255,9.9925,0.0084,0.000550413,10.64,10.64,0.00596862,-0.012,0.266,0.95,0.95,7.03937
33,2.3,-15.3,15.45,-1.4247,9.99251,0.0202,0.00127095,10.64,10.64,0.00393114,-0.011,0.231,0.95,0.95,3.37863
34,2.38,-15.8,16,-1.4237,9.99001,0.021,0.00124124,10.64,10.64,0.00612843,-0.01125,0.258,72.2,72.2,0.0960237
35,2.46,-16.3,16.5,-1.4226,9.99001,0.0218,0.00148148,10.64,10.64,0.00295901,-0.0105,0.175,72.2,72.2,-3.57964
36,2.52,-16.78,16.95,-1.4216,9.99001,0.0146,0.001001,14.24,14.24,0.00021574,0.0095,-0.012,0.2,0.2,-1.64593
37,2.6,-17.28,17.45,-1.4212,9.99,0.0024,0.00025025,14.24,14.24,-0.00296699,0.00875,-0.1565,0.2,0.2,-2.37575
38,2.68,-17.78,18,-1.4214,9.99,-0.0092,-0.00041041,14.24,14.24,-0.00138228,0.0095,-0.1205,0.2,0.2,-2.46005
39,2.76,-18.26,18.45,-1.4219,9.9925,-0.0098,-0.000350263,14.24,14.24,-0.00210139,0.0095,-0.1085,-71.05,-71.05,-6.59948
40,2.82,-18.76,18.95,-1.4224,9.9925,-0.0086,-0.000530398,14.24,14.24,-0.00215466,0.0095,-0.127,-71.05,-71.05,-2.58804
41,2.9,-19.26,19.5,-1.4228,9.9925,-0.0096,-0.0008006,10.64,10.64,-0.00572358,-0.0115,-0.2325,0.95,0.95,-3.2488
42,2.98,-19.76,20,-1.4235,9.99251,-0.0172,-0.001341,10.64,10.64,-0.00223456,-0.0105,-0.133,0.95,0.95,-2.87588
43,3.04,-20.24,20.45,-1.4243,9.99,-0.0144,-0.000890891,10.64,10.64,-0.00292704,-0.01025,-0.083,72.2,72.2,-0.90945
44,3.12,-20.74,20.95,-1.4249,9.99,-0.0114,-0.000830831,10.64,10.64,-0.00254085,-0.0105,-0.116,72.2,72.2,-2.13345
45,3.18,-21.24,21.5,-1.4254,9.99,-0.0094,-0.000740741,14.24,14.24,-0.000876243,0.0095,-0.03,0.2,0.2,2.06268
46,3.26,-21.72,21.95,-1.4258,9.99,-0.0056,-0.00044044,14.24,14.24,-0.00191496,0.0095,-0.0455,0.2,0.2,3.00102
47,3.32,-22.22,22.45,-1.4261,9.99,-0.0044,-0.00038038,14.24,14.24,0.00173386,0.0095,0.0625,0.2,0.2,7.201
48,3.4,-22.72,22.95,-1.4261,9.9925,0.0032,0.000250188,14.24,14.24,0.00249292,0.00925,0.1495,-71.05,-71.05,4.46983
49,3.48,-23.22,23.5,-1.4258,9.9925,0.0112,0.00076057,14.24,14.24,0.00616838,0.008,0.2685,-71.05,-71.05,1.00818
50,3.54,-23.7,23.95,-1.4249,9.99251,0.021,0.00136102,10.64,10.64,0.00383793,-0.01075,0.22,0.95,0.95,3.27032
51,3.62,-24.2,24.45,-1.4239,9.99251,0.0186,0.0010608,10.64,10.64,0.000988118,-0.01025,0.0465,0.95,0.95,0.440634
52,3.7,-24.7,25,-1.4232,9.99,0.0088,0.000580581,10.64,10.64,0.00290575,-0.01025,0.1005,72.2,72.2,-1.39749
53,3.78,-25.18,25.45,-1.4228,9.99,0.007,0.000760761,10.64,10.64,0.000388859,-0.01025,0.034,72.2,72.2,-5.14156
54,3.84,-25.68,25.95,-1.4226,9.99,0.003,0.00034034,14.24,14.24,-0.00112926,0.0095,-0.094,0.2,0.2,-0.848417
55,3.92,-26.18,26.45,-1.4226,9.99,-0.0042,-0.00029029,14.24,14.24,-0.00437858,0.0085,-0.2095,0.2,0.2,-1.65341
56,4,-26.66,26.95,-1.4231,9.9925,-0.0132,-0.000830623,14.24,14.24,-0.000743074,0.0095,-0.0885,-71.05,-71.05,-4.79014
57,4.06,-27.16,27.45,-1.4236,9.9925,-0.0092,-0.000410308,14.24,14.24,-0.00154209,0.0095,-0.0455,-71.05,-71.05,-1.24341
58,4.14,-27.66,27.95,-1.424,9.9925,-0.0066,-0.000530398,10.64,10.64,-0.00415219,-0.01075,-0.1875,0.95,0.95,-2.43021
59,4.2,-28.16,28.45,-1.4245,9.9925,-0.0114,-0.000980735,10.64,10.64,-0.00108931,-0.01025,-0.0745,0.95,0.95,1.99456
60,4.28,-28.64,28.95,-1.425,9.99,-0.0088,-0.000590591,10.64,10.64,-0.0021813,-0.01025,-0.047,72.2,72.2,-0.900516
61,4.36,-29.14,29.45,-1.4254,9.99,-0.0064,-0.00044044,10.64,10.64,0.00168059,-0.0105,0.0505,72.2,72.2,-2.42026
62,4.42,-29.64,29.95,-1.4255,9.99,0.0016,0.0001001,14.24,14.24,-0.000862926,0.0095,0.0165,0.2,0.2,0.612835
63,4.5,-30.12,30.45,-1.4254,9.99,0,-0.0002002,14.24,14.24,-0.00203481,0.00925,-0.0935,0.2,0.2,1.41613
64,4.56,-30.62,30.95,-1.4256,9.99,-0.0052,-0.00041041,14.24,14.24,0.000495394,0.0095,0.015,0.2,0.2,6.48709
65,4.64,-31.12,31.45,-1.4258,9.9925,-0.0016,4.003e-05,14.24,14.24,0.00114792,0.0095,0.073,-71.05,-71.05,4.50063
66,4.72,-31.62,31.95,-1.4257,9.9925,0.0054,0.000460345,14.24,14.24,0.00554249,0.00825,0.2205,-71.05,-71.05,1.49516
67,4.78,-32.1,32.45,-1.4251,9.99251,0.0174,0.00118089,10.64,10.64,0.00382461,-0.011,0.214,0.95,0.95,3.50222
68,4.86,-32.6,32.95,-1.4241,9.99251,0.0182,0.00100075,10.64,10.64,0.00140094,-0.01025,0.0665,0.95,0.95,0.225422
69,4.94,-33.1,33.45,-1.4234,9.9925,0.0104,0.000610458,10.64,10.64,0.00309218,-0.01025,0.1195,0.95,0.95,-1.81835
70,5,-33.58,33.95,-1.423,9.99,0.0084,0.000760761,10.64,10.64,0.000202423,-0.01025,0.0355,72.2,72.2,-0.528822
71,5.08,-34.08,34.45,-1.4227,9.99,0.0026,0.00028028,10.64,10.64,-0.00148882,-0.0105,-0.105,72.2,72.2,-1.87946
72,5.16,-34.58,34.95,-1.4227,9.99,-0.004,-0.00017017,14.24,14.24,-0.000423469,0.0095,-0.0565,0.2,0.2,-2.79831
73,5.24,-35.08,35.45,-1.423,9.99,-0.0046,-0.00017017,14.24,14.24,-0.00166194,0.0095,-0.074,0.2,0.2,-4.03856
74,5.3,-35.56,35.95,-1.4232,9.99,-0.006,-0.00041041,14.24,14.24,-0.00240768,0.00925,-0.129,0.2,0.2,-3.87819
75,5.38,-36.06,36.45,-1.4236,9.9925,-0.0092,-0.000710533,14.24,14.24,-0.00351298,0.009,-0.157,-71.05,-71.05,-4.2345
76,5.44,-36.56,36.95,-1.4242,9.9925,-0.0132,-0.000950713,14.24,14.24,-0.00337981,0.00925,-0.153,-71.05,-71.05,0.135629
77,5.52,-37.04,37.45,-1.4249,9.9925,-0.0146,-0.000980735,10.64,10.64,-0.00371273,-0.01075,-0.1565,0.95,0.95,0.970027
78,5.6,-37.54,37.95,-1.4256,9.9925,-0.0136,-0.00092069,10.64,10.64,2.93041e-05,-0.01025,-0.016,0.95,0.95,-0.0159341
79,5.66,-38.04,38.45,-1.4261,9.99,-0.0042,-0.00023023,10.64,10.64,0.000695147,-0.0105,0.067,72.2,72.2,3.46481
80,5.74,-38.54,38.95,-1.4261,9.99,0.0026,1.001e-05,10.64,10.64,-5.05971e-05,-0.01025,0.0175,72.2,72.2,0.8481
81,5.8,-39.02,39.45,-1.4259,9.99,0.0034,4.004e-05,14.24,14.24,0.00297233,0.00925,0.131,0.2,0.2,6.43234
82,5.88,-39.52,39.95,-1.4256,9.99,0.0078,0.00052052,14.24,14.24,0.000695147,0.0095,0.0865,0.2,0.2,3.60907
83,5.96,-40.02,40.45,-1.4253,9.99,0.0078,0.00052052,14.24,14.24,0.00556912,0.0085,0.2065,0.2,0.2,1.01197
84,6.02,-40.5,40.95,-1.4246,9.99251,0.016,0.00121091,14.24,14.24,0.00306555,0.009,0.189,-71.05,-71.05,3.39319
85,6.1,-41,41.45,-1.4238,9.9925,0.0152,0.000940705,14.24,14.24,0.000988118,0.0095,0.0255,-71.05,-71.05,0.527211
86,6.18,-41.5,41.95,-1.4233,9.9925,0.0082,0.00052039,10.64,10.64,0.00298565,-0.01025,0.1025,0.95,0.95,-1.37557
87,6.24,-42,42.45,-1.4229,9.9925,0.0078,0.000730548,10.64,10.64,0.000455444,-0.01025,0.0415,0.95,0.95,2.3234
88,6.32,-42.48,42.95,-1.4226,9.9925,0.0036,0.000310233,10.64,10.64,-0.00110263,-0.0105,-0.083,0.95,0.95,-0.70564
89,6.4,-42.98,43.45,-1.4225,9.99,-0.0014,-2.002e-05,10.64,10.64,0.0020002,-0.0105,0.046,72.2,72.2,-2.08903
90,6.48,-43.48,43.95,-1.4225,9.99,0.0024,0.00031031,10.64,10.64,-0.000663173,-0.01025,-0.0005,72.2,72.2,-4.45254
91,6.54,-43.96,44.45,-1.4224,9.99,0,-8.00801e-05,14.24,14.24,-0.00174184,0.00925,-0.1075,0.2,0.2,-2.76383
92,6.62,-44.46,44.95,-1.4226,9.99,-0.0062,-0.00053053,14.24,14.24,-0.00380595,0.009,-0.1645,0.2,0.2,-3.23601
93,6.7,-44.96,45.45,-1.4231,9.99,-0.0132,-0.000860861,14.24,14.24,-0.00239436,0.00925,-0.127,0.2,0.2,-3.42138
94,6.76,-45.44,45.95,-1.4237,9.9925,-0.0128,-0.000740555,14.24,14.24,-0.00287377,0.0095,-0.1185,-71.05,-71.05,-2.93352
95,6.84,-45.94,46.45,-1.4244,9.9925,-0.0116,-0.0008006,14.24,14.24,-0.00300694,0.00925,-0.1415,-71.05,-71.05,-3.56704
96,6.9,-46.44,46.95,-1.4249,9.9925,-0.0114,-0.000890668,10.64,10.64,-0.0025808,-0.0105,-0.1105,0.95,0.95,-0.050426
97,6.98,-46.94,47.45,-1.4255,9.9925,-0.011,-0.000830623,10.64,10.64,-0.00314011,-0.0105,-0.1185,0.95,0.95,-0.889455
98,7.04,-47.42,47.95,-1.4261,9.99,-0.0108,-0.000800801,10.64,10.64,-0.000103865,-0.01025,-0.0115,72.2,72.2,4.53023
99,7.12,-47.92,48.45,-1.4264,9.99,-0.0044,-0.00029029,10.64,10.64,-0.000862926,-0.01025,0.0035,72.2,72.2,2.40825
100,7.2,-48.42,48.95,-1.4266,9.99,0,-8.00801e-05,14.24,14.24,0.00385124,0.00875,0.1505,0.2,0.2,0.30937
101,7.26,-48.9,49.45,-1.4263,9.99,0.01,0.000670671,14.24,14.24,0.00198688,0.00925,0.1505,0.2,0.2,3.95008
102,7.34,-49.4,49.95,-1.4257,9.99,0.0108,0.00055055,14.24,14.24,0.000348909,0.0095,0.0185,0.2,0.2,0.919492
103,7.42,-49.9,50.45,-1.4253,9.9925,0.0056,0.000310233,14.24,14.24,0.00343842,0.00925,0.1355,-71.05,-71.05,-1.17575
104,7.48,-50.4,50.95,-1.425,9.9925,0.0084,0.00076057,14.24,14.24,0.000761731,0.0095,0.0735,-71.05,-71.05,1.99978
105,7.56,-50.88,51.45,-1.4246,9.9925,0.0054,0.000370278,10.64,10.64,-0.00092951,-0.0105,-0.072,0.95,0.95,-3.78057
106,7.64,-51.38,51.95,-1.4245,9.9925,-0.0004,1.00075e-05,10.64,10.64,0.00173386,-0.01025,0.0415,0.95,0.95,-5.94892
107,7.7,-51.88,52.45,-1.4245,9.9925,0.0008,0.000190143,10.64,10.64,-0.00328659,-0.01075,-0.1065,0.95,0.95,-4.38337
108,7.78,-52.36,52.95,-1.4247,9.99,-0.0082,-0.000680681,10.64,10.64,-0.00504442,-0.01175,-0.2715,72.2,72.2,-1.2478
109,7.84,-52.86,53.45,-1.4254,9.99001,-0.0182,-0.00125125,10.64,10.64,-0.00380595,-0.01075,-0.1885,72.2,72.2,6.26787
110,7.92,-53.36,53.95,-1.4263,9.99,-0.0176,-0.000980981,14.24,14.24,-0.00119585,0.0095,-0.0595,0.2,0.2,6.23151
111,7.98,-53.86,54.45,-1.4269,9.99,-0.0062,-0.00026026,14.24,14.24,0.00524951,0.008,0.2125,0.2,0.2,9.41108
112,8.06,-54.34,54.95,-1.4267,9.99,0.0146,0.000940941,14.24,14.24,0.00522288,0.008,0.29,0.2,0.2,3.5902
113,8.14,-54.84,55.45,-1.4257,9.99251,0.0252,0.00136102,14.24,14.24,0.00813927,0.0075,0.3685,-71.05,-71.05,-1.12019
114,8.2,-55.34,55.95,-1.4242,9.99252,0.03,0.00178133,14.24,14.24,0.00314545,0.00925,0.2225,-71.05,-71.05,-0.438795
115,8.28,-55.82,56.45,-1.423,9.99251,0.0182,0.0010608,10.64,10.64,-0.000756391,-0.0105,-0.0395,0.95,0.95,-6.10622
116,8.36,-56.32,56.95,-1.4225,9.9925,0.001,0.000220165,10.64,10.64,-0.000263667,-0.01025,-0.052,0.95,0.95,-5.49707
117,8.44,-56.82,57.45,-1.4227,9.99,-0.0066,-2.002e-05,10.64,10.64,-0.00524417,-0.0115,-0.2365,72.2,72.2,-4.81573
118,8.5,-57.32,57.95,-1.4233,9.99,-0.017,-0.000980981,10.64,10.64,-0.00467155,-0.0115,-0.298,72.2,72.2,2.01937
119,8.58,-57.8,58.45,-1.4242,9.99001,-0.0206,-0.00125125,14.24,14.24,-0.00423209,0.009,-0.2095,0.2,0.2,4.27915
120,8.64,-58.3,58.95,-1.4252,9.99001,-0.0164,-0.00101101,14.24,14.24,0.00161401,0.00925,0.0345,0.2,0.2,8.60362
121,8.72,-58.8,59.45,-1.4256,9.99,0.0004,4.004e-05,14.24,14.24,0.00350501,0.0085,0.1975,0.2,0.2,7.06246
122,8.8,-59.28,59.95,-1.4252,9.9925,0.0154,0.000790593,14.24,14.24,0.00735358,0.007,0.343,-71.05,-71.05,2.70658
123,8.86,-59.78,60.45,-1.4241,9.99251,0.0274,0.0016012,14.24,14.24,0.00607516,0.00825,0.3425,-71.05,-71.05,6.56295
124,8.94,-60.28,60.95,-1.4227,9.99251,0.0266,0.00154115,10.64,10.64,0.00245297,-0.01025,0.145,0.95,0.95,6.47189
125,9.02,-60.78,61.45,-1.4216,9.99251,0.0164,0.00112084,10.64,10.64,0.00576887,-0.01075,0.2195,0.95,0.95,4.74521
126,9.1,-61.26,61.95,-1.4208,9.99001,0.018,0.00163163,10.64,10.64,0.00559575,-0.01125,0.261,72.2,72.2,0.16955
127,9.18,-61.76,62.45,-1.4198,9.99001,0.0214,0.00169169,10.64,10.64,0.00417085,-0.01075,0.148,72.2,72.2,-7.06827
128,9.24,-62.26,62.95,-1.4188,9.99001,0.0178,0.00118118,14.24,14.24,0.000269008,0.0095,-0.0105,0.2,0.2,0.319977
129,9.32,-62.74,63.45,-1.4182,9.99,0.0034,0.00013013,14.24,14.24,-0.00593665,0.00725,-0.2795,0.2,0.2,-0.972848
130,9.4,-63.24,63.95,-1.4186,9.99,-0.0154,-0.000920921,14.24,14.24,0.000348909,0.00975,-0.0825,0.2,0.2,-4.45666
131,9.48,-63.74,64.45,-1.4193,9.9925,-0.0098,-0.000170128,14.24,14.24,-0.000996094,0.00975,-0.012,-71.05,-71.05,-3.53056
132,9.56,-64.22,64.95,-1.4196,9.9925,-0.0046,-0.000290218,14.24,14.24,-0.00383259,0.009,-0.2,-71.05,-71.05,-7.18833
133,9.62,-64.72,65.45,-1.42,9.9925,-0.0102,-0.000980735,10.64,10.64,-0.00302026,-0.01075,-0.1575,0.95,0.95,-7.62382
134,9.7,-65.22,65.95,-1.4206,9.99251,-0.0146,-0.00110083,10.64,10.64,-0.00624294,-0.0115,-0.23,0.95,0.95,-4.87552
135,9.78,-65.7,66.4,-1.4215,9.99001,-0.0226,-0.00161161,10.64,10.64,-0.00658918,-0.01175,-0.309,72.2,72.2,-9.16666
136,9.84,-66.2,66.95,-1.4228,9.99001,-0.0264,-0.00173173,10.64,10.64,-0.00431199,-0.01075,-0.198,72.2,72.2,-4.43447
137,9.92,-66.7,67.45,-1.424,9.99001,-0.0228,-0.00152152,14.24,14.24,-0.00804071,0.008,-0.312,0.2,0.2,-8.45475
138,9.98,-67.2,67.95,-1.4252,9.99002,-0.0262,-0.00197197,14.24,14.24,-0.00388585,0.00925,-0.214,0.2,0.2,-4.88367
139,10.06,-67.68,68.4,-1.4264,9.99001,-0.022,-0.00158158,14.24,14.24,-0.00744146,0.0085,-0.2515,0.2,0.2,-8.59967
140,10.12,-68.18,68.95,-1.4276,9.99252,-0.0246,-0.00188141,14.24,14.24,-0.00428536,0.009,-0.213,-71.05,-71.05,-11.3844
141,10.2,-68.68,69.45,-1.4287,9.99251,-0.0222,-0.00161121,14.24,14.24,-0.00756131,0.0085,-0.264,-71.05,-71.05,-11.4584
142,10.26,-69.18,69.95,-1.43,9.99252,-0.0278,-0.00212159,10.64,10.64,-0.00985181,-0.0135,-0.4285,0.95,0.95,-16.6917
143,10.32,-69.66,70.4,-1.4316,9.99254,-0.0372,-0.00269201,10.64,10.64,-0.00995834,-0.01325,-0.433,0.95,0.95,-12.6489
144,10.4,-70.16,70.95,-1.4336,9.99004,-0.0434,-0.00299298,10.64,10.64,-0.0145127,-0.0165,-0.6005,72.2,72.2,-17.6671
145,10.46,-70.66,71.45,-1.4361,9.99007,-0.053,-0.0037137,10.64,10.64,-0.011037,-0.01375,-0.5275,72.2,72.2,-19.0134
146,10.52,-71.16,71.95,-1.4387,9.99006,-0.0518,-0.00356355,14.24,14.24,-0.0154715,0.00425,-0.611,0.2,0.2,-17.979
147,10.58,-71.64,72.4,-1.4414,9.99009,-0.0582,-0.00428426,14.24,14.24,-0.0165236,0.00175,-0.7355,0.2,0.2,-21.6616
148,10.64,-72.14,72.9,-1.4445,9.99011,-0.0654,-0.0047347,14.24,14.24,-0.0157379,0.0035,-0.661,0.2,0.2,-24.1275
149,10.7,-72.64,73.4,-1.4478,9.99011,-0.0672,-0.00476473,14.24,14.24,-0.0189472,0.001,-0.7675,0.2,0.2,-24.5553
150,10.74,-73.14,73.9,-1.4513,9.99015,-0.0742,-0.00542537,14.24,14.24,-0.0210247,-0.00225,-0.8995,0.2,0.2,-29.3006
151,10.8,-73.64,74.45,-1.4553,9.99018,-0.0834,-0.00599592,14.24,14.24,-0.0214641,-0.002,-0.9025,0.2,0.2,-26.7124
152,10.84,-74.14,74.95,-1.4596,9.9902,-0.0894,-0.00635627,14.24,14.24,-0.0255923,-0.007,-1.056,0.2,0.2,-27.6872
153,10.88,-74.62,75.4,-1.4643,9.99025,-0.099,-0.00707696,14.24,14.24,-0.0233551,-0.00375,-1.014,0.2,0.2,-31.4539
154,10.94,-75.12,75.9,-1.4693,9.99274,-0.0988,-0.0069551,14.24,14.24,-0.0243139,-0.00275,-0.9835,-71.05,-71.05,-33.8079
155,10.98,-75.62,76.4,-1.4742,9.99276,-0.0994,-0.00719527,14.24,14.24,-0.02751,-0.0085,-1.14,-71.05,-71.05,-33.38
156,11,-76.12,76.9,-1.4794,9.99032,-0.1084,-0.00794778,10.64,10.64,-0.0295341,-0.0325,-1.237,72.2,72.2,-24.6182
157,11.04,-76.62,77.4,-1.4851,9.99036,-0.1178,-0.00845826,10.64,10.64,-0.0292412,-0.0305,-1.211,72.2,72.2,-31.2365
158,11.08,-77.12,77.9,-1.4911,9.99033,-0.1172,-0.00818801,14.24,14.24,-0.0217704,0.002,-0.9065,0.2,0.2,-34.9252
159,11.1,-77.62,78.4,-1.4965,9.99025,-0.1004,-0.00710699,14.24,14.24,-0.0274967,-0.004,-1.0465,0.2,0.2,-35.8602
160,11.12,-78.12,78.9,-1.5015,9.99032,-0.1042,-0.00797781,14.24,14.24,-0.0304663,-0.015,-1.287,0.2,0.2,-42.0501
161,11.16,-78.62,79.4,-1.5071,9.99039,-0.119,-0.00881859,14.24,14.24,-0.0313585,-0.01525,-1.276,0.2,0.2,-42.1073
162,11.16,-79.12,79.9,-1.5133,9.99042,-0.1302,-0.00920895,14.24,14.24,-0.0367519,-0.02475,-1.5045,0.2,0.2,-36.337
163,11.18,-79.62,80.4,-1.5202,9.98802,-0.1448,-0.0102024,14.24,14.24,-0.0367918,-0.02475,-1.5805,71.45,71.45,-37.2375
164,11.2,-80.12,80.9,-1.5276,9.98804,-0.1488,-0.0103526,14.24,14.24,-0.0319844,-0.0105,-1.3365,71.45,71.45,-31.9488
165,11.2,-80.62,81.4,-1.5348,9.99046,-0.137,-0.00962933,17.76,17.76,-0.0327834,0.0095,-1.314,-70.2,-70.2,-22.323
166,11.2,-81.12,81.9,-1.5414,9.99045,-0.1292,-0.0094792,17.76,17.76,-0.0281225,0.0145,-1.162,-70.2,-70.2,-122.416
167,11.2,-81.62,82.4,-1.5476,9.99035,-0.1144,-0.00842823,14.24,14.24,-0.0199194,0.0065,-0.7435,0.2,0.2,-22.5803
168,11.2,-82.12,82.9,-1.5529,9.99054,-0.1302,-0.01035,14.24,14.24,-0.107331,-0.39775,-4.2995,0.2,0.2,-42.8454
169,11.18,-82.62,83.4,-1.5636,9.97919,-0.2616,-0.0183893,14.24,14.24,-0.0197196,0.0045,-1.057,356.45,356.45,-20.7507
170,11.18,-83.12,83.9,-1.5747,9.98041,-0.1762,-0.00906789,14.24,14.24,-0.0392821,0.019,-1.0275,285.2,285.2,-20.5889
171,11.16,-83.62,84.4,-1.5822,9.98293,-0.1278,-0.00930602,32,32,-0.0182947,0.10425,-1.155,-141.25,-141.25,-24.0249
172,11.14,-84.12,84.9,-1.5874,9.98778,-0.0854,-0.00752927,28.48,28.48,-0.0186409,0.08875,-0.4855,-213.35,-213.35,-26.3359
173,11.12,-84.6,85.4,-1.5912,9.99271,-0.0698,-0.00644474,24.88,24.88,-0.0210779,0.061,-0.6655,-283.85,-283.85,-26.7476
174,11.1,-85.1,85.9,-1.5948,9.99521,-0.0784,-0.00653317,17.76,17.76,-0.0229956,0.01575,-0.834,-212.7,-212.7,-27.6506
175,11.08,-85.6,86.4,-1.5991,9.99522,-0.0914,-0.00662321,10.64,10.64,-0.0233951,-0.02325,-0.897,-70.3,-70.3,-27.3328
176,11.06,-86.1,86.9,-1.6039,9.99272,-0.097,-0.00656483,7.12,7.12,-0.0242207,-0.043,-0.989,71.35,71.35,-23.7474
177,11.02,-86.6,87.4,-1.6088,9.99273,-0.0986,-0.00674496,7.12,7.12,-0.0239544,-0.04275,-1.024,71.35,71.35,-23.2164
178,11,-87.1,87.9,-1.6137,9.99023,-0.0964,-0.0068067,10.64,10.64,-0.0208915,-0.01875,-0.885,72.2,72.2,-23.4981
179,10.96,-87.6,88.4,-1.6183,9.9902,-0.0878,-0.00635627,10.64,10.64,-0.0204387,-0.0175,-0.8115,72.2,72.2,-21.6221
180,10.94,-88.1,88.9,-1.6225,9.99019,-0.0824,-0.00620613,14.24,14.24,-0.0206385,0.001,-0.8235,0.2,0.2,-27.5634
181,10.9,-88.6,89.4,-1.6266,9.99019,-0.0812,-0.00614607,14.24,14.24,-0.0190005,0.0025,-0.748,0.2,0.2,-26.0962
182,10.86,-89.1,89.9,-1.6306,9.99018,-0.0806,-0.00599592,14.24,14.24,-0.0241142,-0.00375,-0.9295,0.2,0.2,-26.9267
183,10.82,-89.6,90.4,-1.6349,9.99023,-0.0908,-0.00671662,14.24,14.24,-0.0227958,-0.00375,-0.967,0.2,0.2,-28.538
184,10.78,-90.1,90.9,-1.6395,9.99023,-0.0948,-0.00671662,14.24,14.24,-0.0236081,-0.00275,-0.9465,0.2,0.2,-25.3575
185,10.74,-90.6,91.4,-1.6443,9.99023,-0.0966,-0.00683673,14.24,14.24,-0.0249798,-0.00475,-1.038,0.2,0.2,-28.8587
186,10.7,-91.08,91.9,-1.6492,9.99025,-0.0986,-0.00710699,14.24,14.24,-0.0222498,-0.001,-0.937,0.2,0.2,-31.0636
187,10.64,-91.58,92.4,-1.654,9.99023,-0.0948,-0.00683673,14.24,14.24,-0.0253127,-0.004,-1.0005,0.2,0.2,-26.8508
188,10.6,-92.08,92.9,-1.6589,9.99027,-0.0994,-0.00737724,14.24,14.24,-0.0271238,-0.00875,-1.131,0.2,0.2,-28.174
189,10.54,-92.58,93.4,-1.664,9.9903,-0.106,-0.00770756,14.24,14.24,-0.0235549,-0.0025,-0.974,0.2,0.2,-29.9603
190,10.48,-93.08,93.9,-1.6692,9.99026,-0.1012,-0.00716704,14.24,14.24,-0.02478,-0.00225,-0.971,0.2,0.2,-23.7318
191,10.42,-93.58,94.4,-1.6742,9.99027,-0.0996,-0.00728716,14.24,14.24,-0.0262315,-0.006,-1.0815,0.2,0.2,-29.9197
192,10.36,-94.06,94.9,-1.6793,9.99278,-0.1014,-0.00743544,14.24,14.24,-0.0208915,0.00125,-0.8625,-71.05,-71.05,-30.1888
193,10.3,-94.56,95.4,-1.6841,9.99273,-0.0934,-0.00674496,14.24,14.24,-0.0262715,-0.00425,-0.995,-71.05,-71.05,-25.1484
194,10.22,-95.06,95.9,-1.6889,9.99278,-0.0996,-0.00743544,10.64,10.64,-0.0263514,-0.028,-1.1195,0.95,0.95,-29.6385
195,10.16,-95.56,96.4,-1.6941,9.99028,-0.1044,-0.00752739,10.64,10.64,-0.0221166,-0.02,-0.8945,72.2,72.2,-27.2457
196,10.08,-96.04,96.9,-1.6991,9.99024,-0.0976,-0.00689679,10.64,10.64,-0.0260052,-0.02375,-1.0095,72.2,72.2,-25.1072
197,10,-96.54,97.4,-1.704,9.99027,-0.0996,-0.00731719,14.24,14.24,-0.0238345,-0.0035,-1.0165,0.2,0.2,-30.0162
198,9.94,-97.04,97.9,-1.709,9.99025,-0.0978,-0.00710699,14.24,14.24,-0.0221166,0.0005,-0.869,0.2,0.2,-29.4774
199,9.86,-97.52,98.4,-1.7137,9.99023,-0.0936,-0.00683673,14.24,14.24,-0.0262848,-0.0055,-1.0365,0.2,0.2,-33.4865
200,9.78,-98.02,98.9,-1.7186,9.99028,-0.1006,-0.00746733,14.24,14.24,-0.0257521,-0.00675,-1.083,0.2,0.2,-41.7739
201,9.68,-98.52,99.4,-1.7238,9.9903,-0.1066,-0.00770756,14.24,14.24,-0.0293077,-0.011,-1.1755,0.2,0.2,-37.5529
202,9.6,-99,99.9,-1.7294,9.99037,-0.1188,-0.00857837,14.24,14.24,-0.0364189,-0.027,-1.529,0.2,0.2,-43.1273
203,9.5,-99.5,100.4,-1.7359,9.99049,-0.139,-0.00989958,14.24,14.24,-0.0328367,-0.01775,-1.423,0.2,0.2,-40.5869
204,9.42,-99.98,100.9,-1.7429,9.98798,-0.1418,-0.00981195,14.24,14.24,-0.0378039,-0.02275,-1.5365,71.45,71.45,-41.0384
205,9.3,-100.48,101.4,-1.7502,9.98806,-0.1482,-0.0105628,14.24,14.24,-0.0355267,-0.01975,-1.534,71.45,71.45,-46.1564
206,9.2,-100.96,101.9,-1.7576,9.98805,-0.1472,-0.0105328,17.76,17.76,-0.0360594,0.002,-1.4615,1.05,1.05,-44.6007
207,9.1,-101.46,102.4,-1.7649,9.99058,-0.1478,-0.0107403,17.76,17.76,-0.040414,-0.00925,-1.655,-70.2,-70.2,-52.3446
208,8.98,-101.94,102.9,-1.7725,9.99066,-0.158,-0.011521,17.76,17.76,-0.0390557,-0.007,-1.6265,-70.2,-70.2,-51.5787
209,8.86,-102.42,103.4,-1.7806,9.99069,-0.1638,-0.0117312,14.24,14.24,-0.0458606,-0.041,-1.8535,0.2,0.2,-47.4887
210,8.74,-102.92,103.9,-1.7891,9.98832,-0.1792,-0.0128153,14.24,14.24,-0.0451415,-0.04075,-1.913,71.45,71.45,-54.0459
211,8.62,-103.4,104.4,-1.7983,9.98833,-0.1838,-0.0128754,14.24,14.24,-0.0417457,-0.02575,-1.711,71.45,71.45,-52.7842
212,8.48,-103.88,104.9,-1.8073,9.98829,-0.1772,-0.012545,17.76,17.76,-0.047432,-0.02025,-1.9255,1.05,1.05,-54.3001
213,8.36,-104.36,105.4,-1.8163,9.98841,-0.185,-0.013476,17.76,17.76,-0.0462468,-0.02125,-1.9425,1.05,1.05,-59.2616
214,8.22,-104.84,105.9,-1.8257,9.98842,-0.1894,-0.0135962,17.76,17.76,-0.0476584,-0.02075,-1.9185,1.05,1.05,-58.333
215,8.06,-105.32,106.4,-1.8353,9.98847,-0.1946,-0.0139565,17.76,17.76,-0.0519331,-0.0345,-2.1325,1.05,1.05,-57.1629
216,7.92,-105.8,106.9,-1.8453,9.98858,-0.206,-0.0147374,17.76,17.76,-0.0511607,-0.03175,-2.126,1.05,1.05,-58.234
217,7.76,-106.26,107.4,-1.8557,9.98859,-0.209,-0.0147674,17.76,17.76,-0.0502285,-0.024,-2.0455,1.05,1.05,-51.7541
218,7.6,-106.74,107.9,-1.8661,9.98858,-0.2062,-0.0146773,17.76,17.76,-0.0511474,-0.0265,-2.0915,1.05,1.05,-46.042
219,7.42,-107.2,108.4,-1.8764,9.99107,-0.2038,-0.0146436,17.76,17.76,-0.045541,-0.011,-1.863,-70.2,-70.2,-39.6493
220,7.26,-107.68,108.9,-1.8863,9.99091,-0.1888,-0.0135027,17.76,17.76,-0.040667,0.003,-1.589,-70.2,-70.2,-41.07
221,7.08,-108.14,109.4,-1.8952,9.99074,-0.1674,-0.0121516,14.24,14.24,-0.0350739,-0.00775,-1.357,0.2,0.2,-38.2243
222,6.92,-108.62,109.9,-1.903,9.9931,-0.1468,-0.0109478,14.24,14.24,-0.0361926,-0.01225,-1.3615,-71.05,-71.05,-40.7924
223,6.74,-109.08,110.4,-1.9101,9.99307,-0.1414,-0.0106776,14.24,14.24,-0.0336224,-0.0125,-1.314,-71.05,-71.05,-40.4265
224,6.56,-109.54,110.9,-1.9171,9.99302,-0.1386,-0.0101973,10.64,10.64,-0.0358197,-0.03675,-1.3735,0.95,0.95,-40.84
225,6.38,-110.02,111.4,-1.9241,9.99053,-0.1424,-0.01032,10.64,10.64,-0.0354335,-0.03825,-1.4365,72.2,72.2,-41.7207
226,6.18,-110.48,111.9,-1.9313,9.99053,-0.1446,-0.01032,10.64,10.64,-0.0358463,-0.038,-1.4475,72.2,72.2,-35.6685
227,6,-110.94,112.4,-1.9386,9.98804,-0.1458,-0.0104126,14.24,14.24,-0.0365788,-0.02,-1.4975,71.45,71.45,-37.7909
228,5.8,-111.4,112.9,-1.9459,9.98804,-0.1454,-0.0103826,14.24,14.24,-0.0313852,-0.00925,-1.2945,71.45,71.45,-36.0473
229,5.6,-111.86,113.4,-1.9529,9.99046,-0.1342,-0.00962933,17.76,17.76,-0.0332495,0.0085,-1.298,-70.2,-70.2,-33.2762
230,5.4,-112.32,113.9,-1.9595,9.99047,-0.131,-0.00968939,17.76,17.76,-0.0316249,0.008,-1.294,-70.2,-70.2,-35.0011
231,5.2,-112.78,114.4,-1.966,9.99044,-0.1278,-0.00938911,14.24,14.24,-0.0292944,-0.0065,-1.15,0.2,0.2,-34.2438
232,5,-113.22,114.9,-1.9722,9.99039,-0.1218,-0.00887865,14.24,14.24,-0.0307593,-0.00925,-1.201,0.2,0.2,-33.7452
233,4.78,-113.68,115.4,-1.9783,9.9904,-0.122,-0.00896873,14.24,14.24,-0.0300269,-0.01,-1.219,0.2,0.2,-32.2834
234,4.58,-114.14,115.9,-1.9844,9.99039,-0.122,-0.00884862,14.24,14.24,-0.0296407,-0.00875,-1.181,0.2,0.2,-34.8173
235,4.36,-114.6,116.4,-1.9904,9.99037,-0.1202,-0.00863842,14.24,14.24,-0.0283756,-0.00675,-1.143,0.2,0.2,-35.0392
236,4.16,-115.04,116.9,-1.9964,9.99036,-0.1172,-0.00848828,14.24,14.24,-0.0305329,-0.0105,-1.223,0.2,0.2,-38.4531
237,3.94,-115.5,117.4,-2.0023,9.99039,-0.1208,-0.00884862,14.24,14.24,-0.0306927,-0.012,-1.262,0.2,0.2,-40.4499
238,3.72,-115.94,117.9,-2.0084,9.99041,-0.1254,-0.00908884,14.24,14.24,-0.0336624,-0.017,-1.3635,0.2,0.2,-40.0637
239,3.48,-116.38,118.4,-2.0149,9.99047,-0.1344,-0.00968939,14.24,14.24,-0.0353802,-0.021,-1.473,0.2,0.2,-34.722
240,3.26,-116.84,118.9,-2.0219,9.99051,-0.1422,-0.0101398,14.24,14.24,-0.0351139,-0.01875,-1.457,0.2,0.2,-34.1228
241,3.02,-117.28,119.4,-2.029,9.9905,-0.142,-0.00998966,14.24,14.24,-0.0305595,-0.00825,-1.262,0.2,0.2,-28.6256
242,2.8,-117.72,119.9,-2.0358,9.99043,-0.1296,-0.00923898,14.24,14.24,-0.0300668,-0.006,-1.19,0.2,0.2,-26.2281
243,2.56,-118.16,120.4,-2.0421,9.99039,-0.1194,-0.00881859,14.24,14.24,-0.0252461,-0.001,-1.0165,0.2,0.2,-24.9762
244,2.32,-118.6,120.9,-2.0477,9.99281,-0.1054,-0.00785573,14.24,14.24,-0.0231953,0.002,-0.8595,-71.05,-71.05,-23.2637
245,2.08,-119.04,121.4,-2.0526,9.99275,-0.0942,-0.00710521,14.24,14.24,-0.0220234,0.0015,-0.83,-71.05,-71.05,-18.3736
246,1.84,-119.48,121.9,-2.0572,9.99272,-0.088,-0.00665489,10.64,10.64,-0.0205053,-0.01775,-0.7775,0.95,0.95,-19.1666
247,1.6,-119.9,122.4,-2.0614,9.99268,-0.0818,-0.00605447,10.64,10.64,-0.0162839,-0.01375,-0.611,0.95,0.95,-15.6032
248,1.36,-120.34,122.9,-2.0652,9.99013,-0.0704,-0.00518514,10.64,10.64,-0.0169364,-0.0145,-0.6145,72.2,72.2,-13.3426
249,1.12,-120.78,123.4,-2.0686,9.99012,-0.065,-0.00491488,10.64,10.64,-0.013767,-0.01325,-0.5455,72.2,72.2,-11.6301
250,0.88,-121.22,123.9,-2.0717,9.99009,-0.0572,-0.00428426,14.24,14.24,-0.0118493,0.008,-0.421,0.2,0.2,-11.6307
251,0.62,-121.66,124.4,-2.0743,9.99007,-0.0486,-0.00365364,14.24,14.24,-0.0103046,0.00825,-0.373,0.2,0.2,-10.9201
252,0.38,-122.08,124.9,-2.0766,9.99005,-0.042,-0.00326325,14.24,14.24,-0.0102646,0.008,-0.374,0.2,0.2,-5.78552
253,0.14,-122.52,125.4,-2.0786,9.99255,-0.04,-0.0030823,14.24,14.24,-0.0096121,0.00775,-0.3625,-71.05,-71.05,-9.48811
254,-0.12,-122.96,125.9,-2.0806,9.99254,-0.0372,-0.00275206,14.24,14.24,-0.00519091,0.0095,-0.1895,-71.05,-71.05,-4.31583
255,-0.36,-123.4,126.4,-2.0822,9.99252,-0.0274,-0.0020015,10.64,10.64,-0.00838695,-0.01125,-0.274,0.95,0.95,-19.981
256,-0.6,-123.82,126.9,-2.0835,9.99252,-0.027,-0.00215161,10.64,10.64,-0.00383259,-0.0105,-0.181,0.95,0.95,-21.5961
257,-0.86,-124.26,127.4,-2.0847,9.99002,-0.0256,-0.002002,10.64,10.64,-0.0173359,-0.01925,-0.6195,72.2,72.2,-19.1198
258,-1.1,-124.7,127.9,-2.0867,9.99009,-0.0544,-0.0042242,10.64,10.64,-0.0185344,-0.02425,-0.8885,72.2,72.2,-20.2067
259,-1.36,-125.12,128.4,-2.09,9.99012,-0.0748,-0.00497493,14.24,14.24,-0.0167233,0.002,-0.7195,0.2,0.2,-19.4306
260,-1.6,-125.56,128.9,-2.0938,9.99011,-0.0746,-0.00476473,14.24,14.24,-0.0177221,0.003,-0.762,0.2,0.2,-27.3959
261,-1.86,-125.98,129.4,-2.0975,9.99013,-0.0714,-0.00503499,14.24,14.24,-0.0170429,0.00325,-0.76,0.2,0.2,-14.1772
262,-2.12,-126.42,129.9,-2.101,9.99015,-0.0716,-0.00542537,14.24,14.24,-0.0238878,-0.00525,-0.966,0.2,0.2,-10.0115
263,-2.38,-126.84,130.4,-2.1049,9.99019,-0.0832,-0.00620613,14.24,14.24,-0.0125019,0.00625,-0.581,0.2,0.2,-17.1683
264,-2.64,-127.26,130.9,-2.1087,9.99009,-0.064,-0.00431429,14.24,14.24,-0.00918596,0.01075,-0.252,0.2,0.2,-6.16952
265,-2.9,-127.7,131.4,-2.1113,9.99256,-0.0432,-0.0033525,14.24,14.24,-0.015072,0.0055,-0.5545,-71.05,-71.05,-13.3251
266,-3.16,-128.12,131.9,-2.1135,9.99258,-0.0458,-0.00392292,14.24,14.24,-0.00548388,0.00925,-0.254,-71.05,-71.05,-11.977
267,-3.42,-128.54,132.4,-2.1155,9.99253,-0.035,-0.00263197,10.64,10.64,-0.0118227,-0.012,-0.313,0.95,0.95,-18.3509
268,-3.7,-128.96,132.9,-2.1173,9.99255,-0.0394,-0.0030823,10.64,10.64,-0.0103845,-0.0135,-0.468,0.95,0.95,-11.9539
269,-3.96,-129.4,133.4,-2.1194,9.99006,-0.0452,-0.00332331,10.64,10.64,-0.0159776,-0.0175,-0.618,72.2,72.2,-18.6296
270,-4.22,-129.82,133.9,-2.122,9.99008,-0.0568,-0.00398396,10.64,10.64,-0.0104644,-0.01325,-0.4935,72.2,72.2,-10.2164
271,-4.48,-130.24,134.4,-2.1248,9.99006,-0.0528,-0.00353352,14.24,14.24,-0.0163504,0.004,-0.6245,0.2,0.2,-24.0318
272,-4.76,-130.66,134.9,-2.1275,9.99008,-0.0564,-0.00410408,14.24,14.24,-0.00897289,0.008,-0.4585,0.2,0.2,-12.8126
273,-5.02,-131.08,135.4,-2.1301,9.99007,-0.0498,-0.00365364,14.24,14.24,-0.0209847,-0.001,-0.7635,0.2,0.2,-16.4173
274,-5.3,-131.5,135.9,-2.133,9.99013,-0.0662,-0.00506502,14.24,14.24,-0.0111435,0.00575,-0.583,0.2,0.2,-2.5308
275,-5.56,-131.92,136.4,-2.1362,9.99258,-0.0588,-0.00401299,14.24,14.24,-0.0145926,0.007,-0.484,-71.05,-71.05,-13.6204
276,-5.84,-132.34,136.9,-2.139,9.99257,-0.051,-0.0036227,14.24,14.24,-0.00243432,0.00975,-0.1585,-71.05,-71.05,-6.40786
277,-6.1,-132.76,137.4,-2.1409,9.99252,-0.0268,-0.00206154,10.64,10.64,-0.012089,-0.0115,-0.333,0.95,0.95,-33.1206
278,-6.38,-133.18,137.9,-2.1423,9.99254,-0.0318,-0.00293219,10.64,10.64,-0.00553714,-0.01125,-0.2925,0.95,0.95,-25.911
279,-6.66,-133.6,138.4,-2.1439,9.99005,-0.0382,-0.00308307,10.64,10.64,-0.0287085,-0.03675,-1.0405,72.2,72.2,-44.6167
280,-6.94,-134,138.9,-2.1471,9.99021,-0.0878,-0.00650641,10.64,10.64,-0.0222498,-0.0305,-1.126,72.2,72.2,-16.8096
281,-7.22,-134.42,139.4,-2.152,9.98775,-0.1088,-0.00701866,14.24,14.24,-0.0389225,-0.03525,-1.5765,71.45,71.45,-15.136
282,-7.5,-134.84,139.9,-2.1583,9.98789,-0.1338,-0.0088208,14.24,14.24,-0.0148057,0.00525,-0.8795,71.45,71.45,-30.5748
283,-7.78,-135.24,140.4,-2.1641,9.98766,-0.0914,-0.00557691,17.76,17.76,-0.01398,0.03225,-0.4115,1.05,1.05,-22.1752
284,-8.06,-135.66,140.9,-2.1677,9.99013,-0.0612,-0.00506502,17.76,17.76,-0.0266444,0.01275,-1.07,-70.2,-70.2,-45.1243
285,-8.36,-136.06,141.4,-2.1712,9.99026,-0.082,-0.0072271,17.76,17.76,-0.0192801,0.0175,-0.848,-70.2,-70.2,-27.3752
286,-8.64,-136.46,141.9,-2.1755,9.99275,-0.095,-0.00704517,14.24,14.24,-0.0393487,-0.034,-1.4415,-71.05,-71.05,-22.9628
287,-8.94,-136.88,142.4,-2.1814,9.99044,-0.133,-0.00935909,14.24,14.24,-0.0238345,-0.006,-1.164,0.2,0.2,-25.8472
288,-9.24,-137.28,142.9,-2.1878,9.99027,-0.1172,-0.00734722,10.64,10.64,-0.0205985,-0.0125,-0.7435,72.2,72.2,-21.5317
289,-9.54,-137.68,143.4,-2.1929,9.9902,-0.0904,-0.00629621,14.24,14.24,-0.0227692,0.00175,-0.938,0.2,0.2,-33.5082
290,-9.84,-138.08,143.9,-2.1972,9.99022,-0.0834,-0.00665656,14.24,14.24,-0.0189339,0.002,-0.7895,0.2,0.2,-30.2251
291,-10.14,-138.48,144.4,-2.2013,9.99271,-0.0826,-0.00650479,14.24,14.24,-0.0292811,-0.0115,-1.08,-71.05,-71.05,-43.9093
292,-10.44,-138.88,144.9,-2.2059,9.99031,-0.1048,-0.00788772,14.24,14.24,-0.0263114,-0.01,-1.137,0.2,0.2,-38.3993
293,-10.74,-139.26,145.4,-2.2115,9.99034,-0.117,-0.00821803,10.64,10.64,-0.0383366,-0.04975,-1.5295,72.2,72.2,-47.8554
294,-11.06,-139.66,145.9,-2.218,9.9905,-0.1424,-0.00995963,14.24,14.24,-0.0334892,-0.021,-1.5125,0.2,0.2,-42.5137
295,-11.36,-140.04,146.35,-2.2253,9.98801,-0.1474,-0.0100823,14.24,14.24,-0.0419188,-0.03275,-1.7145,71.45,71.45,-47.7242
296,-11.68,-140.44,146.9,-2.233,9.98814,-0.1604,-0.0113437,14.24,14.24,-0.0371913,-0.024,-1.648,71.45,71.45,-48.1898
297,-12,-140.82,147.4,-2.241,9.98813,-0.159,-0.0112536,17.76,17.76,-0.0418789,-0.00925,-1.6925,1.05,1.05,-44.2159
298,-12.32,-141.2,147.9,-2.2491,9.98822,-0.1654,-0.0120044,17.76,17.76,-0.0421718,-0.01325,-1.777,1.05,1.05,-52.5098
299,-12.66,-141.58,148.4,-2.2575,9.98824,-0.1692,-0.0121546,17.76,17.76,-0.0388559,-0.002,-1.583,1.05,1.05,-48.7192
300,-12.98,-141.94,148.85,-2.2658,9.9907,-0.1654,-0.0118513,17.76,17.76,-0.0460204,-0.01875,-1.842,-70.2,-70.2,-51.7369
301,-13.32,-142.32,149.4,-2.2744,9.99083,-0.177,-0.0128722,17.76,17.76,-0.0426779,-0.01375,-1.8,-70.2,-70.2,-52.9574
302,-13.66,-142.7,149.9,-2.2833,9.9908,-0.1786,-0.012692,14.24,14.24,-0.0454211,-0.03475,-1.812,0.2,0.2,-51.3547
303,-14,-143.06,150.4,-2.2923,9.99085,-0.1828,-0.0130523,14.24,14.24,-0.0464066,-0.03975,-1.9265,0.2,0.2,-54.977
304,-14.34,-143.42,150.9,-2.3016,9.98839,-0.1868,-0.0133559,14.24,14.24,-0.0451015,-0.0345,-1.851,71.45,71.45,-56.0862
305,-14.7,-143.78,151.4,-2.3109,9.98839,-0.1866,-0.0133259,14.24,14.24,-0.0482443,-0.04175,-1.956,71.45,71.45,-50.1855
306,-15.04,-144.14,151.9,-2.3204,9.98846,-0.1928,-0.0138965,17.76,17.76,-0.0491499,-0.027,-2.034,1.05,1.05,-59.3323
307,-15.4,-144.48,152.4,-2.3301,9.98848,-0.1964,-0.0140166,17.76,17.76,-0.0441294,-0.01,-1.8015,1.05,1.05,-56.415
308,-15.76,-144.84,152.9,-2.3397,9.98841,-0.1892,-0.013476,17.76,17.76,-0.0520663,-0.0305,-2.079,1.05,1.05,-56.8642
309,-16.12,-145.18,153.4,-2.3495,9.98857,-0.2008,-0.0146172,17.76,17.76,-0.0494029,-0.02875,-2.0785,1.05,1.05,-61.2238
310,-16.48,-145.52,153.9,-2.3596,9.98855,-0.2038,-0.0144971,17.76,17.76,-0.0499755,-0.0235,-1.999,1.05,1.05,-57.9777
311,-16.86,-145.86,154.4,-2.3698,9.98857,-0.205,-0.0146172,17.76,17.76,-0.0536909,-0.0365,-2.202,1.05,1.05,-57.4919
312,-17.22,-146.18,154.85,-2.3803,9.98866,-0.2126,-0.0152479,17.76,17.76,-0.0508944,-0.02825,-2.109,1.05,1.05,-57.2198
313,-17.6,-146.52,155.4,-2.3909,9.98861,-0.21,-0.0149175,17.76,17.76,-0.0505615,-0.02275,-2.0325,1.05,1.05,-53.331
314,-17.98,-146.84,155.9,-2.4013,9.98858,-0.2058,-0.0147374,17.76,17.76,-0.0502685,-0.0235,-2.047,1.05,1.05,-58.0618
315,-18.36,-147.16,156.4,-2.4115,9.99106,-0.2022,-0.0145836,17.76,17.76,-0.0469126,-0.01425,-1.8955,-70.2,-70.2,-56.1006
316,-18.76,-147.48,156.9,-2.4214,9.991,-0.1956,-0.0141332,17.76,17.76,-0.0509743,-0.026,-2.0255,-70.2,-70.2,-55.7057
317,-19.14,-147.78,157.4,-2.4313,9.99107,-0.201,-0.0146136,14.24,14.24,-0.0492165,-0.04425,-2.019,0.2,0.2,-56.1507
318,-19.54,-148.1,157.9,-2.4414,9.99104,-0.2016,-0.0144034,14.24,14.24,-0.0489634,-0.04,-1.959,0.2,0.2,-52.582
319,-19.94,-148.4,158.4,-2.4514,9.98852,-0.1998,-0.0142569,14.24,14.24,-0.0493097,-0.04175,-2.003,71.45,71.45,-56.723
320,-20.32,-148.7,158.9,-2.4614,9.98851,-0.1982,-0.0142268,14.24,14.24,-0.0462202,-0.0335,-1.881,71.45,71.45,-52.8801
321,-20.74,-149,159.4,-2.4711,9.98846,-0.1926,-0.0138364,17.76,17.76,-0.0498157,-0.0235,-1.99,1.05,1.05,-57.9023
322,-21.14,-149.3,159.9,-2.4808,9.98851,-0.196,-0.0141968,17.76,17.76,-0.0464199,-0.01725,-1.9075,1.05,1.05,-61.5022
323,-21.54,-149.58,160.4,-2.4906,9.98847,-0.194,-0.0139265,17.76,17.76,-0.0508411,-0.027,-2.0255,1.05,1.05,-59.7196
324,-21.96,-149.88,160.9,-2.5005,9.98858,-0.203,-0.0146773,17.76,17.76,-0.0538907,-0.041,-2.2295,1.05,1.05,-63.9204
325,-22.36,-150.16,161.4,-2.5109,9.98867,-0.2148,-0.0153079,17.76,17.76,-0.0524125,-0.033,-2.1555,1.05,1.05,-58.5037
326,-22.78,-150.42,161.9,-2.5218,9.98867,-0.2174,-0.015338,17.76,17.76,-0.0561279,-0.04125,-2.288,1.05,1.05,-59.8766
327,-23.2,-150.7,162.4,-2.5328,9.98874,-0.2222,-0.0157884,17.76,17.76,-0.0513738,-0.027,-2.1405,1.05,1.05,-58.3785
328,-23.62,-150.96,162.9,-2.5437,9.98866,-0.2146,-0.0152479,17.76,17.76,-0.0526788,-0.02625,-2.1085,1.05,1.05,-59.8021
329,-24.06,-151.22,163.4,-2.5544,9.98867,-0.2116,-0.0152779,17.76,17.76,-0.0512806,-0.026,-2.0945,1.05,1.05,-58.3525
330,-24.48,-151.48,163.9,-2.5649,9.98865,-0.2094,-0.0151578,17.76,17.76,-0.0525324,-0.0295,-2.1065,1.05,1.05,-58.4457
331,-24.9,-151.74,164.4,-2.5754,9.98866,-0.211,-0.0152178,17.76,17.76,-0.0512539,-0.02675,-2.0755,1.05,1.05,-63.4306
332,-25.34,-151.98,164.9,-2.5859,9.99112,-0.2096,-0.0150039,17.76,17.76,-0.0513738,-0.026,-2.0665,-70.2,-70.2,-58.3099
333,-25.78,-152.24,165.4,-2.5964,9.99114,-0.2104,-0.015124,17.76,17.76,-0.0556485,-0.04125,-2.2615,-70.2,-70.2,-65.8429
334,-26.22,-152.48,165.9,-2.6071,9.98873,-0.219,-0.0156983,14.24,14.24,-0.0511873,-0.047,-2.1095,71.45,71.45,-63.6173
335,-26.66,-152.7,166.4,-2.618,9.98868,-0.2164,-0.015368,14.24,14.24,-0.0578325,-0.06425,-2.318,71.45,71.45,-62.9951
336,-27.1,-152.94,166.9,-2.6291,9.98633,-0.2268,-0.016303,17.76,17.76,-0.055795,-0.04275,-2.332,72.3,72.3,-64.1194
337,-27.54,-153.16,167.4,-2.6405,9.98631,-0.2286,-0.0162129,17.76,17.76,-0.0553822,-0.035,-2.237,72.3,72.3,-63.3565
338,-28,-153.38,167.9,-2.6519,9.9888,-0.2266,-0.0161188,21.36,21.36,-0.056341,-0.01875,-2.2985,-70.95,-70.95,-62.6338
339,-28.46,-153.6,168.4,-2.6632,9.98883,-0.227,-0.0162989,21.36,21.36,-0.0556485,-0.0175,-2.273,-70.95,-70.95,-55.9239
340,-28.9,-153.8,168.9,-2.6746,9.98881,-0.2262,-0.0162088,17.76,17.76,-0.0550492,-0.034,-2.222,1.05,1.05,-59.0744
341,-29.36,-154,169.4,-2.6858,9.98875,-0.2214,-0.0158185,17.76,17.76,-0.0492431,-0.016,-1.9855,1.05,1.05,-53.8939
342,-29.82,-154.2,169.9,-2.6965,9.99111,-0.2074,-0.0148838,17.76,17.76,-0.051973,-0.02325,-2.047,-70.2,-70.2,-56.2445
343,-30.28,-154.4,170.4,-2.7068,9.99111,-0.2046,-0.0149138,17.76,17.76,-0.0473654,-0.016,-1.9245,-70.2,-70.2,-56.3985
344,-30.74,-154.58,170.9,-2.7168,9.99101,-0.1974,-0.0142533,14.24,14.24,-0.0494562,-0.03925,-1.9345,0.2,0.2,-53.5142
345,-31.2,-154.78,171.4,-2.7267,9.99103,-0.198,-0.0143434,14.24,14.24,-0.0494961,-0.044,-2.01,0.2,0.2,-57.4867
346,-31.68,-154.96,171.9,-2.7366,9.98852,-0.1992,-0.0143169,14.24,14.24,-0.0470458,-0.03575,-1.8945,71.45,71.45,-49.6267
347,-32.14,-155.14,172.4,-2.7465,9.98848,-0.1956,-0.0139866,14.24,14.24,-0.0504816,-0.045,-2.025,71.45,71.45,-55.5696
348,-32.6,-155.3,172.9,-2.7564,9.98851,-0.1978,-0.0141968,17.76,17.76,-0.0436234,-0.009,-1.8015,1.05,1.05,-48.8274
349,-33.08,-155.48,173.4,-2.766,9.98839,-0.187,-0.0133559,17.76,17.76,-0.0488436,-0.019,-1.9145,1.05,1.05,-52.7772
350,-33.54,-155.64,173.9,-2.7754,9.99095,-0.189,-0.0137729,17.76,17.76,-0.0428909,-0.00925,-1.7815,-70.2,-70.2,-50.9358
351,-34.02,-155.8,174.4,-2.7846,9.99085,-0.1816,-0.0130523,17.76,17.76,-0.0463933,-0.014,-1.81,-70.2,-70.2,-49.5117
352,-34.5,-155.96,174.9,-2.7937,9.99089,-0.1834,-0.0133225,14.24,14.24,-0.0446754,-0.034,-1.835,0.2,0.2,-51.2299
353,-34.98,-156.1,175.4,-2.8029,9.99086,-0.1822,-0.0131124,14.24,14.24,-0.0435302,-0.02875,-1.739,0.2,0.2,-41.8454
354,-35.46,-156.26,175.9,-2.8119,9.99082,-0.1788,-0.0128421,14.24,14.24,-0.0449817,-0.033,-1.81,0.2,0.2,-48.3155
355,-35.92,-156.4,176.4,-2.8209,9.99081,-0.177,-0.012722,14.24,14.24,-0.0368717,-0.015,-1.5075,0.2,0.2,-44.2186
356,-36.4,-156.54,176.9,-2.8293,9.99067,-0.1612,-0.0115811,14.24,14.24,-0.0425181,-0.02475,-1.631,0.2,0.2,-47.8114
357,-36.88,-156.68,177.4,-2.8374,9.98823,-0.163,-0.0120645,14.24,14.24,-0.0387494,-0.0235,-1.611,71.45,71.45,-46.647
358,-37.38,-156.82,177.9,-2.8455,9.98819,-0.1618,-0.0117341,14.24,14.24,-0.0419987,-0.02775,-1.6415,71.45,71.45,-43.6386
359,-37.86,-156.94,178.4,-2.8537,9.98822,-0.1666,-0.0120345,17.76,17.76,-0.0408934,-0.00825,-1.681,1.05,1.05,-44.6035
360,-38.34,-157.06,178.9,-2.862,9.9907,-0.1662,-0.0118513,17.76,17.76,-0.0383632,-0.00025,-1.5475,-70.2,-70.2,-36.5567
361,-38.82,-157.18,179.4,-2.8702,9.99065,-0.1594,-0.0114009,17.76,17.76,-0.0391889,-0.0015,-1.5695,-70.2,-70.2,-40.9848
362,-39.3,-157.3,179.9,-2.878,9.99063,-0.1544,-0.0111907,14.24,14.24,-0.0322108,-0.00875,-1.3165,0.2,0.2,-37.0785
363,-39.8,-157.42,180.4,-2.8854,9.99051,-0.1396,-0.0101398,14.24,14.24,-0.036086,-0.01425,-1.371,0.2,0.2,-40.375
364,-40.28,-157.54,180.9,-2.8923,9.99053,-0.1388,-0.01032,14.24,14.24,-0.0325304,-0.01275,-1.335,0.2,0.2,-42.0381
365,-40.76,-157.64,181.4,-2.8992,9.9905,-0.136,-0.00995963,14.24,14.24,-0.0354735,-0.0165,-1.372,0.2,0.2,-39.084
366,-41.26,-157.74,181.9,-2.9061,9.99053,-0.141,-0.0102599,14.24,14.24,-0.0367918,-0.02225,-1.5075,0.2,0.2,-38.9904
367,-41.74,-157.84,182.4,-2.9133,9.99055,-0.1466,-0.0105001,14.24,14.24,-0.0343149,-0.01575,-1.4035,0.2,0.2,-32.4551
368,-42.24,-157.94,182.9,-2.9205,9.99051,-0.143,-0.0101098,14.24,14.24,-0.0342882,-0.01375,-1.375,0.2,0.2,-36.5609
369,-42.72,-158.04,183.4,-2.9276,9.99048,-0.1368,-0.0098095,14.24,14.24,-0.0286019,-0.00475,-1.176,0.2,0.2,-33.5181
370,-43.22,-158.14,183.9,-2.934,9.9904,-0.1234,-0.00899876,14.24,14.24,-0.0321709,-0.00975,-1.2345,0.2,0.2,-37.948
371,-43.7,-158.22,184.4,-2.9402,9.99043,-0.1234,-0.00923898,14.24,14.24,-0.0293876,-0.009,-1.206,0.2,0.2,-36.2514
372,-44.2,-158.32,184.9,-2.9463,9.99041,-0.123,-0.00902878,14.24,14.24,-0.0333028,-0.01475,-1.292,0.2,0.2,-35.523
373,-44.7,-158.4,185.4,-2.9527,9.99045,-0.13,-0.00944917,14.24,14.24,-0.0317447,-0.01375,-1.314,0.2,0.2,-38.6641
374,-45.18,-158.48,185.9,-2.9592,9.99043,-0.1308,-0.00929903,14.24,14.24,-0.0312254,-0.0105,-1.2535,0.2,0.2,-29.9917
375,-45.68,-158.56,186.4,-2.9657,9.99043,-0.129,-0.00923898,14.24,14.24,-0.0339021,-0.016,-1.379,0.2,0.2,-36.9572
376,-46.18,-158.62,186.9,-2.9722,9.99045,-0.1308,-0.00944917,14.24,14.24,-0.0263914,-0.00375,-1.11,0.2,0.2,-30.7777
377,-46.68,-158.7,187.4,-2.9784,9.99036,-0.1184,-0.00848828,14.24,14.24,-0.0324905,-0.01075,-1.2315,0.2,0.2,-30.9955
378,-47.16,-158.76,187.9,-2.9844,9.99041,-0.1212,-0.00902878,14.24,14.24,-0.0269773,-0.0065,-1.1515,0.2,0.2,-31.4469
379,-47.66,-158.84,188.4,-2.9903,9.99285,-0.115,-0.00833606,14.24,14.24,-0.0273235,-0.00375,-1.0325,-71.05,-71.05,-28.4437
380,-48.16,-158.9,188.9,-2.996,9.99283,-0.1104,-0.00806587,14.24,14.24,-0.0275899,-0.00625,-1.107,-71.05,-71.05,-35.3591
381,-48.66,-158.96,189.4,-3.0015,9.99282,-0.1094,-0.00803585,10.64,10.64,-0.0250064,-0.02275,-1.007,0.95,0.95,-28.9968
382,-49.14,-159.02,189.9,-3.0068,9.9903,-0.1066,-0.00779764,10.64,10.64,-0.0309724,-0.032,-1.2085,72.2,72.2,-35.1825
383,-49.64,-159.06,190.4,-3.0124,9.99036,-0.1158,-0.00848828,10.64,10.64,-0.0254192,-0.025,-1.0875,72.2,72.2,-26.6918
384,-50.14,-159.12,190.9,-3.0181,9.99032,-0.1124,-0.00797781,14.24,14.24,-0.0308791,-0.0105,-1.191,0.2,0.2,-27.8356
385,-50.64,-159.16,191.4,-3.0238,9.99035,-0.116,-0.0083982,14.24,14.24,-0.023435,-0.00175,-1.022,0.2,0.2,-27.3859
386,-51.14,-159.22,191.9,-3.0294,9.99027,-0.104,-0.00740727,14.24,14.24,-0.0245803,0,-0.921,0.2,0.2,-22.4921
387,-51.64,-159.26,192.4,-3.0344,9.99026,-0.0974,-0.00725713,14.24,14.24,-0.0240343,-0.00225,-0.977,0.2,0.2,-30.6102
388,-52.14,-159.3,192.9,-3.0392,9.99025,-0.0944,-0.00707696,14.24,14.24,-0.0198395,0.00275,-0.7805,0.2,0.2,-24.1359
389,-52.62,-159.34,193.4,-3.0437,9.99021,-0.0876,-0.00650641,14.24,14.24,-0.0268308,-0.006,-1.008,0.2,0.2,-30.97
390,-53.12,-159.38,193.9,-3.0483,9.99026,-0.097,-0.00725713,14.24,14.24,-0.0211179,-0.001,-0.917,0.2,0.2,-23.6917
391,-53.62,-159.42,194.4,-3.0531,9.99023,-0.095,-0.00677667,14.24,14.24,-0.0271637,-0.006,-1.0265,0.2,0.2,-27.0074
392,-54.12,-159.46,194.9,-3.058,9.99027,-0.1012,-0.00731719,14.24,14.24,-0.0207583,-0.00025,-0.9265,0.2,0.2,-25.8061
393,-54.62,-159.48,195.4,-3.0629,9.99022,-0.0934,-0.0065965,14.24,14.24,-0.0237812,-0.00075,-0.9025,0.2,0.2,-21.4414
394,-55.12,-159.52,195.9,-3.0675,9.99273,-0.0922,-0.006805,14.24,14.24,-0.022596,-0.00175,-0.949,-71.05,-71.05,-29.9864
395,-55.62,-159.54,196.4,-3.0721,9.99272,-0.0902,-0.00662487,14.24,14.24,-0.0189073,0.0035,-0.75,-71.05,-71.05,-19.2899
396,-56.12,-159.56,196.9,-3.0764,9.99269,-0.084,-0.00617455,10.64,10.64,-0.0262449,-0.0255,-1.003,0.95,0.95,-31.9171
397,-56.62,-159.6,197.4,-3.0809,9.99024,-0.0928,-0.00692682,10.64,10.64,-0.0169497,-0.0165,-0.7615,72.2,72.2,-50.8878
398,-57.12,-159.62,197.9,-3.0853,9.99018,-0.0844,-0.00602595,10.64,10.64,-0.0280027,-0.027,-1.0155,72.2,72.2,-42.7529
399,-57.62,-159.64,198.4,-3.0899,9.99034,-0.1078,-0.00821803,14.24,14.24,-0.044156,-0.057,-1.932,0.2,0.2,-44.9996
400,-58.12,-159.64,198.9,-3.0967,9.98814,-0.1578,-0.0112836,14.24,14.24,-0.0372446,-0.031,-1.6465,71.45,71.45,-35.626
401,-58.62,-159.64,199.4,-3.1048,9.98808,-0.1648,-0.0107731,14.24,14.24,-0.0395484,-0.023,-1.611,71.45,71.45,-17.7201
402,-59.12,-159.64,199.9,-3.113,9.98808,-0.1582,-0.0108031,17.76,17.76,-0.0313852,0.011,-1.41,1.05,1.05,-9.90334
403,-59.62,-159.64,200.4,-3.1203,9.98792,-0.1298,-0.00921125,17.76,17.76,-0.0161507,0.0305,-0.6295,1.05,1.05,-16.6771
404,-60.12,-159.64,200.9,-3.1255,9.99018,-0.0784,-0.00593587,17.76,17.76,-0.00934577,0.03225,-0.179,-70.2,-70.2,-16.4073
405,-60.62,-159.64,201.4,-3.1283,9.99259,-0.0416,-0.00413308,17.76,17.76,-0.014779,0.02775,-0.4165,-141.45,-141.45,-28.8394
406,-61.12,-159.66,201.9,-3.1304,9.9926,-0.0454,-0.00458341,14.24,14.24,-0.0142996,0.004,-0.496,-71.05,-71.05,-30.8314
407,-61.62,-159.66,202.4,-3.133,9.99261,-0.0608,-0.00479356,10.64,10.64,-0.0250863,-0.029,-0.8975,0.95,0.95,-35.3768
408,-62.12,-159.64,202.9,-3.1368,9.99271,-0.0922,-0.00641472,10.64,10.64,-0.0267243,-0.03375,-1.186,0.95,0.95,-34.9249
409,-62.62,-159.64,203.4,3.1412,9.99027,-0.1118,-0.00734722,10.64,10.64,-0.0308791,-0.03625,-1.3305,72.2,72.2,-29.7871
410,-63.12,-159.62,203.9,3.1352,9.99034,-0.124,-0.00830812,10.64,10.64,-0.0305063,-0.034,-1.371,72.2,72.2,-35.9463
411,-63.62,-159.6,204.4,3.129,9.98787,-0.1242,-0.00855048,14.24,14.24,-0.0262049,-0.004,-1.1425,71.45,71.45,-27.188
412,-64.12,-159.6,204.9,3.1231,9.98784,-0.1142,-0.00822009,14.24,14.24,-0.031545,-0.01125,-1.267,71.45,71.45,-39.6819
413,-64.6,-159.56,205.4,3.1173,9.99039,-0.1172,-0.00878856,17.76,17.76,-0.0238745,0.01725,-1.0265,-70.2,-70.2,-29.9177
414,-65.1,-159.54,205.9,3.1116,9.99033,-0.1098,-0.00809792,17.76,17.76,-0.0347943,0.0025,-1.298,-70.2,-70.2,-40.1364
415,-65.6,-159.52,206.4,3.1058,9.99043,-0.1244,-0.00923898,14.24,14.24,-0.026165,-0.007,-1.1535,0.2,0.2,-36.2169
416,-66.1,-159.48,206.9,3.0997,9.99036,-0.1204,-0.00848828,14.24,14.24,-0.0352337,-0.017,-1.329,0.2,0.2,-36.9651
417,-66.6,-159.46,207.4,3.0933,9.99045,-0.1318,-0.00953925,14.24,14.24,-0.0316249,-0.0155,-1.386,0.2,0.2,-42.3914
418,-67.1,-159.42,207.9,3.0867,9.99044,-0.133,-0.00938911,14.24,14.24,-0.0324905,-0.01225,-1.296,0.2,0.2,-32.99
419,-67.6,-159.38,208.4,3.0801,9.99046,-0.1338,-0.0095993,14.24,14.24,-0.0370848,-0.02325,-1.531,0.2,0.2,-45.3937
420,-68.1,-159.32,208.9,3.0731,9.99052,-0.1414,-0.0101998,14.24,14.24,-0.0289881,-0.00775,-1.236,0.2,0.2,-39.2559
421,-68.6,-159.28,209.4,3.0663,9.99044,-0.1324,-0.00941914,14.24,14.24,-0.0398147,-0.02475,-1.5325,0.2,0.2,-40.2276
422,-69.1,-159.22,209.9,3.0594,9.99058,-0.1464,-0.0108004,14.24,14.24,-0.0342882,-0.01975,-1.501,0.2,0.2,-46.4761
423,-69.58,-159.16,210.4,3.052,9.99054,-0.146,-0.01035,14.24,14.24,-0.0353935,-0.015,-1.378,0.2,0.2,-38.4206
424,-70.08,-159.1,210.9,3.0448,9.99055,-0.146,-0.0104701,14.24,14.24,-0.0406404,-0.02975,-1.6755,0.2,0.2,-48.6099
425,-70.58,-159.04,211.4,3.0372,9.98813,-0.1554,-0.0112536,14.24,14.24,-0.0337289,-0.015,-1.4265,71.45,71.45,-47.8855
426,-71.08,-158.98,211.9,3.0296,9.98806,-0.1494,-0.0106229,14.24,14.24,-0.0426379,-0.03,-1.6635,71.45,71.45,-48.196
427,-71.56,-158.9,212.4,3.0218,9.98821,-0.1626,-0.0118843,17.76,17.76,-0.0418389,-0.01575,-1.7955,1.05,1.05,-53.9765
428,-72.06,-158.82,212.9,3.0134,9.98824,-0.171,-0.0121846,17.76,17.76,-0.0422917,-0.01075,-1.7125,1.05,1.05,-49.4255
429,-72.56,-158.74,213.4,3.0048,9.98827,-0.175,-0.0124249,17.76,17.76,-0.0472722,-0.024,-1.948,1.05,1.05,-54.0522
430,-73.04,-158.66,213.9,2.9958,9.99087,-0.185,-0.0132325,17.76,17.76,-0.0433437,-0.01325,-1.827,-70.2,-70.2,-55.6472
431,-73.54,-158.56,214.4,2.9866,9.99084,-0.183,-0.0129622,17.76,17.76,-0.0474586,-0.0195,-1.906,-70.2,-70.2,-50.9949
432,-74.02,-158.46,214.9,2.9773,9.99093,-0.189,-0.0136228,14.24,14.24,-0.0487504,-0.0465,-2.0345,0.2,0.2,-57.8611
433,-74.52,-158.36,215.4,2.9677,9.98847,-0.1946,-0.0139265,14.24,14.24,-0.0448086,-0.03225,-1.8325,71.45,71.45,-57.5423
434,-75,-158.26,215.9,2.9581,9.98842,-0.19,-0.0135361,14.24,14.24,-0.0507878,-0.04675,-2.0365,71.45,71.45,-59.856
435,-75.5,-158.14,216.4,2.9484,9.98854,-0.1992,-0.014437,17.76,17.76,-0.050415,-0.03125,-2.109,1.05,1.05,-62.0551
436,-75.98,-158.04,216.9,2.9382,9.98858,-0.206,-0.0147073,17.76,17.76,-0.0525457,-0.03325,-2.1295,1.05,1.05,-56.9194
437,-76.46,-157.9,217.4,2.9277,9.98865,-0.2128,-0.0151578,17.76,17.76,-0.0544233,-0.039,-2.244,1.05,1.05,-61.1652
438,-76.94,-157.78,217.9,2.9169,9.98869,-0.2174,-0.0154281,17.76,17.76,-0.0500421,-0.023,-2.0635,1.05,1.05,-60.6639
439,-77.42,-157.64,218.4,2.9063,9.98862,-0.2104,-0.0149476,17.76,17.76,-0.0537575,-0.03125,-2.16,1.05,1.05,-61.1304
440,-77.9,-157.5,218.9,2.8957,9.98869,-0.2136,-0.0154581,17.76,17.76,-0.0532381,-0.0345,-2.1985,1.05,1.05,-63.1159
441,-78.38,-157.36,219.4,2.8849,9.98871,-0.2164,-0.0155482,17.76,17.76,-0.0536909,-0.03325,-2.165,1.05,1.05,-60.1932
442,-78.86,-157.22,219.9,2.8741,9.98872,-0.2188,-0.0156383,17.76,17.76,-0.0554088,-0.03875,-2.2535,1.05,1.05,-67.8441
443,-79.34,-157.06,220.4,2.863,9.98876,-0.222,-0.0158785,17.76,17.76,-0.0528919,-0.03025,-2.1655,1.05,1.05,-64.2935
444,-79.82,-156.9,220.9,2.852,9.98874,-0.2208,-0.0157884,17.76,17.76,-0.0595503,-0.05125,-2.405,1.05,1.05,-68.4385
445,-80.28,-156.74,221.4,2.8406,9.9864,-0.2328,-0.0167235,17.76,17.76,-0.0564076,-0.04325,-2.3445,72.3,72.3,-65.4031
446,-80.76,-156.56,221.9,2.8289,9.98638,-0.2346,-0.0166034,17.76,17.76,-0.0601629,-0.05,-2.4225,72.3,72.3,-66.1814
447,-81.22,-156.38,222.4,2.817,9.98645,-0.2398,-0.0170539,21.36,21.36,-0.0574463,-0.02275,-2.3775,0.3,0.3,-63.6429
448,-81.68,-156.2,222.9,2.8051,9.98891,-0.2368,-0.0168094,21.36,21.36,-0.0582053,-0.0215,-2.349,-70.95,-70.95,-65.1012
449,-82.14,-156.02,223.4,2.7933,9.98891,-0.2346,-0.0167794,21.36,21.36,-0.0559415,-0.01575,-2.282,-70.95,-70.95,-59.8522
450,-82.62,-155.82,223.9,2.7817,9.98886,-0.2298,-0.0164791,17.76,17.76,-0.0572332,-0.039,-2.3,1.05,1.05,-63.3433
451,-83.06,-155.62,224.4,2.7702,9.98885,-0.2284,-0.0164191,17.76,17.76,-0.0526522,-0.02625,-2.1345,1.05,1.05,-53.7056
452,-83.52,-155.42,224.9,2.7591,9.99124,-0.22,-0.0157545,17.76,17.76,-0.0557018,-0.0345,-2.2105,-70.2,-70.2,-56.4756
453,-83.98,-155.22,225.4,2.7481,9.99124,-0.2184,-0.0157244,17.76,17.76,-0.0472589,-0.01325,-1.9295,-70.2,-70.2,-53.7165
454,-84.44,-155,225.9,2.7376,9.99104,-0.202,-0.0144334,14.24,14.24,-0.0497491,-0.03525,-1.9215,0.2,0.2,-53.0545
455,-84.88,-154.78,226.4,2.7276,9.99103,-0.197,-0.0143734,14.24,14.24,-0.047179,-0.03625,-1.9175,0.2,0.2,-49.8578
456,-85.34,-154.56,226.9,2.7179,9.99098,-0.1926,-0.0139831,14.24,14.24,-0.0466463,-0.03375,-1.838,0.2,0.2,-46.2481
457,-85.78,-154.34,227.4,2.7083,9.99092,-0.1884,-0.0135627,14.24,14.24,-0.0438631,-0.02775,-1.752,0.2,0.2,-47.7462
458,-86.22,-154.12,227.9,2.6991,9.99083,-0.1794,-0.0128722,14.24,14.24,-0.0407336,-0.02025,-1.6135,0.2,0.2,-46.715
459,-86.66,-153.88,228.4,2.6905,9.99075,-0.1686,-0.0122416,14.24,14.24,-0.0419588,-0.02475,-1.655,0.2,0.2,-43.214
460,-87.1,-153.64,228.9,2.6821,9.98825,-0.167,-0.0122447,14.24,14.24,-0.0409866,-0.026,-1.6515,71.45,71.45,-43.5574
461,-87.54,-153.42,229.4,2.6738,9.98822,-0.1652,-0.0119744,14.24,14.24,-0.0380303,-0.0185,-1.509,71.45,71.45,-42.7516
462,-87.98,-153.18,229.9,2.6657,9.99064,-0.1578,-0.0113409,17.76,17.76,-0.0382966,0.00075,-1.5125,-70.2,-70.2,-45.5405
463,-88.42,-152.92,230.4,2.6579,9.99063,-0.154,-0.0112208,17.76,17.76,-0.0375509,0,-1.517,-70.2,-70.2,-41.6672
464,-88.86,-152.68,230.9,2.6502,9.99063,-0.1532,-0.0111907,14.24,14.24,-0.0399346,-0.02525,-1.5975,0.2,0.2,-43.8312
465,-89.3,-152.42,231.45,2.6424,9.99065,-0.1574,-0.0114009,14.24,14.24,-0.0365788,-0.01875,-1.495,0.2,0.2,-40.9808
466,-89.72,-152.18,231.9,2.6347,9.9906,-0.1534,-0.0109505,14.24,14.24,-0.0384964,-0.02075,-1.527,0.2,0.2,-41.3132
467,-90.14,-151.92,232.4,2.627,9.99061,-0.153,-0.0110406,14.24,14.24,-0.0359795,-0.0175,-1.4815,0.2,0.2,-40.7887
468,-90.58,-151.66,232.9,2.6195,9.99057,-0.1486,-0.0107103,14.24,14.24,-0.0363257,-0.01675,-1.443,0.2,0.2,-41.4675
469,-91,-151.4,233.4,2.6121,9.99056,-0.1464,-0.0106202,14.24,14.24,-0.0357931,-0.01725,-1.448,0.2,0.2,-39.4885
470,-91.42,-151.14,233.9,2.6048,9.99056,-0.1454,-0.0105902,14.24,14.24,-0.0364056,-0.01875,-1.462,0.2,0.2,-42.0469
471,-91.84,-150.86,234.4,2.5975,9.99056,-0.146,-0.0105602,14.24,14.24,-0.0346744,-0.01525,-1.403,0.2,0.2,-36.7057
472,-92.26,-150.6,234.9,2.5903,9.99054,-0.1436,-0.01035,14.24,14.24,-0.0369117,-0.0195,-1.4745,0.2,0.2,-39.2615
473,-92.68,-150.32,235.4,2.5831,9.99055,-0.1448,-0.0104701,14.24,14.24,-0.0322508,-0.0115,-1.3285,0.2,0.2,-40.4766
474,-93.1,-150.04,235.9,2.576,9.99048,-0.137,-0.00983952,14.24,14.24,-0.034528,-0.0135,-1.347,0.2,0.2,-42.0037
475,-93.52,-149.76,236.45,2.5692,9.99051,-0.1372,-0.0100797,14.24,14.24,-0.0354335,-0.019,-1.455,0.2,0.2,-43.7331
476,-93.92,-149.48,236.9,2.5622,9.99054,-0.1424,-0.01041,14.24,14.24,-0.0368051,-0.0215,-1.4905,0.2,0.2,-42.7466
477,-94.34,-149.18,237.45,2.5549,9.98807,-0.1488,-0.010713,14.24,14.24,-0.0382966,-0.02425,-1.5645,71.45,71.45,-42.4826
478,-94.74,-148.9,237.9,2.5473,9.9881,-0.154,-0.0109833,14.24,14.24,-0.0374976,-0.0215,-1.5475,71.45,71.45,-43.6694
479,-95.14,-148.6,238.4,2.5396,9.9881,-0.1536,-0.0109232,17.76,17.76,-0.0372979,-0.00025,-1.521,1.05,1.05,-45.1593
480,-95.54,-148.32,238.9,2.532,9.9906,-0.1522,-0.0109505,17.76,17.76,-0.0383099,-0.00275,-1.5645,-70.2,-70.2,-53.0144
481,-95.94,-148.02,239.4,2.5243,9.99063,-0.1544,-0.0112208,17.76,17.76,-0.039575,-0.00625,-1.6175,-70.2,-70.2,-54.8227
482,-96.34,-147.7,239.9,2.5165,9.99069,-0.162,-0.0117912,14.24,14.24,-0.04638,-0.04425,-1.8945,0.2,0.2,-53.9127
483,-96.74,-147.4,240.4,2.5079,9.98836,-0.1818,-0.0130856,14.24,14.24,-0.0479514,-0.04925,-2.014,71.45,71.45,-59.2236
484,-97.12,-147.08,240.9,2.4984,9.98842,-0.1942,-0.0135962,14.24,14.24,-0.0472988,-0.04125,-1.958,71.45,71.45,-58.26
485,-97.52,-146.78,241.4,2.4886,9.98845,-0.1968,-0.0138064,17.76,17.76,-0.0519331,-0.03325,-2.1505,1.05,1.05,-65.1214
486,-97.9,-146.46,241.9,2.4786,9.98858,-0.2058,-0.0147073,17.76,17.76,-0.0510808,-0.0315,-2.148,1.05,1.05,-66.8706
487,-98.28,-146.12,242.4,2.4682,9.98864,-0.2114,-0.0150977,17.76,17.76,-0.0571267,-0.04775,-2.332,1.05,1.05,-61.5087
488,-98.66,-145.8,242.9,2.4572,9.98632,-0.2266,-0.0162429,17.76,17.76,-0.0586315,-0.05425,-2.4495,72.3,72.3,-62.4905
489,-99.02,-145.46,243.4,2.4456,9.98637,-0.235,-0.0165733,17.76,17.76,-0.0540771,-0.032,-2.221,72.3,72.3,-53.6813
490,-99.4,-145.12,243.95,2.4341,9.98627,-0.2264,-0.0159426,21.36,21.36,-0.0549827,-0.01125,-2.218,0.3,0.3,-49.5856
491,-99.76,-144.78,244.4,2.4229,9.98873,-0.2186,-0.0156683,21.36,21.36,-0.0472589,0.0085,-1.9375,-70.95,-70.95,-44.7807
492,-100.12,-144.44,244.9,2.4125,9.99101,-0.198,-0.0142533,21.36,21.36,-0.0438098,0.01925,-1.6855,-142.2,-142.2,-40.2366
493,-100.48,-144.08,245.4,2.4031,9.99335,-0.1782,-0.0130791,17.76,17.76,-0.0395085,0.00425,-1.5325,-141.45,-141.45,-32.4507
494,-100.84,-143.74,245.9,2.3946,9.99321,-0.1608,-0.0119384,14.24,14.24,-0.0355267,-0.01,-1.3445,-71.05,-71.05,-27.2676
495,-101.2,-143.38,246.45,2.387,9.99306,-0.1436,-0.0106176,10.64,10.64,-0.0287484,-0.02075,-1.069,0.95,0.95,-19.6819
496,-101.54,-143.04,246.9,2.3804,9.99289,-0.1206,-0.00887642,10.64,10.64,-0.0242607,-0.01575,-0.86,0.95,0.95,-15.2004
497,-101.9,-142.68,247.4,2.3749,9.99277,-0.0982,-0.0073754,10.64,10.64,-0.0176022,-0.012,-0.6155,0.95,0.95,-18.3725
498,-102.26,-142.32,247.95,2.3706,9.99266,-0.0742,-0.00572423,10.64,10.64,-0.0136604,-0.0105,-0.421,0.95,0.95,-23.2782
499,-102.6,-141.98,248.4,2.3674,9.99261,-0.0574,-0.00467347,10.64,10.64,-0.0162173,-0.014,-0.5405,0.95,0.95,-25.8504
500,-102.96,-141.62,248.9,2.3645,9.99012,-0.0608,-0.00497493,10.64,10.64,-0.0202789,-0.02125,-0.7805,72.2,72.2,-31.9113
501,-103.3,-141.26,249.4,2.3611,9.99017,-0.0772,-0.00575569,10.64,10.64,-0.0225161,-0.02475,-0.915,72.2,72.2,-29.7555
502,-103.66,-140.9,249.95,2.3568,9.99021,-0.0926,-0.00644636,14.24,14.24,-0.0278029,-0.012,-1.1595,0.2,0.2,-33.6088
503,-104,-140.54,250.4,2.3518,9.99028,-0.1082,-0.0074373,14.24,14.24,-0.0259918,-0.008,-1.1545,0.2,0.2,-30.1513
504,-104.34,-140.18,250.9,2.3463,9.99029,-0.111,-0.0076475,14.24,14.24,-0.0294409,-0.0105,-1.2285,0.2,0.2,-32.3703
505,-104.68,-139.82,251.4,2.3406,9.99034,-0.115,-0.00821803,14.24,14.24,-0.026418,-0.00625,-1.151,0.2,0.2,-34.1044
506,-105.02,-139.46,251.9,2.3349,9.99032,-0.1116,-0.00803786,14.24,14.24,-0.0284155,-0.00725,-1.1385,0.2,0.2,-34.838
507,-105.36,-139.08,252.4,2.3293,9.99035,-0.1134,-0.00836817,14.24,14.24,-0.0298404,-0.01125,-1.2305,0.2,0.2,-34.7246
508,-105.7,-138.72,252.9,2.3235,9.99038,-0.1192,-0.00872851,14.24,14.24,-0.0305063,-0.012,-1.2435,0.2,0.2,-39.2023
509,-106.02,-138.34,253.4,2.3174,9.99039,-0.1234,-0.00887865,14.24,14.24,-0.0304397,-0.011,-1.238,0.2,0.2,-37.5106
510,-106.36,-137.96,253.9,2.3112,9.99041,-0.126,-0.00902878,14.24,14.24,-0.0343282,-0.018,-1.4005,0.2,0.2,-35.3391
511,-106.68,-137.58,254.4,2.3047,9.98797,-0.1344,-0.00969181,14.24,14.24,-0.0328367,-0.01575,-1.382,71.45,71.45,-36.2466
512,-107,-137.2,254.9,2.2979,9.98795,-0.1348,-0.00954164,14.24,14.24,-0.0310656,-0.00975,-1.2575,71.45,71.45,-38.7308
513,-107.34,-136.82,255.45,2.2913,9.99043,-0.129,-0.00923898,17.76,17.76,-0.0318379,0.0085,-1.2865,-70.2,-70.2,-43.7978
514,-107.66,-136.44,255.9,2.2849,9.99044,-0.1284,-0.00941914,17.76,17.76,-0.0339154,0.003,-1.384,-70.2,-70.2,-43.1258
515,-107.96,-136.06,256.4,2.2784,9.9905,-0.1364,-0.0100197,14.24,14.24,-0.0382966,-0.027,-1.5645,0.2,0.2,-40.45
516,-108.28,-135.66,256.9,2.2712,9.99059,-0.1504,-0.0108304,14.24,14.24,-0.037724,-0.025,-1.571,0.2,0.2,-44.0182
517,-108.58,-135.28,257.4,2.2635,9.99058,-0.1544,-0.0108004,14.24,14.24,-0.0355667,-0.0165,-1.4565,0.2,0.2,-42.8041
518,-108.9,-134.88,257.9,2.2559,9.99056,-0.1494,-0.0105602,14.24,14.24,-0.0386295,-0.02225,-1.574,0.2,0.2,-38.7704
519,-109.2,-134.48,258.4,2.2484,9.99061,-0.1522,-0.0110706,14.24,14.24,-0.0375109,-0.02225,-1.5645,0.2,0.2,-40.4219
520,-109.5,-134.08,258.9,2.2407,9.9906,-0.1516,-0.0109205,14.24,14.24,-0.0341151,-0.01275,-1.3695,0.2,0.2,-40.047
521,-109.8,-133.68,259.4,2.2334,9.99053,-0.1434,-0.0102899,14.24,14.24,-0.03554,-0.015,-1.4035,0.2,0.2,-36.7676
522,-110.1,-133.28,259.9,2.2263,9.99054,-0.1416,-0.01038,14.24,14.24,-0.0351405,-0.017,-1.431,0.2,0.2,-40.5566
523,-110.38,-132.88,260.4,2.2192,9.99053,-0.141,-0.0102599,14.24,14.24,-0.0323307,-0.011,-1.289,0.2,0.2,-39.5059
524,-110.68,-132.46,260.9,2.2123,9.99048,-0.1358,-0.0098095,14.24,14.24,-0.0356066,-0.01675,-1.4015,0.2,0.2,-37.0982
525,-110.96,-132.06,261.4,2.2054,9.99052,-0.1396,-0.0101998,14.24,14.24,-0.0346212,-0.01775,-1.431,0.2,0.2,-38.0876
526,-111.24,-131.64,261.9,2.1984,9.98801,-0.1404,-0.0100823,14.24,14.24,-0.0326236,-0.01175,-1.307,71.45,71.45,-34.8473
527,-111.52,-131.24,262.4,2.1915,9.99047,-0.1354,-0.00968939,14.24,14.24,-0.0334626,-0.013,-1.3385,0.2,0.2,-33.9321
528,-111.8,-130.82,262.9,2.1848,9.99047,-0.133,-0.00965936,17.76,17.76,-0.0306128,0.01025,-1.2525,-70.2,-70.2,-36.1442
529,-112.08,-130.4,263.4,2.1783,9.99042,-0.1266,-0.00917892,14.24,14.24,-0.0298804,-0.007,-1.172,0.2,0.2,-33.7063
530,-112.36,-129.98,263.9,2.1721,9.9904,-0.1222,-0.00896873,14.24,14.24,-0.0317048,-0.01175,-1.262,0.2,0.2,-37.4129
531,-112.62,-129.56,264.4,2.1659,9.99042,-0.1244,-0.00914889,14.24,14.24,-0.0295741,-0.00925,-1.2025,0.2,0.2,-34.5687
532,-112.9,-129.14,264.9,2.1597,9.9904,-0.1236,-0.0089387,14.24,14.24,-0.0328234,-0.01375,-1.295,0.2,0.2,-34.7079
533,-113.16,-128.72,265.4,2.1534,9.99043,-0.1284,-0.00929903,14.24,14.24,-0.0303065,-0.01075,-1.262,0.2,0.2,-35.0028
534,-113.42,-128.3,265.9,2.147,9.9904,-0.1262,-0.00899876,14.24,14.24,-0.0305063,-0.009,-1.2155,0.2,0.2,-34.075
535,-113.68,-127.86,266.4,2.1408,9.9904,-0.1238,-0.0089387,14.24,14.24,-0.0307193,-0.0105,-1.252,0.2,0.2,-34.7829
536,-113.94,-127.44,266.9,2.1346,9.9904,-0.1234,-0.00899876,14.24,14.24,-0.0299203,-0.00925,-1.2145,0.2,0.2,-36.9372
537,-114.2,-127.02,267.4,2.1285,9.99039,-0.1222,-0.00887865,14.24,14.24,-0.0305329,-0.01,-1.222,0.2,0.2,-36.7113
538,-114.46,-126.58,267.9,2.1223,9.9904,-0.1238,-0.00899876,14.24,14.24,-0.0323573,-0.01425,-1.313,0.2,0.2,-41.2636
539,-114.7,-126.14,268.4,2.116,9.99044,-0.129,-0.00935909,14.24,14.24,-0.0321709,-0.014,-1.3205,0.2,0.2,-38.2039
540,-114.96,-125.72,268.9,2.1095,9.99045,-0.1328,-0.00953925,14.24,14.24,-0.036126,-0.02125,-1.467,0.2,0.2,-39.9289
541,-115.2,-125.28,269.4,2.1026,9.99051,-0.1414,-0.0101398,14.24,14.24,-0.0334626,-0.016,-1.4085,0.2,0.2,-42.3189
542,-115.44,-124.84,269.9,2.0956,9.99049,-0.1404,-0.0099296,14.24,14.24,-0.0350739,-0.01625,-1.4105,0.2,0.2,-40.4613
543,-115.68,-124.4,270.4,2.0885,9.99052,-0.1418,-0.0102299,14.24,14.24,-0.0370582,-0.02225,-1.5355,0.2,0.2,-41.601
544,-115.9,-123.96,270.9,2.0813,9.99057,-0.147,-0.0106502,14.24,14.24,-0.0354868,-0.0185,-1.4635,0.2,0.2,-41.1912
545,-116.14,-123.52,271.4,2.0739,9.99055,-0.1466,-0.0105001,14.24,14.24,-0.0365122,-0.0185,-1.4675,0.2,0.2,-41.192
546,-116.36,-123.08,271.9,2.0666,9.99056,-0.1472,-0.0105902,14.24,14.24,-0.036126,-0.01875,-1.483,0.2,0.2,-40.7366
547,-116.58,-122.62,272.4,2.0592,9.98806,-0.1468,-0.0106229,14.24,14.24,-0.0361659,-0.01825,-1.4635,71.45,71.45,-42.0299
548,-116.8,-122.18,272.9,2.0519,9.98806,-0.1464,-0.0105928,14.24,14.24,-0.0357664,-0.0175,-1.4485,71.45,71.45,-41.8617
549,-117.02,-121.72,273.4,2.0446,9.99056,-0.146,-0.0105602,17.76,17.76,-0.0368717,-0.0005,-1.49,-70.2,-70.2,-44.173
550,-117.24,-121.28,273.9,2.0373,9.99057,-0.1482,-0.0107103,17.76,17.76,-0.0367119,-0.0005,-1.4975,-70.2,-70.2,-47.4775
551,-117.46,-120.82,274.4,2.0298,9.99059,-0.15,-0.0108304,14.24,14.24,-0.0387361,-0.024,-1.569,0.2,0.2,-45.0515
552,-117.66,-120.36,274.9,2.0222,9.99064,-0.1564,-0.0112808,14.24,14.24,-0.0415726,-0.03175,-1.7115,0.2,0.2,-48.4668
553,-117.86,-119.9,275.4,2.0141,9.99069,-0.165,-0.0117912,14.24,14.24,-0.0395085,-0.0255,-1.6375,0.2,0.2,-46.1791
554,-118.06,-119.46,275.9,2.0059,9.98818,-0.165,-0.0117041,14.24,14.24,-0.0425048,-0.03,-1.723,71.45,71.45,-45.6474
555,-118.26,-119,276.4,1.9975,9.98823,-0.1688,-0.0121246,14.24,14.24,-0.0404939,-0.0265,-1.6895,71.45,71.45,-49.0177
556,-118.44,-118.52,276.9,1.9891,9.98821,-0.1666,-0.0119143,17.76,17.76,-0.0401344,-0.00375,-1.615,1.05,1.05,-45.6477
557,-118.62,-118.06,277.4,1.9809,9.99071,-0.1646,-0.0119113,17.76,17.76,-0.0429842,-0.01175,-1.744,-70.2,-70.2,-45.1762
558,-118.82,-117.6,277.9,1.9725,9.99076,-0.1694,-0.0123017,17.76,17.76,-0.0400545,-0.00575,-1.647,-70.2,-70.2,-49.9692
559,-119,-117.14,278.4,1.9641,9.9907,-0.166,-0.0118513,14.24,14.24,-0.0397215,-0.0215,-1.577,0.2,0.2,-50.0581
560,-119.16,-116.66,278.9,1.9559,9.9907,-0.1636,-0.0118213,14.24,14.24,-0.0438098,-0.03375,-1.7775,0.2,0.2,-48.2787
561,-119.34,-116.2,279.4,1.9475,9.99079,-0.1726,-0.0125719,14.24,14.24,-0.0438364,-0.03575,-1.813,0.2,0.2,-50.8216
562,-119.5,-115.72,279.9,1.9387,9.9883,-0.1776,-0.0126652,14.24,14.24,-0.0424115,-0.0285,-1.719,71.45,71.45,-46.3549
563,-119.66,-115.26,280.4,1.9299,9.98828,-0.1758,-0.012485,14.24,14.24,-0.0445955,-0.03325,-1.8135,71.45,71.45,-48.4864
564,-119.82,-114.78,280.9,1.921,9.98831,-0.1768,-0.0127252,17.76,17.76,-0.0407203,-0.00525,-1.6845,1.05,1.05,-49.6124
565,-119.98,-114.3,281.4,1.9124,9.98825,-0.1704,-0.0122447,17.76,17.76,-0.0426113,-0.0075,-1.69,1.05,1.05,-48.6873
566,-120.12,-113.82,281.9,1.9039,9.99077,-0.1708,-0.0124518,17.76,17.76,-0.0434902,-0.01325,-1.7785,-70.2,-70.2,-51.2566
567,-120.28,-113.34,282.4,1.8952,9.9908,-0.1746,-0.012632,17.76,17.76,-0.0427178,-0.0105,-1.73,-70.2,-70.2,-53.0893
568,-120.42,-112.86,282.9,1.8865,9.99079,-0.1756,-0.0125719,14.24,14.24,-0.0449684,-0.03475,-1.8105,0.2,0.2,-54.5238
569,-120.56,-112.38,283.4,1.8776,9.99085,-0.1808,-0.0130223,14.24,14.24,-0.0465398,-0.0405,-1.918,0.2,0.2,-56.2166
570,-120.68,-111.9,283.9,1.8684,9.9884,-0.188,-0.013446,14.24,14.24,-0.0478182,-0.043,-1.9625,71.45,71.45,-51.7223
571,-120.82,-111.42,284.4,1.8588,9.98846,-0.1942,-0.0138364,14.24,14.24,-0.0493097,-0.046,-2.029,71.45,71.45,-54.1003
572,-120.94,-110.94,284.9,1.849,9.98848,-0.1974,-0.0140166,17.76,17.76,-0.0454478,-0.01375,-1.875,1.05,1.05,-52.6366
573,-121.06,-110.46,285.4,1.8393,9.98842,-0.1904,-0.0135661,17.76,17.76,-0.0475518,-0.01675,-1.9085,1.05,1.05,-50.6393
574,-121.16,-109.96,285.9,1.8298,9.98844,-0.1896,-0.0137463,17.76,17.76,-0.0462202,-0.01675,-1.8965,1.05,1.05,-48.1452
575,-121.28,-109.48,286.4,1.8203,9.98842,-0.1876,-0.0135661,17.76,17.76,-0.0445156,-0.0105,-1.7795,1.05,1.05,-49.2479
576,-121.38,-108.98,286.9,1.8111,9.99085,-0.1816,-0.0130523,17.76,17.76,-0.0423583,-0.00525,-1.6905,-70.2,-70.2,-47.0151
577,-121.48,-108.5,287.4,1.8022,9.9908,-0.1742,-0.012632,17.76,17.76,-0.0432771,-0.00875,-1.7245,-70.2,-70.2,-48.165
578,-121.58,-108,287.9,1.7936,9.99079,-0.1728,-0.0125719,14.24,14.24,-0.0412796,-0.0255,-1.665,0.2,0.2,-46.5556
579,-121.66,-107.52,288.4,1.785,9.99075,-0.1698,-0.0122717,14.24,14.24,-0.0423183,-0.02725,-1.68,0.2,0.2,-44.6097
580,-121.76,-107.02,288.9,1.7765,9.99075,-0.1698,-0.0122717,14.24,14.24,-0.0408801,-0.0255,-1.6595,0.2,0.2,-47.488
581,-121.84,-106.54,289.4,1.7681,9.99072,-0.1666,-0.0119714,14.24,14.24,-0.0392155,-0.02075,-1.5705,0.2,0.2,-45.6323
582,-121.92,-106.04,289.9,1.7599,9.99068,-0.162,-0.0117012,14.24,14.24,-0.0416791,-0.02725,-1.671,0.2,0.2,-46.2107
583,-122,-105.54,290.4,1.7517,9.99072,-0.165,-0.0120014,14.24,14.24,-0.0400278,-0.0255,-1.6405,0.2,0.2,-46.2513
584,-122.06,-105.06,290.9,1.7435,9.9907,-0.1644,-0.0118213,14.24,14.24,-0.0406004,-0.02475,-1.623,0.2,0.2,-42.3316
585,-122.14,-104.56,291.4,1.7353,9.9882,-0.1644,-0.0118242,14.24,14.24,-0.0405871,-0.02575,-1.6535,71.45,71.45,-45.3228
586,-122.2,-104.06,291.9,1.7271,9.98819,-0.1632,-0.0117341,14.24,14.24,-0.0372313,-0.01775,-1.51,71.45,71.45,-43.6216
587,-122.26,-103.56,292.4,1.7191,9.99063,-0.156,-0.0112208,17.76,17.76,-0.0398281,-0.00325,-1.578,-70.2,-70.2,-42.9091
588,-122.32,-103.08,292.9,1.7113,9.99066,-0.1572,-0.011491,17.76,17.76,-0.03827,-0.00275,-1.5705,-70.2,-70.2,-44.0252
589,-122.38,-102.58,293.4,1.7034,9.99064,-0.1562,-0.0112808,14.24,14.24,-0.0376974,-0.01925,-1.501,0.2,0.2,-44.5557
590,-122.42,-102.08,293.9,1.6957,9.99062,-0.1542,-0.0111006,14.24,14.24,-0.0386562,-0.022,-1.5565,0.2,0.2,-40.17
591,-122.46,-101.58,294.4,1.6879,9.99064,-0.1556,-0.0112808,14.24,14.24,-0.0390823,-0.024,-1.592,0.2,0.2,-38.8195
592,-122.52,-101.08,294.9,1.6801,9.99063,-0.1564,-0.0112208,14.24,14.24,-0.035327,-0.01525,-1.433,0.2,0.2,-38.7128
593,-122.54,-100.58,295.4,1.6725,9.99055,-0.1474,-0.0105301,14.24,14.24,-0.0342083,-0.0115,-1.35,0.2,0.2,-34.9539
594,-122.58,-100.08,295.9,1.6653,9.99052,-0.1394,-0.0101698,14.24,14.24,-0.0340219,-0.01325,-1.363,0.2,0.2,-35.5122
595,-122.62,-99.58,296.4,1.6585,9.9905,-0.1354,-0.00995963,14.24,14.24,-0.0307593,-0.0085,-1.227,0.2,0.2,-33.2215
596,-122.64,-99.08,296.9,1.6519,9.99043,-0.128,-0.00932906,14.24,14.24,-0.0312387,-0.00875,-1.208,0.2,0.2,-33.1602
597,-122.68,-98.58,297.45,1.6456,9.99042,-0.1244,-0.00911887,14.24,14.24,-0.0291879,-0.00725,-1.171,0.2,0.2,-34.3025
598,-122.7,-98.08,297.95,1.6395,9.99038,-0.12,-0.00875853,14.24,14.24,-0.0291613,-0.007,-1.142,0.2,0.2,-31.0153
599,-122.72,-97.58,298.45,1.6336,9.99037,-0.118,-0.00863842,14.24,14.24,-0.0300801,-0.00975,-1.203,0.2,0.2,-31.6007
600,-122.74,-97.1,298.9,1.6276,9.99038,-0.119,-0.00866845,14.24,14.24,-0.0272436,-0.0055,-1.106,0.2,0.2,-29.6669
601,-122.76,-96.6,299.4,1.6218,9.99033,-0.114,-0.00818801,14.24,14.24,-0.0277763,-0.00525,-1.0905,0.2,0.2,-25.6427
602,-122.76,-96.1,299.9,1.6162,9.99033,-0.111,-0.00809792,14.24,14.24,-0.0260584,-0.00425,-1.06,0.2,0.2,-23.7976
603,-122.78,-95.6,300.4,1.6107,9.99029,-0.1054,-0.00767753,14.24,14.24,-0.0226094,0.001,-0.892,0.2,0.2,-23.2328
604,-122.78,-95.1,300.9,1.6057,9.99274,-0.0944,-0.00689506,14.24,14.24,-0.0210247,0.00275,-0.8015,-71.05,-71.05,-15.2739
605,-122.8,-94.6,301.4,1.6012,9.99271,-0.0854,-0.00641472,14.24,14.24,-0.020452,0.002,-0.7905,-71.05,-71.05,-3.35532
606,-122.8,-94.1,301.9,1.5971,9.99268,-0.079,-0.00593438,10.64,10.64,-0.0135805,-0.01225,-0.5215,0.95,0.95,-34.7337
607,-122.8,-93.6,302.4,1.5936,9.99259,-0.058,-0.00419312,10.64,10.64,-0.00340645,-0.0095,-0.0425,0.95,0.95,-27.9394
608,-122.82,-93.1,302.9,1.5915,9.99254,-0.035,-0.00299224,10.64,10.64,-0.0302,-0.034,-1.0455,0.95,0.95,-38.4655
609,-122.82,-92.6,303.4,1.5886,9.99025,-0.0842,-0.00707696,10.64,10.64,-0.023981,-0.0345,-1.187,72.2,72.2,-27.5784
610,-122.82,-92.1,303.9,1.5837,9.98777,-0.11,-0.00737909,10.64,10.64,-0.0336224,-0.0405,-1.2875,143.45,143.45,-37.6019
611,-122.82,-91.6,304.4,1.5776,9.98784,-0.1276,-0.0083102,14.24,14.24,-0.0241142,-0.0045,-1.1655,71.45,71.45,-23.9009
612,-122.8,-91.1,304.9,1.5715,9.9878,-0.1154,-0.00770948,17.76,17.76,-0.0330231,0.0065,-1.3335,1.05,1.05,-11.7142
613,-122.78,-90.6,305.4,1.5657,9.98788,-0.118,-0.00867062,17.76,17.76,-0.020998,0.02,-0.99,1.05,1.05,-9.4161
614,-122.78,-90.1,305.9,1.5603,9.99022,-0.094,-0.00668659,17.76,17.76,-0.0108639,0.031,-0.3245,-70.2,-70.2,-15.5541
615,-122.76,-89.6,306.4,1.5566,9.99259,-0.0542,-0.0041631,17.76,17.76,-0.00866661,0.031,-0.2035,-141.45,-141.45,-9.79817
616,-122.76,-89.1,306.9,1.5545,9.99256,-0.0338,-0.00344257,14.24,14.24,-0.0136604,0.0065,-0.433,-71.05,-71.05,-25.3699
617,-122.74,-88.6,307.4,1.5527,9.99257,-0.0418,-0.00386288,10.64,10.64,-0.00860002,-0.012,-0.299,0.95,0.95,-24.1516
618,-122.72,-88.1,307.9,1.5505,9.99256,-0.0462,-0.00341255,10.64,10.64,-0.02209,-0.02375,-0.763,0.95,0.95,-32.4298
619,-122.7,-87.6,308.4,1.5475,9.99264,-0.0744,-0.00533395,10.64,10.64,-0.0208515,-0.02575,-0.992,0.95,0.95,-18.4827
620,-122.68,-87.1,308.9,1.5433,9.99019,-0.0914,-0.00608601,10.64,10.64,-0.0282823,-0.03275,-1.1775,72.2,72.2,-16.9942
621,-122.66,-86.6,309.4,1.5383,9.99024,-0.1044,-0.00695684,10.64,10.64,-0.0162439,-0.01575,-0.817,72.2,72.2,-15.517
622,-122.64,-86.1,309.9,1.5336,9.99014,-0.0818,-0.00536531,14.24,14.24,-0.0152451,0.00875,-0.56,0.2,0.2,-8.72362
623,-122.62,-85.6,310.4,1.5301,9.99011,-0.0614,-0.0047347,14.24,14.24,-0.0137137,0.00725,-0.559,0.2,0.2,-15.2129
624,-122.58,-85.1,310.9,1.5273,9.99009,-0.0506,-0.00431429,14.24,14.24,-0.00785428,0.0095,-0.262,0.2,0.2,-4.62261
625,-122.56,-84.6,311.4,1.5251,9.99005,-0.0388,-0.00326325,14.24,14.24,-0.0134207,0.00675,-0.398,0.2,0.2,-11.7105
626,-122.54,-84.1,311.9,1.5231,9.99256,-0.0422,-0.00338252,14.24,14.24,-0.00415219,0.0095,-0.1865,-71.05,-71.05,-20.0625
627,-122.5,-83.6,312.4,1.5213,9.99252,-0.0302,-0.00209157,14.24,14.24,-0.0104111,0.0085,-0.2795,-71.05,-71.05,-15.076
628,-122.48,-83.1,312.9,1.5197,9.99254,-0.037,-0.00293219,10.64,10.64,-0.0172959,-0.02075,-0.7465,0.95,0.95,-15.9967
629,-122.44,-82.62,313.4,1.5173,9.99009,-0.059,-0.00434432,10.64,10.64,-0.0130878,-0.016,-0.6085,72.2,72.2,-15.4668
630,-122.42,-82.12,313.9,1.5142,9.99008,-0.0612,-0.0039239,10.64,10.64,-0.0141132,-0.014,-0.5525,72.2,72.2,-13.5454
631,-122.38,-81.62,314.4,1.5112,9.99008,-0.0576,-0.00395393,14.24,14.24,-0.0135539,0.00575,-0.6085,0.2,0.2,-8.65831
632,-122.34,-81.12,314.9,1.5084,9.99008,-0.054,-0.00401399,14.24,14.24,-0.0119292,0.007,-0.4985,0.2,0.2,-15.2713
633,-122.3,-80.62,315.4,1.5058,9.99006,-0.0478,-0.00359358,14.24,14.24,-0.00774774,0.00925,-0.29,0.2,0.2,-7.91676
634,-122.26,-80.12,315.9,1.5038,9.99254,-0.038,-0.00296221,14.24,14.24,-0.0133941,0.00575,-0.4695,-71.05,-71.05,-10.2929
635,-122.22,-79.62,316.4,1.5017,9.99256,-0.0432,-0.00347259,14.24,14.24,-0.00696205,0.0085,-0.323,-71.05,-71.05,-0.245494
636,-122.2,-79.12,316.9,1.4997,9.99253,-0.0366,-0.00260195,10.64,10.64,-0.00915933,-0.011,-0.275,0.95,0.95,-9.30434
637,-122.16,-78.62,317.4,1.498,9.99253,-0.031,-0.00224168,10.64,10.64,-0.000396836,-0.01025,-0.042,0.95,0.95,-14.7156
638,-122.12,-78.12,317.9,1.4969,9.99001,-0.0142,-0.0011011,10.64,10.64,-0.00825378,-0.011,-0.2155,72.2,72.2,-16.5887
639,-122.08,-77.62,318.4,1.4961,9.99003,-0.0238,-0.00224224,10.64,10.64,-0.0126217,-0.01675,-0.5645,72.2,72.2,-14.0348
640,-122.04,-77.14,318.9,1.4943,9.99006,-0.0456,-0.00344343,14.24,14.24,-0.0143662,0.00225,-0.61,0.2,0.2,-13.4697
641,-121.98,-76.64,319.4,1.4916,9.99007,-0.0582,-0.00377376,14.24,14.24,-0.0122755,0.00575,-0.5405,0.2,0.2,-10.7364
642,-121.94,-76.14,319.9,1.4888,9.99006,-0.055,-0.00350349,14.24,14.24,-0.011876,0.00725,-0.5165,0.2,0.2,-4.76691
643,-121.9,-75.64,320.4,1.4862,9.99006,-0.0478,-0.0034134,14.24,14.24,-0.00950557,0.00825,-0.4185,0.2,0.2,-10.6669
644,-121.86,-75.14,320.9,1.484,9.99254,-0.0378,-0.00290217,14.24,14.24,-0.00439189,0.00975,-0.1555,-71.05,-71.05,-9.21336
645,-121.8,-74.64,321.4,1.4825,9.99252,-0.0246,-0.00206154,14.24,14.24,-0.00941235,0.00825,-0.29,-71.05,-71.05,-7.26149
