0,0,0,0,0,0,-1.28859e-06,44.3
1,0,0,0,0,0,8.77837e-08,44.3
2,0,0,0,0,0,8.22589e-08,44.3
3,0,0,0,0,0,9.39277e-08,44.3
4,0,0,0,0,0,2.11354e-07,44.3
5,0,0,0,0,0,1.26542e-07,44.3
6,0,0,0,0,0,3.49791e-07,44.3
7,0,0,0,0,0,1.41458e-07,44.3
8,0,0,0,0,0,3.54647e-07,44.3
9,0,0,0,0,0,3.32381e-07,44.3
10,0,0,0,0,0,3.31975e-07,44.3
11,0,0,0,0,0,3.3214e-07,44.3
12,0,0,0,0,0,3.32139e-07,44.3
13,0,0,0,0,0,3.32151e-07,44.3
14,0,0,0,0,0,3.32152e-07,44.3
15,0,0,0,0,0,3.32153e-07,44.3
16,0,0,0,0,0,3.32153e-07,44.3
17,0,0,0,0,0,3.32153e-07,44.3
18,0,0,0,0,0,3.32153e-07,44.3
19,0,0,0,0,0,3.32153e-07,44.3
20,0,0,0,0,0,3.32153e-07,44.3
21,0,0,0,0,0,3.32153e-07,44.3
22,0,0,0,0,0,3.32153e-07,44.3
23,0,0,0,0,0,3.32153e-07,44.3
24,0,0,0,0,0,3.32153e-07,44.3
25,0,0,0,0,0,3.32153e-07,44.3
26,0,0,0,0,0,3.32153e-07,44.3
27,0,0,0,0,0,3.32153e-07,44.3
28,0,0,0,0,0,3.32153e-07,44.3
29,0,0,0,0,0,3.32153e-07,44.3
30,0,0,0,0,0,3.32153e-07,44.3
31,0,0,0,0,0,3.32153e-07,44.3
32,0,0,0,0,0,3.32153e-07,44.3
33,0,0,0,0,0,3.32153e-07,44.3
34,0,0,0,0,0,3.32153e-07,44.3
35,0,0,0,0,0,3.32153e-07,44.3
36,0,0,0,0,0,3.32153e-07,44.3
37,0,0,0,0,0,3.32153e-07,44.3
38,0,0,0,0,0,3.32153e-07,44.3
39,0,0,0,0,0,3.32153e-07,44.3
40,0,0,0,0,0,3.32153e-07,44.3
41,0,0,0,0,0,3.32153e-07,44.3
42,0,0,0,0,0,3.32153e-07,44.3
43,0,0,0,0,0,3.32153e-07,44.3
44,0,0,0,0,0,3.32153e-07,44.3
45,0,0,0,0,0,3.32153e-07,44.3
46,0,0,0,0,0,3.32153e-07,44.3
47,0,0,0,0,0,3.32153e-07,44.3
48,0,0,0,0,0,3.32153e-07,44.3
49,0,0,0,0,0,3.32153e-07,44.3
50,0,0,0,0,0,3.32153e-07,44.3
51,0,0,0,0,0,3.32153e-07,44.3
52,0,0,0,0,0,3.32153e-07,44.3
53,0,0,0,0,0,3.32153e-07,44.3
54,0,0,0,0,0,3.32153e-07,44.3
55,0,0,0,0,0,3.32153e-07,44.3
56,0,0,0,0,0,3.32153e-07,44.3
57,0,0,0,0,0,3.32153e-07,44.3
58,0,0,0,0,0,3.32153e-07,44.3
59,0,0,0,0,0,3.32153e-07,44.3
60,0,0,0,0,0,3.32153e-07,44.3
61,0,0,0,0,0,3.32153e-07,44.3
62,0,0,0,0,0,3.32153e-07,44.3
63,0,0,0,0,0,3.32153e-07,44.3
64,0,0,0,0,0,3.32153e-07,44.3
65,0,0,0,0,0,3.32153e-07,44.3
66,0,0,0,0,0,3.32153e-07,44.3
67,0,0,0,0,0,3.32153e-07,44.3
68,0,0,0,0,0,3.32153e-07,44.3
69,0,0,0,0,0,3.32153e-07,44.3
70,0,0,0,0,0,3.32153e-07,44.3
71,0,0,0,0,0,3.32153e-07,44.3
72,0,0,0,0,0,3.32153e-07,44.3
73,0,0,0,0,0,3.32153e-07,44.3
74,0,0,0,0,0,3.32153e-07,44.3
75,0,0,0,0,0,3.32153e-07,44.3
76,0,0,0,0,0,3.32153e-07,44.3
77,0,0,0,0,0,3.32153e-07,44.3
78,0,0,0,0,0,3.32153e-07,44.3
79,0,0,0,0,0,3.32153e-07,44.3
80,0,0,0,0,0,3.32153e-07,44.3
81,0,0,0,0,0,3.32153e-07,44.3
82,0,0,0,0,0,3.32153e-07,44.3
83,0,0,0,0,0,3.32153e-07,44.3
84,0,0,0,0,0,3.32153e-07,44.3
85,0,0,0,0,0,3.32153e-07,44.3
86,0,0,0,0,0,3.32153e-07,44.3
87,0,0,0,0,0,3.32153e-07,44.3
88,0,0,0,0,0,3.32153e-07,44.3
89,0,0,0,0,0,3.32153e-07,44.3
90,0,0,0,0,0,3.32153e-07,44.3
91,0,0,0,0,0,3.32153e-07,44.3
92,0,0,0,0,0,3.32153e-07,44.3
93,0,0,0,0,0,3.32153e-07,44.3
94,0,0,0,0,0,3.32153e-07,44.3
95,0,0,0,0,0,3.32153e-07,44.3
96,0,0,0,0,0,3.32153e-07,44.3
97,0,0,0,0,0,3.32153e-07,44.3
98,0,0,0,0,0,3.32153e-07,44.3
99,0,0,0,0,0,3.32153e-07,44.3
100,0,0,0,0,0,3.32153e-07,44.3
101,0,0,0,0,0,3.32153e-07,44.3
102,0,0,0,0,0,3.32153e-07,44.3
103,0,0,0,0,0,3.32153e-07,44.3
104,0,0,0,0,0,3.32153e-07,44.3
105,0,0,0,0,0,3.32153e-07,44.3
106,0,0,0,0,0,3.32153e-07,44.3
107,0,0,0,0,0,3.32153e-07,44.3
108,0,0,0,0,0,3.32153e-07,44.3
109,0,0,0,0,0,3.32153e-07,44.3
110,0,0,0,0,0,3.32153e-07,44.3
111,0,0,0,0,0,3.32153e-07,44.3
112,0,0,0,0,0,3.32153e-07,44.3
113,0,0,0,0,0,3.32153e-07,44.3
114,0.0004293,0,0,0.016379,0,3.31983e-07,44.3
115,0.00119735,0,0,0.0245388,0,-0.0138137,44.3
116,0.00294099,-2.75949e-08,-4.82972e-05,0.036728,0,-0.0241589,44.3
117,0.00571399,-3.86884e-07,-0.000230173,0.050195,0,-0.0368775,44.3
118,0.00777212,-1.06436e-06,-0.000445862,0.0581095,0,-0.0460354,44.3
119,0.0114215,-3.54217e-06,-0.000936822,0.0700622,0,-0.0599435,44.3
120,0.0147755,-7.54723e-06,-0.00149528,0.0791711,0,-0.069724,44.3
121,0.0195254,-1.68598e-05,-0.00246973,0.0905947,0,-0.083145,44.3
122,0.0232125,-2.74514e-05,-0.00333468,0.098448,0,-0.0941844,44.3
123,0.0292968,-5.27568e-05,-0.00504778,0.110266,0,-0.106282,44.3
124,0.0340558,-8.01553e-05,-0.0065388,0.118587,0,-0.117617,44.3
125,0.0409849,-0.000133381,-0.00892533,0.129506,0,-0.130993,44.3
126,0.0461987,-0.00018499,-0.0109592,0.13723,0,-0.143047,44.3
127,0.0546147,-0.000291763,-0.0145407,0.148726,0,-0.157263,44.35
128,0.0610127,-0.000393905,-0.0175461,0.156766,0,-0.168792,44.35
129,0.0702593,-0.000577136,-0.0222274,0.167595,0,-0.186144,44.35
130,0.0767458,-0.00073244,-0.0258144,0.174814,0,-0.200343,44.35
131,0.0872113,-0.00103409,-0.0320401,0.185537,0,-0.2139,44.35
132,0.0997104,-0.00148279,-0.0401327,0.19742,0,-0.229508,44.35
133,0.107322,-0.00180783,-0.0454356,0.20416,0,-0.240933,44.35
134,0.115248,-0.00219013,-0.0511952,0.210947,0,-0.256292,44.35
135,0.131491,-0.00312309,-0.0638776,0.224039,0,-0.26929,44.35
136,0.140085,-0.00370249,-0.0710111,0.230726,0,-0.286745,44.35
137,0.148951,-0.00436598,-0.0787095,0.237316,0,-0.302878,44.35
138,0.159732,-0.00526627,-0.088487,0.244875,0,-0.317045,44.35
139,0.177051,-0.00694243,-0.105374,0.256215,0,-0.331593,44.35
140,0.186864,-0.0080289,-0.115527,0.262495,0,-0.348772,44.35
141,0.201989,-0.00990614,-0.131946,0.271579,0,-0.362036,44.35
142,0.217545,-0.0121085,-0.149796,0.28049,0,-0.3767,44.35
143,0.228188,-0.013782,-0.162579,0.286302,0,-0.388919,44.35
144,0.244815,-0.016681,-0.183187,0.29487,0,-0.396679,44.35
145,0.262147,-0.0200874,-0.205457,0.303515,0,-0.405861,44.35
146,0.279544,-0.0239173,-0.228461,0.311768,0,-0.41,44.35
147,0.285326,-0.0252842,-0.236258,0.314538,0,-0.41,44.35
148,0.309541,-0.0315301,-0.26915,0.325468,0,-0.41,44.35
149,0.315836,-0.0332942,-0.277754,0.32829,0,-0.41,44.35
150,0.328595,-0.0370487,-0.295257,0.333901,0,-0.41,44.35
151,0.352192,-0.0446379,-0.327879,0.343956,0,-0.41,44.35
152,0.372431,-0.0518366,-0.356149,0.352337,0,-0.41,44.4
153,0.38469,-0.056515,-0.373418,0.357392,0,-0.41,44.4
154,0.403762,-0.0642816,-0.40052,0.365093,0,-0.41,44.4
155,0.416581,-0.0698453,-0.418911,0.370185,0,-0.41,44.4
156,0.437977,-0.079766,-0.449949,0.378544,0,-0.41,44.4
157,0.45353,-0.0874858,-0.4728,0.384517,0,-0.41,44.4
158,0.473455,-0.0980463,-0.502478,0.392086,0,-0.41,44.45
159,0.48649,-0.105373,-0.522158,0.397021,0,-0.41,44.45
160,0.50714,-0.117687,-0.553799,0.404904,0,-0.41,44.45
161,0.526804,-0.13026,-0.584516,0.412474,0,-0.41,44.45
162,0.540168,-0.139303,-0.605753,0.417454,0,-0.41,44.5
163,0.553593,-0.148811,-0.627402,0.422384,0,-0.41,44.5
164,0.568884,-0.160188,-0.652485,0.4277,0,-0.41,44.5
165,0.588189,-0.175432,-0.684858,0.434812,0,-0.407315,44.55
166,0.602248,-0.187188,-0.708866,0.440021,0,-0.404837,44.55
167,0.62457,-0.207064,-0.747776,0.447801,0,-0.404804,44.55
168,0.636641,-0.218497,-0.769353,0.451663,0,-0.409997,44.6
169,0.657466,-0.239436,-0.807993,0.457799,0,-0.4058,44.6
170,0.669649,-0.252474,-0.831236,0.461251,0,-0.401258,44.65
171,0.683566,-0.268126,-0.858337,0.465063,0,-0.403572,44.65
172,0.700587,-0.288514,-0.892621,0.469585,0,-0.39472,44.7
173,0.712297,-0.303401,-0.916735,0.47268,0,-0.388078,44.7
174,0.730759,-0.328454,-0.955491,0.477435,0,-0.381264,44.75
175,0.741125,-0.343462,-0.977735,0.480107,0,-0.363458,44.75
176,0.754039,-0.363211,-1.00595,0.48358,0,-0.336833,44.8
177,0.768524,-0.386862,-1.03649,0.48855,0,-0.317741,44.8
178,0.779582,-0.406033,-1.05935,0.492601,0,-0.288997,44.85
179,0.793754,-0.432137,-1.08738,0.498248,0,-0.271769,44.85
180,0.802448,-0.449029,-1.10375,0.502098,0,-0.257607,44.85
181,0.816481,-0.477779,-1.12981,0.508363,0,-0.241227,44.9
182,0.824613,-0.495339,-1.14462,0.512262,0,-0.225489,44.9
183,0.837001,-0.523442,-1.16663,0.518656,0,-0.211981,44.95
184,0.844654,-0.541659,-1.17972,0.522895,0,-0.200238,44.95
185,0.855831,-0.569507,-1.19858,0.529078,0,-0.191496,45
186,0.863095,-0.590359,-1.20839,0.533541,0,-0.18358,45
187,0.871228,-0.619859,-1.22541,0.539587,0,-0.174486,45.05
188,0.879134,-0.650867,-1.24263,0.546009,0,-0.162713,45.1
189,0.886635,-0.681809,-1.25872,0.55203,0,-0.152018,45.1
190,0.892701,-0.707784,-1.27123,0.556899,0,-0.142829,45.15
191,0.897892,-0.730723,-1.28162,0.561521,0,-0.13289,45.15
192,0.904751,-0.76207,-1.29486,0.567605,0,-0.121674,45.2
193,0.910085,-0.787291,-1.30478,0.572277,0,-0.113644,45.2
194,0.915708,-0.81447,-1.3145,0.57705,0,-0.102782,45.25
0,0.923052,-0.850909,-1.32633,0.583182,0,-0.0957791,0
1,0.927299,-0.872673,-1.33298,0.586744,0,-0.0681737,0.05
2,0.933792,-0.906253,-1.34168,0.589656,0,-0.0847615,0.1
3,0.940068,-0.939311,-1.34972,0.591728,0,-0.0846807,0.1
4,0.942196,-0.951042,-1.35276,0.592491,0,-0.0876756,0.1
5,0.948556,-0.98755,-1.36234,0.594795,0,-0.0705056,0.15
6,0.954244,-1.02165,-1.37063,0.596964,0,-0.0668652,0.2
7,0.958334,-1.0464,-1.37584,0.59854,0,-0.0493296,0.2
8,0.963746,-1.07953,-1.38194,0.600618,0,-0.0280792,0.25
9,0.967412,-1.10149,-1.38473,0.602069,0,-0.030917,0.3
10,0.972397,-1.13084,-1.38769,0.603897,0,-0.016717,0.3
11,0.978501,-1.16664,-1.39038,0.606148,0,-0.00605302,0.35
12,0.982463,-1.18934,-1.39127,0.607581,0,-0.00300922,0.35
13,0.988798,-1.22495,-1.39183,0.609758,0,-0.00254094,0.4
14,0.992877,-1.2477,-1.39202,0.61116,0,0.00317658,0.4
15,0.999384,-1.28384,-1.39208,0.613346,0,0.00809109,0.45
16,1.00661,-1.32326,-1.39135,0.615641,0,0.00791149,0.5
17,1.0109,-1.34637,-1.39077,0.617011,0,0.012237,0.5
18,1.01546,-1.37079,-1.39007,0.618428,0,0.0158087,0.55
19,1.02203,-1.40542,-1.38863,0.6204,0,0.0196199,0.6
20,1.02875,-1.44014,-1.38677,0.622328,0,0.0201345,0.6
21,1.0335,-1.46433,-1.38529,0.623674,0,0.0226644,0.65
22,1.04058,-1.49991,-1.38296,0.625637,0,0.0226021,0.7
23,1.04542,-1.52385,-1.38129,0.626994,0,0.0255257,0.7
24,1.05501,-1.57054,-1.37782,0.629479,0,0.0282704,0.75
25,1.06067,-1.59759,-1.3756,0.630897,0,0.0271735,0.8
26,1.06564,-1.62101,-1.37363,0.632171,0,0.0306752,0.8
27,1.07068,-1.64451,-1.37162,0.633407,0,0.0334492,0.85
28,1.07785,-1.67763,-1.36891,0.635151,0,0.0335447,0.85
29,1.08569,-1.71299,-1.36541,0.636959,0,0.0343633,0.9
30,1.09091,-1.7361,-1.36302,0.638109,0,0.0359109,0.9
31,1.10064,-1.77843,-1.35857,0.640221,0,0.0353112,0.95
32,1.1062,-1.80218,-1.35599,0.641438,0,0.0358867,1
33,1.11527,-1.8403,-1.35182,0.643325,0,0.0371658,1.05
34,1.12147,-1.86593,-1.34892,0.644592,0,0.0367902,1.05
35,1.13057,-1.90291,-1.34472,0.646346,0,0.0364751,1.1
36,1.13636,-1.92611,-1.34211,0.647446,0,0.0376652,1.1
37,1.14577,-1.9633,-1.3379,0.649161,0,0.0363389,1.15
38,1.15501,-1.99911,-1.33376,0.650815,0,0.0368638,1.2
39,1.16127,-2.02308,-1.33102,0.651924,0,0.0366375,1.2
40,1.17171,-2.06243,-1.32652,0.653691,0,0.0348964,1.25
41,1.17836,-2.08718,-1.32379,0.654829,0,0.0355992,1.3
42,1.19038,-2.13132,-1.31893,0.65679,0,0.0363823,1.35
43,1.19659,-2.15406,-1.31694,0.657771,0,0.0355558,1.35
44,1.20364,-2.17943,-1.31418,0.65891,0,0.0363574,1.35
45,1.2152,-2.22026,-1.30955,0.660611,0,0.0339893,1.4
46,1.22196,-2.24383,-1.30688,0.661619,0,0.0344446,1.45
47,1.23246,-2.28004,-1.30295,0.663143,0,0.0346267,1.5
48,1.24317,-2.31647,-1.299,0.664658,0,0.0330079,1.5
49,1.25399,-2.35279,-1.29516,0.66616,0,0.0333161,1.55
50,1.26149,-2.3777,-1.29256,0.66716,0,0.0322487,1.6
51,1.26886,-2.40195,-1.29005,0.668154,0,0.0337273,1.6
52,1.28069,-2.44044,-1.28607,0.669647,0,0.0318139,1.65
53,1.29204,-2.47688,-1.28229,0.67108,0,0.0316705,1.7
54,1.30355,-2.5134,-1.27863,0.672488,0,0.0313606,1.7
55,1.31129,-2.53775,-1.27624,0.673408,0,0.0294244,1.75
56,1.31913,-2.56222,-1.2739,0.674357,0,0.0300901,1.75
57,1.32946,-2.59429,-1.27106,0.675554,0,0.0283941,1.8
58,1.34126,-2.63045,-1.26758,0.676902,0,0.0280427,1.85
59,1.35016,-2.65751,-1.26515,0.6779,0,0.0276106,1.85
60,1.36212,-2.69357,-1.262,0.679239,0,0.0279256,1.9
61,1.37117,-2.72063,-1.25962,0.680206,0,0.0259465,1.95
62,1.38462,-2.76043,-1.25615,0.68165,0,0.0262354,2
63,1.39339,-2.78624,-1.25408,0.682554,0,0.0252677,2
64,1.40604,-2.82315,-1.25107,0.683856,0,0.0236284,2.05
65,1.4145,-2.84766,-1.24915,0.684725,0,0.0233043,2.05
66,1.42809,-2.8868,-1.24618,0.686085,0,0.0186823,2.1
67,1.44168,-2.92572,-1.24359,0.687402,0,0.0178954,2.15
68,1.45343,-2.95928,-1.24162,0.688507,0,0.0109297,2.2
69,1.46276,-2.98585,-1.24032,0.689359,0,0.0103621,2.2
70,1.47551,-3.02231,-1.23906,0.690521,0,0.00968778,2.25
71,1.48397,-3.04646,-1.2383,0.691287,0,0.00920049,2.3
72,1.498,-3.08647,-1.23713,0.692546,0,0.00464766,2.3
73,1.51153,-3.12502,-1.23629,0.6937,0,0.00102607,2.35
74,1.52,-3.14921,-1.23601,0.694411,0,0.000696358,2.4
75,1.53305,-3.18661,-1.23587,0.695497,0,-0.000104044,2.45
76,1.54565,-3.2228,-1.23586,0.696556,0,-0.00337661,2.45
77,1.55519,-3.25025,-1.23599,0.697353,0,-0.00308455,2.5
78,1.56783,-3.28676,-1.23635,0.698393,0,-0.0051243,2.55
79,1.57685,-3.31288,-1.2367,0.69915,0,-0.00705138,2.55
80,1.59113,-3.35442,-1.23755,0.700316,0,-0.0128741,2.6
81,1.59973,-3.37965,-1.23834,0.700999,0,-0.011988,2.65
82,1.61253,-3.41745,-1.23975,0.70202,0,-0.0152408,2.65
83,1.62107,-3.44282,-1.24082,0.7027,0,-0.0124262,2.7
84,1.63499,-3.48449,-1.24269,0.703838,0,-0.0110296,2.75
85,1.64727,-3.52133,-1.24404,0.704844,0,-0.00875776,2.8
86,1.65596,-3.5474,-1.24484,0.705558,0,-0.0110069,2.8
87,1.66908,-3.58687,-1.2461,0.706631,0,-0.00983731,2.85
88,1.67752,-3.61238,-1.24692,0.707339,0,-0.0107562,2.9
89,1.68692,-3.64082,-1.2477,0.708109,0,-0.00958164,2.9
90,1.6999,-3.68026,-1.24896,0.709189,0,-0.0122639,2.95
91,1.70875,-3.70724,-1.24981,0.709907,0,-0.0293758,3
92,1.7212,-3.74573,-1.25197,0.710888,0,-0.0262352,3
93,1.73485,-3.78917,-1.25584,0.711932,0,-0.0276025,3.05
94,1.7429,-3.81508,-1.25802,0.71251,0,-0.0306149,3.1
95,1.75526,-3.85531,-1.26163,0.713377,0,-0.0277532,3.15
96,1.76313,-3.88126,-1.26403,0.713954,0,-0.0350419,3.15
97,1.77604,-3.92444,-1.26833,0.714987,0,-0.0289682,3.2
98,1.78368,-3.95044,-1.271,0.715595,0,-0.0339022,3.25
99,1.7951,-3.98963,-1.27482,0.716528,0,-0.0261955,3.3
100,1.80621,-4.02827,-1.27846,0.717403,0,-0.0429221,3.3
101,1.81525,-4.06011,-1.28169,0.718159,0,-0.0440382,3.35
102,1.8225,-4.08643,-1.28517,0.718856,0,-0.0405312,3.4
103,1.83316,-4.12589,-1.29031,0.719931,0,-0.0373844,3.4
104,1.84228,-4.16031,-1.29487,0.720836,0,-0.0285415,3.45
105,1.85273,-4.20008,-1.29915,0.721805,0,-0.0254606,3.5
106,1.85968,-4.22655,-1.30146,0.722508,0,-0.00958011,3.55
107,1.8687,-4.26089,-1.30387,0.723464,0,-0.0077419,3.55
108,1.87992,-4.30296,-1.3052,0.724666,0,-0.00721062,3.6
109,1.89114,-4.3449,-1.30617,0.725865,0,-0.00191514,3.65
110,1.90189,-4.38497,-1.3067,0.727019,0,-0.0127816,3.7
111,1.90548,-4.3983,-1.3068,0.727377,0,-0.00962818,3.7
112,1.91593,-4.43764,-1.30794,0.728448,0,-0.00866581,3.75
113,1.92635,-4.47716,-1.30913,0.729496,0,-0.0180282,3.8
114,1.93685,-4.51738,-1.31081,0.730515,0,-0.0246773,3.85
115,1.94374,-4.54429,-1.31247,0.731205,0,-0.0316575,3.85
116,1.95447,-4.5872,-1.31606,0.732261,0,-0.0292191,3.9
117,1.96114,-4.61444,-1.31859,0.732944,0,-0.0301125,3.95
118,1.97088,-4.65485,-1.32236,0.733947,0,-0.0303011,4
119,1.9809,-4.69709,-1.32625,0.735001,0,-0.0271622,4
120,1.98728,-4.72432,-1.32866,0.735676,0,-0.0328172,4.05
121,1.99687,-4.76582,-1.33241,0.73667,0,-0.0394663,4.1
122,2.00608,-4.80684,-1.33679,0.73762,0,-0.047689,4.15
123,2.01187,-4.83348,-1.34021,0.73822,0,-0.0402092,4.15
124,2.02121,-4.8779,-1.34634,0.739161,0,-0.0292096,4.2
125,2.02783,-4.90971,-1.34985,0.739757,0,-0.0528869,4.25
126,2.03668,-4.9531,-1.35517,0.740597,0,-0.0433117,4.3
127,2.04204,-4.98071,-1.35927,0.741112,0,-0.051536,4.3
128,2.04815,-5.01274,-1.36373,0.741722,0,-0.0579873,4.35
129,2.05596,-5.05557,-1.37069,0.742545,0,-0.0421488,4.4
130,2.06092,-5.08407,-1.37546,0.743009,0,-0.0561504,4.4
131,2.06808,-5.12582,-1.3817,0.743627,0,-0.0661362,4.45
132,2.07481,-5.16768,-1.38923,0.744299,0,-0.0692662,4.5
133,2.07925,-5.19725,-1.39522,0.744846,0,-0.0579767,4.55
134,2.08518,-5.23886,-1.40346,0.745521,0,-0.063992,4.6
135,2.08956,-5.27062,-1.40919,0.746064,0,-0.0834414,4.6
136,2.09474,-5.31131,-1.41789,0.746932,0,-0.0834618,4.65
137,2.09795,-5.33957,-1.42491,0.747542,0,-0.0949524,4.7
138,2.10356,-5.39611,-1.44008,0.74892,0,-0.0972638,4.75
139,2.10594,-5.42448,-1.44826,0.74963,0,-0.0795014,4.75
140,2.10927,-5.46779,-1.45951,0.750462,0,-0.0954461,4.8
141,2.11128,-5.49692,-1.46709,0.751065,0,-0.096103,4.85
142,2.11364,-5.53962,-1.47929,0.751988,0,-0.100031,4.9
143,2.11551,-5.58549,-1.49275,0.753097,0,-0.134295,4.95
144,2.11622,-5.61337,-1.50203,0.753818,0,-0.124114,4.95
145,2.11643,-5.64277,-1.51322,0.754733,0,-0.156692,5
146,2.11595,-5.68781,-1.53148,0.756354,0,-0.1763,5
147,2.11406,-5.73096,-1.55297,0.758573,0,-0.182714,5.05
148,2.11208,-5.75972,-1.56839,0.760176,0,-0.184256,5.1
149,2.10919,-5.79233,-1.58632,0.762034,0,-0.18501,5.15
150,2.10448,-5.83479,-1.60994,0.76451,0,-0.185065,5.15
151,2.09803,-5.88223,-1.63641,0.767323,0,-0.188179,5.2
152,2.09332,-5.91188,-1.65311,0.769171,0,-0.199153,5.25
153,2.08544,-5.955,-1.67842,0.772028,0,-0.198708,5.3
154,2.07829,-5.98923,-1.69909,0.77444,0,-0.196141,5.3
155,2.06786,-6.0338,-1.72601,0.777634,0,-0.200325,5.35
156,2.05988,-6.06464,-1.74491,0.779983,0,-0.118455,5.4
157,2.05197,-6.09319,-1.76206,0.782449,0,-0.127456,5.4
158,2.03852,-6.14243,-1.78261,0.786493,0,0.23265,5.45
159,2.02875,-6.17762,-1.79457,0.793157,0,0.111517,5.5
160,2.01854,-6.22191,-1.79146,0.802927,0,0.124768,5.5
161,2.01317,-6.25196,-1.78159,0.809381,0,0.150331,5.55
162,2.00635,-6.29784,-1.76333,0.819027,0,0.126587,5.6
163,2.00186,-6.33447,-1.74736,0.82644,0,0.124023,5.65
164,1.99663,-6.38148,-1.7295,0.835836,0,0.103229,5.7
165,1.99336,-6.41412,-1.71804,0.841925,0,0.0953194,5.75
166,1.98884,-6.46216,-1.70339,0.850859,0,0.0631545,5.8
167,1.9846,-6.51067,-1.69107,0.859407,0,0.0683355,5.9
168,1.98126,-6.54937,-1.68333,0.866266,0,0.0752085,5.95
169,1.97747,-6.59881,-1.67276,0.875505,0,0.0214701,6.05
170,1.97517,-6.63214,-1.66609,0.881316,0,0.0364201,6.15
171,1.97231,-6.67001,-1.66226,0.888102,0,0.0256921,6.25
172,1.96847,-6.72163,-1.65728,0.897751,0,0.0325826,6.35
173,1.96476,-6.7731,-1.65287,0.907729,0,-0.0136265,6.45
174,1.96208,-6.81058,-1.65085,0.914456,0,-0.00780633,6.5
175,1.95781,-6.86268,-1.65202,0.923757,0,-0.0592562,6.6
176,1.95242,-6.92218,-1.65631,0.933161,0,-0.0616097,6.65
177,1.94765,-6.96512,-1.66382,0.939967,0,-0.0678989,6.7
178,1.94329,-7.0006,-1.67073,0.945901,0,-0.114991,6.75
179,1.93853,-7.03642,-1.67839,0.951393,0,-0.129603,6.8
180,1.92993,-7.09025,-1.69635,0.95935,0,-0.13696,6.85
181,1.91971,-7.14407,-1.7175,0.967253,0,-0.191474,6.9
182,1.90708,-7.20096,-1.74359,0.974616,0,-0.225892,6.95
183,1.89736,-7.23783,-1.76534,0.978995,0,-0.241384,7
184,1.88659,-7.27346,-1.79003,0.983463,0,-0.302669,7
185,1.86797,-7.3265,-1.83174,0.989061,0,-0.324824,7.05
186,1.84397,-7.38228,-1.88661,0.994342,0,-0.352025,7.1
187,1.82738,-7.41551,-1.92273,0.997312,0,-0.36855,7.15
188,1.79311,-7.47432,-1.99475,1.00268,0,-0.409924,7.2
189,1.77167,-7.50598,-2.03784,1.00517,0,-0.409924,7.25
190,1.73514,-7.55275,-2.10939,1.00828,0,-0.409906,7.3
191,1.70545,-7.58603,-2.16371,1.00971,0,-0.409968,7.35
192,1.67861,-7.61315,-2.21023,1.01077,0,-0.409914,7.4
193,1.63569,-7.65173,-2.28062,1.0121,0,-0.409919,7.45
194,1.59016,-7.68719,-2.35102,1.01346,0,-0.41,7.5
195,1.55173,-7.71345,-2.40778,1.01476,0,-0.41,7.55
196,1.51703,-7.7345,-2.45726,1.0161,0,-0.41,7.6
197,1.46498,-7.76192,-2.529,1.01821,0,-0.331227,7.65
198,1.41296,-7.78536,-2.59401,1.02045,0,-0.214274,7.7
199,1.37263,-7.80209,-2.63541,1.02236,0,-0.139389,7.75
200,1.31891,-7.82423,-2.6725,1.02481,0,-0.0337727,7.8
201,1.27887,-7.84101,-2.69008,1.02665,0,0.0108367,7.85
202,1.22525,-7.8649,-2.69797,1.02907,0,0.0753543,7.9
203,1.18988,-7.88161,-2.6967,1.03067,0,0.0388673,7.95
204,1.13427,-7.9096,-2.68695,1.03323,0,0.048493,8
205,1.0948,-7.92986,-2.68122,1.03505,0,0.0290422,8.05
206,1.04333,-7.95674,-2.67386,1.03743,0,0.000802335,8.1
207,0.99827,-7.98031,-2.66978,1.0395,0,-0.0199499,8.15
208,0.935104,-8.01253,-2.6712,1.04242,0,-0.0221487,8.2
209,0.914009,-8.02314,-2.67207,1.04341,0,-0.0289851,8.25
210,0.854508,-8.05259,-2.67652,1.04615,0,-0.0316385,8.3
211,0.818677,-8.07002,-2.67996,1.0478,0,-0.0221978,8.35
212,0.74952,-8.10321,-2.68623,1.05096,0,-0.0145447,8.45
213,0.713732,-8.12032,-2.68855,1.05261,0,0.00417038,8.45
214,0.658596,-8.14681,-2.68989,1.05512,0,-0.00318362,8.55
215,0.622479,-8.16431,-2.68985,1.05669,0,0.0162912,8.55
216,0.568264,-8.19073,-2.68878,1.05898,0,0.00431458,8.65
217,0.532151,-8.20853,-2.68731,1.06054,0,-0.0291608,8.65
218,0.477629,-8.23512,-2.68828,1.06273,0,-0.0344881,8.75
219,0.422975,-8.26095,-2.69341,1.06466,0,-0.033386,8.8
220,0.375486,-8.28292,-2.69859,1.06613,0,-0.0161128,8.85
221,0.338728,-8.29976,-2.70208,1.06725,0,0.000358006,8.9
222,0.283315,-8.32527,-2.70454,1.06897,0,0.00649492,8.95
223,0.242678,-8.3442,-2.70443,1.0703,0,-0.00224303,9
224,0.188389,-8.36964,-2.70392,1.07206,0,-0.00320148,9.05
225,0.151326,-8.38696,-2.70414,1.07331,0,0.0317491,9.1
226,0.0899336,-8.41574,-2.70332,1.07543,0,-0.0170798,9.15
227,0.0530404,-8.4334,-2.70082,1.07669,0,-0.0318397,9.2
228,-0.00169557,-8.45898,-2.7032,1.07855,0,-0.0447402,9.25
229,-0.0576795,-8.48427,-2.70944,1.08043,0,-0.033785,9.3
230,-0.11562,-8.50971,-2.71679,1.08238,0,-0.0206287,9.4
231,-0.156246,-8.52741,-2.72063,1.08375,0,0.014747,9.45
232,-0.219881,-8.55552,-2.72168,1.08598,0,0.0117447,9.5
233,-0.257398,-8.57241,-2.72043,1.08722,0,-0.00303979,9.55
234,-0.295077,-8.58942,-2.71964,1.08854,0,-0.0211986,9.6
235,-0.351765,-8.61474,-2.72088,1.0905,0,-0.0348197,9.65
236,-0.410403,-8.64026,-2.72563,1.09246,0,-0.0448459,9.7
237,-0.447667,-8.65606,-2.73007,1.09373,0,-0.046516,9.75
238,-0.512768,-8.6829,-2.73931,1.09584,0,-0.0433345,9.8
239,-0.570829,-8.70618,-2.74754,1.09774,0,-0.0329734,9.9
240,-0.609538,-8.72145,-2.75252,1.09893,0,-0.0245422,9.95
241,-0.666965,-8.74397,-2.75812,1.10072,0,-0.0219366,10
242,-0.708929,-8.76033,-2.76143,1.10207,0,-0.0210161,10.05
243,-0.746483,-8.7749,-2.7641,1.10326,0,-0.0361386,10.05
244,-0.806273,-8.7978,-2.76895,1.10523,0,-0.0265929,10.15
245,-0.865349,-8.81988,-2.77495,1.1071,0,-0.0192722,10.2
246,-0.926751,-8.84263,-2.77953,1.10901,0,-0.0178033,10.25
247,-0.966309,-8.85722,-2.78188,1.11021,0,-0.0385572,10.3
248,-1.02966,-8.88019,-2.78723,1.11222,0,-0.0210779,10.4
249,-1.06948,-8.89431,-2.79119,1.1134,0,-0.0124623,10.4
250,-1.12945,-8.91553,-2.79493,1.11518,0,-0.0098206,10.5
251,-1.16928,-8.92964,-2.79648,1.11638,0,-0.011436,10.5
252,-1.22936,-8.95088,-2.79847,1.11816,0,-0.020157,10.6
253,-1.28961,-8.97197,-2.80126,1.11994,0,-0.0193986,10.65
254,-1.33201,-8.9866,-2.80376,1.12116,0,-0.019954,10.7
255,-1.3734,-9.00075,-2.8063,1.12237,0,-0.0254865,10.75
256,-1.43755,-9.02238,-2.81075,1.12427,0,-0.0311609,10.8
257,-1.49845,-9.04247,-2.81587,1.12608,0,-0.00422138,10.85
258,-1.56062,-9.06277,-2.81957,1.12785,0,0.00640476,10.95
259,-1.60133,-9.07625,-2.81986,1.129,0,0.00989809,11
260,-1.66542,-9.09774,-2.81863,1.13077,0,0.00535862,11.05
261,-1.70827,-9.11224,-2.81747,1.13192,0,-0.00154273,11.1
262,-1.76944,-9.13293,-2.81684,1.13358,0,-0.00955112,11.15
263,-1.81074,-9.14681,-2.81719,1.13473,0,-0.0212395,11.2
264,-1.87771,-9.16897,-2.81976,1.13651,0,-0.0150848,11.25
265,-1.92756,-9.18517,-2.82255,1.13782,0,-0.0104449,11.3
266,-1.96854,-9.19842,-2.8244,1.1389,0,-0.00171011,11.35
267,-2.04007,-9.22155,-2.82609,1.1408,0,0.00515807,11.45
268,-2.10088,-9.24137,-2.82598,1.14234,0,0.0156355,11.5
269,-2.14851,-9.25707,-2.82476,1.14355,0,0.0152453,11.55
270,-2.19738,-9.27339,-2.82272,1.14483,0,0.00940354,11.6
271,-2.25816,-9.29386,-2.82027,1.14638,0,0.00751568,11.65
272,-2.30601,-9.31001,-2.81892,1.1476,0,-0.00383935,11.7
273,-2.34631,-9.32362,-2.81812,1.1486,0,-0.00561174,11.75
274,-2.41056,-9.34514,-2.81858,1.15021,0,-0.00541328,11.85
275,-2.47268,-9.36579,-2.81956,1.1517,0,0.00111934,11.9
276,-2.51433,-9.3796,-2.82013,1.15269,0,0.00205031,11.95
277,-2.57854,-9.40097,-2.82006,1.15423,0,0.00830635,12
278,-2.64018,-9.42159,-2.8193,1.15574,0,0.0123366,12.1
279,-2.68408,-9.43643,-2.81801,1.15685,0,0.0114632,12.1
280,-2.74641,-9.45768,-2.81578,1.15843,0,0.0104689,12.2
281,-2.78716,-9.47167,-2.81435,1.1594,0,0.00294822,12.25
282,-2.8496,-9.49315,-2.81274,1.16079,0,-0.0426927,12.3
283,-2.9017,-9.51089,-2.8136,1.16111,0,-0.0413448,12.35
284,-2.96789,-9.53233,-2.82112,1.16119,0,-0.0199547,12.4
285,-3.00969,-9.54552,-2.82558,1.15557,0,0.0482176,12.45
286,-3.07372,-9.56602,-2.827,1.15631,0,0.0720015,12.55
287,-3.13455,-9.58708,-2.81735,1.1498,0,0.0638507,12.6
288,-3.17645,-9.60242,-2.80853,1.14248,0,0.0413344,12.65
289,-3.23904,-9.626,-2.7972,1.13475,0,0.00142678,12.7
290,-3.28071,-9.6418,-2.79213,1.12497,0,-0.0286227,12.75
291,-3.34078,-9.66401,-2.7917,1.10911,0,-0.0332512,12.8
292,-3.40596,-9.68701,-2.79735,1.09444,0,-0.0247022,12.9
293,-3.44498,-9.70045,-2.80099,1.0866,0,-0.00912068,12.95
294,-3.50333,-9.72044,-2.80479,1.07942,0,0.0082136,13
295,-3.54176,-9.73373,-2.8054,1.07148,0,0.0222431,13.05
296,-3.58227,-9.748,-2.80418,1.06335,0,0.0278913,13.05
297,-3.65591,-9.77468,-2.79879,1.05555,0,0.0201608,13.15
298,-3.69315,-9.78843,-2.79587,1.04845,0,0.0150718,13.2
299,-3.7488,-9.80906,-2.79263,1.0411,0,-0.0262535,13.25
300,-3.79372,-9.82555,-2.79243,1.04123,0,0.00135148,13.3
301,-3.83276,-9.83944,-2.79495,1.04154,0,0.0156502,13.35
302,-3.88939,-9.85984,-2.79467,1.04241,0,0.0248151,13.4
303,-3.92584,-9.87326,-2.79283,1.04292,0,-0.0180113,13.45
304,-3.98521,-9.89529,-2.79069,1.04333,0,-0.0198536,13.5
305,-4.04019,-9.91504,-2.79352,1.04353,0,0.0359023,13.55
306,-4.07861,-9.92881,-2.79423,1.04382,0,0.0484302,13.6
307,-4.12533,-9.94633,-2.78948,1.03659,0,0.0483113,13.65
308,-4.17998,-9.9677,-2.78134,1.02946,0,0.0329116,13.7
309,-4.22139,-9.98431,-2.77509,1.02122,0,-0.00183395,13.75
310,-4.27713,-10.0067,-2.77024,1.01018,0,-0.0117988,13.8
311,-4.31279,-10.0207,-2.77022,1.00227,0,-0.0114683,13.85
312,-4.36569,-10.0411,-2.77186,0.995067,0,-0.00582744,13.9
313,-4.42552,-10.064,-2.77368,0.983505,0,0.00384646,13.95
314,-4.4598,-10.0771,-2.77396,0.967558,0,0.0128997,14
315,-4.51188,-10.0973,-2.77285,0.951082,0,0.0208911,14.05
316,-4.54483,-10.1102,-2.77127,0.926088,0,0.0225582,14.1
317,-4.59368,-10.1298,-2.76799,0.90179,0,0.0214764,14.15
318,-4.64033,-10.1486,-2.76468,0.877201,0,0.0180233,14.2
319,-4.67135,-10.1613,-2.76261,0.852977,0,0.0162303,14.25
320,-4.72143,-10.1817,-2.75984,0.84494,0,0.0141166,14.3
321,-4.75098,-10.1939,-2.75833,0.819231,0,0.0131358,14.3
322,-4.77921,-10.2055,-2.757,0.794797,0,0.0137302,14.35
323,-4.81911,-10.2219,-2.75523,0.761562,0,0.0145428,14.4
324,-4.85837,-10.2382,-2.75344,0.72905,0,0.0159708,14.45
325,-4.89523,-10.2536,-2.7516,0.697728,0,0.0179813,14.5
326,-4.93205,-10.2692,-2.74953,0.664633,0,0.0190484,14.5
327,-4.95365,-10.2783,-2.74823,0.63166,0,0.0200221,14.55
328,-4.97472,-10.2873,-2.74685,0.599586,0,0.0213468,14.55
329,-5.00668,-10.301,-2.74466,0.567115,0,0.021886,14.6
330,-5.02613,-10.3094,-2.74324,0.542291,0,0.0227957,14.6
331,-5.05377,-10.3215,-2.74117,0.517757,0,0.023342,14.65
332,-5.07349,-10.3298,-2.73975,0.488456,0,0.0225465,14.65
333,-5.0977,-10.3402,-2.73794,0.456759,0,0.0258915,14.7
334,-5.12031,-10.3498,-2.73607,0.424394,0,0.0307553,14.7
335,-5.13415,-10.3558,-2.73474,0.392109,0,0.0732744,14.75
336,-5.15344,-10.3641,-2.73085,0.3674,0,0.0653348,14.75
337,-5.16587,-10.3696,-2.728,0.350498,0,0.0591186,14.75
338,-5.17967,-10.3757,-2.72522,0.334182,0,0.0580906,14.8
339,-5.19697,-10.3833,-2.72187,0.31793,0,0.0568994,14.8
340,-5.21168,-10.3899,-2.71912,0.301256,0,0.0562395,14.8
341,-5.22754,-10.3971,-2.71625,0.285624,0,0.0543931,14.85
342,-5.23852,-10.4021,-2.71431,0.26907,0,0.0524253,14.85
343,-5.25181,-10.4081,-2.71196,0.25294,0,0.0526047,14.85
344,-5.26,-10.4119,-2.71053,0.236804,0,0.0517537,14.85
345,-5.27156,-10.4172,-2.70852,0.220505,0,0.0490599,14.9
346,-5.27875,-10.4206,-2.70733,0.204401,0,0.0466499,14.9
347,-5.2886,-10.4251,-2.70577,0.187724,0,0.0449655,14.9
348,-5.29766,-10.4294,-2.7044,0.171887,0,0.0440773,14.9
349,-5.30304,-10.4319,-2.70361,0.155705,0,0.0430319,14.9
350,-5.31132,-10.4358,-2.70241,0.139338,0,0.0403448,14.95
351,-5.31565,-10.4378,-2.70182,0.123646,0,0.035736,14.95
352,-5.32215,-10.4409,-2.70101,0.114713,0,0.0319247,14.95
353,-5.32585,-10.4426,-2.7006,0.106788,0,0.0310771,14.95
354,-5.33005,-10.4446,-2.70019,0.0964869,0,0.029339,14.95
355,-5.33476,-10.4468,-2.69972,0.0891276,0,0.0265746,14.95
356,-5.33895,-10.4488,-2.69933,0.0814329,0,0.0249895,14.95
357,-5.34155,-10.45,-2.69912,0.0738368,0,0.0236591,14.95
358,-5.34502,-10.4517,-2.69884,0.0657698,0,0.0217005,14.95
359,-5.34705,-10.4526,-2.69869,0.0576513,0,0.0193676,14.95
360,-5.34994,-10.454,-2.6985,0.0498623,0,0.0168785,14.95
361,-5.3514,-10.4547,-2.69841,0.0409404,0,0.0147186,14.95
362,-5.35321,-10.4556,-2.69831,0.0330104,0,0.0121128,15
363,-5.35426,-10.4561,-2.69826,0.025082,0,0.00978814,15
364,-5.35527,-10.4565,-2.69822,0.0176535,0,0.00745605,15
365,-5.35592,-10.4568,-2.69821,0.0098716,0,0.00526165,15
366,-5.35599,-10.4569,-2.6982,0.00188856,0,0.00284067,15
367,-5.35593,-10.4569,-2.69821,-0.000440016,0,0.00051404,15
368,-5.35609,-10.4569,-2.6982,-0.00288645,0,0.000885619,15
369,-5.35616,-10.457,-2.6982,0.00400062,0,0.00248565,15
370,-5.35614,-10.457,-2.6982,-0.000905487,0,0.000284872,15
371,-5.35611,-10.4569,-2.6982,-0.000909917,0,0.000273986,15
372,-5.35606,-10.4569,-2.6982,-0.000916905,0,0.000275817,15
373,-5.35602,-10.4569,-2.6982,-0.000921722,0,0.000277473,15
374,-5.35599,-10.4569,-2.6982,-0.000925974,0,0.0002789,15
375,-5.35592,-10.4568,-2.6982,-0.000933685,0,0.000280243,15
376,-5.3559,-10.4568,-2.6982,-0.000935409,0,0.000281563,15
377,-5.35585,-10.4568,-2.6982,-0.000940471,0,0.000282692,15
378,-5.35582,-10.4568,-2.6982,-0.000943165,0,0.00028392,15
