0,0,0,0,-3.14159,10,0.304,0.0216091,24.88,24.88,0.079784,-0.0865,3.387,21.375,21.375,0.0728411
1,-0.48,0,0.5,-3.14159,9.9975,0.304,0.0216091,24.88,24.88,0.079784,-0.0865,3.387,21.375,21.375,0.0728411
2,-0.98,0,1,-3.1394,9.9855,0.304,0.0216091,24.88,24.88,0.079784,-0.0865,3.387,21.375,21.375,0.0728411
3,-1.48,-0.04,1.5,-3.1283,9.96225,0.304,0.0216091,24.88,24.88,0.079784,-0.0865,3.387,21.375,21.375,0.0728411
4,-1.98,-0.08,2,-3.1109,9.95909,0.304,0.0216091,24.88,24.88,0.079784,-0.0865,3.387,21.375,21.375,0.0728411
5,-2.48,-0.12,2.5,-3.0955,9.96457,0.304,0.0216091,24.88,24.88,0.079784,-0.0865,3.387,21.375,21.375,0.0728411
6,-2.98,-0.18,3,-3.0789,9.9707,0.304,0.0216091,24.88,24.88,0.079784,-0.0865,3.387,21.375,21.375,0.0728411
7,-3.48,-0.24,3.5,-3.0602,9.9739,0.304,0.0216091,24.88,24.88,0.079784,-0.0865,3.387,21.375,21.375,0.0728411
8,-3.96,-0.34,4,-3.0401,9.98087,0.304,0.0216091,24.88,24.88,0.079784,-0.0865,3.387,21.375,21.375,0.0728411
9,-4.46,-0.42,4.5,-3.0217,9.98788,0.3526,0.0240114,42.72,42.72,0.0836059,0.0385,3.4105,21.375,21.375,0.0698895
10,-4.94,-0.52,5,-3.0047,9.9926,0.326,0.0228289,32,32,0.0759487,0.00725,2.982,14.25,14.25,0.0788641
11,-5.44,-0.62,5.5,-2.989,9.9947,0.2986,0.0209927,21.36,21.36,0.069237,-0.03075,2.662,10.6875,10.6875,0.0722005
12,-5.92,-0.72,6,-2.9743,9.9923,0.2984,0.0214782,14.24,14.24,0.078186,-0.136,3.264,14.25,14.25,0.0721246
13,-6.42,-0.84,6.5,-2.9592,9.98975,0.3022,0.0212434,10.64,10.64,0.0715009,-0.1105,2.797,17.8125,17.8125,0.0761016
14,-6.9,-0.96,7,-2.9443,9.9871,0.2948,0.0204979,14.24,14.24,0.071421,-0.094,2.8885,21.375,21.375,0.0693175
15,-7.38,-1.08,7.5,-2.9295,9.98721,0.2982,0.0210385,17.76,17.76,0.0753894,-0.10025,3.133,21.375,21.375,0.0804724
16,-7.86,-1.22,8,-2.9146,9.98709,0.2936,0.0204678,21.36,21.36,0.0686511,-0.03925,2.7015,21.375,21.375,0.0753845
17,-8.34,-1.36,8.5,-2.8999,9.98479,0.302,0.0214342,21.36,21.36,0.0797973,-0.10825,3.3875,24.9375,24.9375,0.0706119
18,-8.82,-1.52,9,-2.8844,9.98486,0.3112,0.0217346,21.36,21.36,0.074657,-0.06575,2.9855,24.9375,24.9375,0.0804625
19,-9.3,-1.68,9.5,-2.8691,9.98712,0.2988,0.020618,24.88,24.88,0.0699162,-0.02225,2.7845,21.375,21.375,0.0693694
20,-9.76,-1.84,10,-2.8542,9.98733,0.304,0.0216091,24.88,24.88,0.079784,-0.0865,3.387,21.375,21.375,0.0728411
21,-10.24,-2.02,10.55,-2.8389,9.98719,0.3008,0.0209484,21.36,21.36,0.0686777,-0.03425,2.648,21.375,21.375,0.0804642
22,-10.7,-2.18,11,-2.8242,9.98707,0.2904,0.0203777,21.36,21.36,0.0721268,-0.0615,2.9685,21.375,21.375,0.0751498
23,-11.16,-2.38,11.5,-2.8094,9.98487,0.3054,0.0217947,21.36,21.36,0.0797973,-0.107,3.349,24.9375,24.9375,0.0792491
24,-11.62,-2.56,12,-2.7939,9.98486,0.3126,0.0217346,21.36,21.36,0.0744439,-0.0625,2.954,24.9375,24.9375,0.0771834
25,-12.08,-2.78,12.55,-2.7782,9.98488,0.314,0.0218247,24.88,24.88,0.0785322,-0.06925,3.266,24.9375,24.9375,0.0736591
26,-12.54,-2.98,13.05,-2.7625,9.98491,0.315,0.0219749,24.88,24.88,0.0764814,-0.05375,3.11,24.9375,24.9375,0.086263
27,-13,-3.2,13.55,-2.7469,9.98727,0.3064,0.0213388,24.88,24.88,0.0729524,-0.035,2.9235,21.375,21.375,0.0765858
28,-13.44,-3.42,14.05,-2.7314,9.9876,0.321,0.0228103,24.88,24.88,0.0856301,-0.11675,3.6415,21.375,21.375,0.0811026
29,-13.88,-3.64,14.55,-2.715,9.98504,0.3262,0.0225456,21.36,21.36,0.0758422,-0.06,2.971,24.9375,24.9375,0.0808573
30,-14.32,-3.88,15.05,-2.6989,9.98499,0.3222,0.0223354,21.36,21.36,0.0803833,-0.093,3.3415,24.9375,24.9375,0.078152
31,-14.76,-4.12,15.55,-2.6827,9.98509,0.3256,0.0227559,24.88,24.88,0.0801569,-0.07025,3.281,24.9375,24.9375,0.0920232
32,-15.2,-4.38,16.05,-2.6664,9.9875,0.3222,0.0223898,24.88,24.88,0.0774136,-0.052,3.113,21.375,21.375,0.0786666
33,-15.62,-4.64,16.55,-2.65,9.98541,0.342,0.0241376,24.88,24.88,0.0914096,-0.14375,3.8855,24.9375,24.9375,0.0809856
34,-16.04,-4.9,17.05,-2.6327,9.98524,0.343,0.0234467,21.36,21.36,0.0779463,-0.059,3.0235,24.9375,24.9375,0.0820979
35,-16.46,-5.18,17.55,-2.616,9.98506,0.3282,0.0226358,24.88,24.88,0.0802767,-0.0645,3.3105,24.9375,24.9375,0.0774596
36,-16.88,-5.46,18.1,-2.5996,9.98515,0.3278,0.0230563,24.88,24.88,0.081382,-0.0755,3.342,24.9375,24.9375,0.091238
37,-17.28,-5.74,18.55,-2.5833,9.98502,0.3226,0.0224856,24.88,24.88,0.0767211,-0.046,3.0455,24.9375,24.9375,0.0809052
38,-17.68,-6.04,19.05,-2.5669,9.98537,0.3396,0.0239874,24.88,24.88,0.0906239,-0.13875,3.8455,24.9375,24.9375,0.0777238
39,-18.08,-6.34,19.6,-2.5496,9.9853,0.345,0.023687,24.88,24.88,0.0801835,-0.05325,3.147,24.9375,24.9375,0.0849563
40,-18.48,-6.64,20.1,-2.5328,9.9875,0.3266,0.0223598,24.88,24.88,0.0769875,-0.04275,3.1045,21.375,21.375,0.078193
41,-18.88,-6.96,20.6,-2.5166,9.98517,0.3276,0.0231464,24.88,24.88,0.0842851,-0.09725,3.536,24.9375,24.9375,0.0887178
42,-19.26,-7.28,21.1,-2.5001,9.98511,0.3276,0.022846,21.36,21.36,0.0774669,-0.06725,3.053,24.9375,24.9375,0.0880258
43,-19.64,-7.6,21.6,-2.4836,9.9853,0.338,0.023687,24.88,24.88,0.0880538,-0.119,3.709,24.9375,24.9375,0.0820952
44,-20,-7.94,22.1,-2.4662,9.983,0.3536,0.0245342,24.88,24.88,0.0873213,-0.09975,3.56,28.5,28.5,0.0847259
45,-20.38,-8.28,22.6,-2.4486,9.98529,0.3468,0.023657,24.88,24.88,0.0813554,-0.0575,3.2545,24.9375,24.9375,0.0782152
46,-20.74,-8.64,23.1,-2.4315,9.98527,0.3394,0.0235669,28.48,28.48,0.0840054,-0.06325,3.479,24.9375,24.9375,0.0822679
47,-21.08,-8.98,23.6,-2.4147,9.98763,0.3294,0.0229304,24.88,24.88,0.0774935,-0.0445,3.073,21.375,21.375,0.0831214
48,-21.44,-9.34,24.1,-2.3984,9.98761,0.3254,0.0228703,24.88,24.88,0.0815551,-0.07725,3.3555,21.375,21.375,0.0764496
49,-21.78,-9.7,24.6,-2.382,9.98521,0.332,0.0232966,21.36,21.36,0.0824207,-0.1,3.359,24.9375,24.9375,0.0846435
50,-22.12,-10.08,25.15,-2.3655,9.9875,0.3242,0.0223898,21.36,21.36,0.0757223,-0.05775,2.99,21.375,21.375,0.0778426
51,-22.46,-10.44,25.65,-2.3494,9.98512,0.3264,0.0229061,24.88,24.88,0.0839655,-0.0965,3.5265,24.9375,24.9375,0.0810213
52,-22.78,-10.82,26.15,-2.3329,9.98507,0.3264,0.0226958,21.36,21.36,0.0771206,-0.06675,3.058,24.9375,24.9375,0.0920865
53,-23.1,-11.2,26.65,-2.3168,9.98503,0.3232,0.0225156,24.88,24.88,0.0803033,-0.07125,3.306,24.9375,24.9375,0.0807478
54,-23.4,-11.6,27.15,-2.3002,9.98547,0.346,0.0244079,24.88,24.88,0.0914496,-0.14075,3.8535,24.9375,24.9375,0.0813848
55,-23.72,-12,27.65,-2.2826,9.98532,0.348,0.0237471,24.88,24.88,0.0800104,-0.04875,3.1295,24.9375,24.9375,0.0806018
56,-24.02,-12.4,28.15,-2.2656,9.98512,0.333,0.0229061,24.88,24.88,0.0806629,-0.063,3.3155,24.9375,24.9375,0.0778001
57,-24.3,-12.8,28.65,-2.2491,9.98512,0.3266,0.0229061,24.88,24.88,0.0798772,-0.06425,3.2555,24.9375,24.9375,0.0904547
58,-24.6,-13.22,29.15,-2.2329,9.98751,0.3202,0.0224199,24.88,24.88,0.0770807,-0.04975,3.08,21.375,21.375,0.08081
59,-24.88,-13.62,29.65,-2.2167,9.98536,0.3378,0.0239273,24.88,24.88,0.0898116,-0.13375,3.793,24.9375,24.9375,0.0850139
60,-25.14,-14.04,30.15,-2.1994,9.98528,0.3436,0.0235969,21.36,21.36,0.080077,-0.07325,3.146,24.9375,24.9375,0.0848049
61,-25.4,-14.48,30.65,-2.1824,9.98523,0.3392,0.0233867,24.88,24.88,0.0842984,-0.08675,3.5045,24.9375,24.9375,0.0752917
62,-25.66,-14.9,31.15,-2.1654,9.98533,0.3418,0.0238072,24.88,24.88,0.0840853,-0.08375,3.4435,24.9375,24.9375,0.0881629
63,-25.92,-15.34,31.7,-2.1486,9.98752,0.3264,0.0224499,24.88,24.88,0.0745771,-0.02725,2.9095,21.375,21.375,0.0826715
64,-26.16,-15.76,32.15,-2.1324,9.98523,0.3306,0.0233867,24.88,24.88,0.0874945,-0.11975,3.721,24.9375,24.9375,0.0837001
65,-26.4,-16.22,32.7,-2.1155,9.98532,0.3406,0.0237471,21.36,21.36,0.0819546,-0.089,3.261,24.9375,24.9375,0.0865824
66,-26.62,-16.66,33.2,-2.0985,9.98523,0.3392,0.0233867,24.88,24.88,0.08298,-0.077,3.3915,24.9375,24.9375,0.0785427
67,-26.84,-17.1,33.7,-2.0814,9.98536,0.3438,0.0239273,24.88,24.88,0.0858831,-0.096,3.555,24.9375,24.9375,0.0884553
68,-27.06,-17.56,34.2,-2.0644,9.98516,0.335,0.0230863,24.88,24.88,0.0778131,-0.04275,3.0715,24.9375,24.9375,0.0845533
69,-27.26,-18.02,34.7,-2.0477,9.98532,0.3384,0.0237771,24.88,24.88,0.0877741,-0.1145,3.6995,24.9375,24.9375,0.0789537
70,-27.46,-18.48,35.2,-2.0305,9.98539,0.3464,0.0240775,24.88,24.88,0.0838323,-0.078,3.3665,24.9375,24.9375,0.0908434
71,-27.64,-18.94,35.7,-2.0134,9.98513,0.3342,0.0229361,24.88,24.88,0.0782126,-0.04525,3.114,24.9375,24.9375,0.0762498
72,-27.82,-19.4,36.2,-1.9967,9.98541,0.3426,0.0241376,24.88,24.88,0.0901978,-0.13075,3.8255,24.9375,24.9375,0.079129
73,-28,-19.88,36.7,-1.9795,9.98517,0.3364,0.0231163,24.88,24.88,0.0755492,-0.02725,2.8925,24.9375,24.9375,0.0867912
74,-28.16,-20.34,37.2,-1.9632,9.98746,0.3192,0.0221796,24.88,24.88,0.0784124,-0.05775,3.22,21.375,21.375,0.078645
75,-28.32,-20.82,37.7,-1.947,9.98527,0.3312,0.0235368,24.88,24.88,0.0861361,-0.11025,3.605,24.9375,24.9375,0.0844219
76,-28.48,-21.3,38.25,-1.9303,9.98515,0.333,0.0230262,21.36,21.36,0.0779196,-0.06625,3.052,24.9375,24.9375,0.081392
77,-28.62,-21.78,38.75,-1.9137,9.98516,0.3322,0.0230863,24.88,24.88,0.0837258,-0.08925,3.492,24.9375,24.9375,0.0819455
78,-28.76,-22.26,39.25,-1.897,9.98519,0.3336,0.0232065,24.88,24.88,0.0806629,-0.066,3.2625,24.9375,24.9375,0.0916502
79,-28.88,-22.74,39.75,-1.8804,9.98515,0.3314,0.0230262,24.88,24.88,0.0812355,-0.07075,3.311,24.9375,24.9375,0.0791129
80,-29,-23.22,40.25,-1.8635,9.98549,0.3486,0.0244679,24.88,24.88,0.0910101,-0.1335,3.822,24.9375,24.9375,0.0836096
81,-29.1,-23.72,40.75,-1.846,9.98527,0.3448,0.0235368,24.88,24.88,0.0783724,-0.0395,3.0475,24.9375,24.9375,0.0789086
82,-29.2,-24.2,41.25,-1.8291,9.98517,0.3334,0.0231163,24.88,24.88,0.0828868,-0.07925,3.447,24.9375,24.9375,0.0767953
83,-29.3,-24.7,41.75,-1.8126,9.98761,0.3272,0.0228703,24.88,24.88,0.0781993,-0.05225,3.1325,21.375,21.375,0.0915209
84,-29.38,-25.18,42.25,-1.7965,9.98744,0.3164,0.0221196,24.88,24.88,0.0760686,-0.04525,3.0455,21.375,21.375,0.0782571
85,-29.46,-25.68,42.75,-1.7803,9.98537,0.337,0.0239573,21.36,21.36,0.0909036,-0.1635,3.862,24.9375,24.9375,0.0820883
86,-29.54,-26.18,43.25,-1.7632,9.98522,0.3404,0.0233266,21.36,21.36,0.0775201,-0.0585,2.994,24.9375,24.9375,0.0858974
87,-29.6,-26.68,43.75,-1.7465,9.98507,0.3294,0.0226958,24.88,24.88,0.0813687,-0.07225,3.378,24.9375,24.9375,0.0821144
88,-29.66,-27.16,44.25,-1.7299,9.98529,0.3368,0.023657,24.88,24.88,0.085204,-0.0975,3.5365,24.9375,24.9375,0.0959235
89,-29.7,-27.66,44.75,-1.7129,9.98525,0.3388,0.0234768,24.88,24.88,0.081382,-0.0655,3.255,24.9375,24.9375,0.0826302
90,-29.72,-28.16,45.25,-1.6957,9.98315,0.3588,0.0251049,24.88,24.88,0.0953115,-0.1595,4.0415,28.5,28.5,0.0770667
91,-29.76,-28.66,45.75,-1.6775,9.98298,0.359,0.024444,24.88,24.88,0.0818747,-0.0515,3.1965,28.5,28.5,0.0852866
92,-29.76,-29.16,46.3,-1.6602,9.98504,0.3304,0.0225456,28.48,28.48,0.0763349,-0.0125,3.0455,24.9375,24.9375,0.0716323
93,-29.78,-29.66,46.8,-1.644,9.98769,0.3268,0.0232307,28.48,28.48,0.0846047,-0.0785,3.5535,21.375,21.375,0.0985267
94,-29.78,-30.16,47.3,-1.6277,9.98992,0.316,0.0219939,24.88,24.88,0.0709549,-0.01325,2.681,17.8125,17.8125,0.091328
95,-29.78,-30.66,47.8,-1.6116,9.98549,0.3424,0.0244679,21.36,21.36,0.0980148,-0.21825,4.2555,24.9375,24.9375,0.0833201
96,-29.76,-31.16,48.3,-1.5935,9.98079,0.3732,0.0256821,17.76,17.76,0.0906106,-0.1485,3.613,32.0625,32.0625,0.0860019
97,-29.74,-31.66,48.8,-1.575,9.98289,0.36,0.0240835,24.88,24.88,0.0825539,-0.05375,3.296,28.5,28.5,0.0770314
98,-29.7,-32.16,49.3,-1.5575,9.98285,0.3458,0.0239033,32,32,0.0852839,-0.0465,3.563,28.5,28.5,0.0825132
99,-29.66,-32.66,49.8,-1.5405,9.98763,0.3296,0.0229604,28.48,28.48,0.0763216,-0.0145,2.9875,21.375,21.375,0.0834554
100,-29.6,-33.16,50.3,-1.5243,9.98761,0.3234,0.0228403,28.48,28.48,0.0817948,-0.05975,3.372,21.375,21.375,0.0747233
101,-29.54,-33.66,50.8,-1.5079,9.98774,0.332,0.0234108,21.36,21.36,0.0827403,-0.10225,3.3655,21.375,21.375,0.0838101
102,-29.48,-34.16,51.35,-1.4914,9.98746,0.322,0.0221796,21.36,21.36,0.0740045,-0.048,2.8855,21.375,21.375,0.0778999
103,-29.4,-34.64,51.8,-1.4755,9.98755,0.3218,0.0226001,21.36,21.36,0.0831398,-0.1135,3.5035,21.375,21.375,0.0769867
104,-29.32,-35.14,52.35,-1.4593,9.98505,0.324,0.0226057,21.36,21.36,0.0771872,-0.0695,3.0695,24.9375,24.9375,0.0893275
105,-29.24,-35.64,52.85,-1.4433,9.9849,0.3158,0.0219148,21.36,21.36,0.0762417,-0.068,3.0835,24.9375,24.9375,0.0806646
106,-29.14,-36.12,53.35,-1.4272,9.98528,0.3334,0.0235969,24.88,24.88,0.088693,-0.13,3.765,24.9375,24.9375,0.084885
107,-29.04,-36.6,53.85,-1.4102,9.98524,0.3408,0.0234467,24.88,24.88,0.0799438,-0.0555,3.15,24.9375,24.9375,0.0829683
108,-28.92,-37.1,54.35,-1.3933,9.98522,0.3382,0.0233566,24.88,24.88,0.0841652,-0.087,3.5005,24.9375,24.9375,0.0788092
109,-28.8,-37.58,54.85,-1.3763,9.98526,0.3382,0.0235068,24.88,24.88,0.0822476,-0.073,3.348,24.9375,24.9375,0.0922375
110,-28.66,-38.06,55.35,-1.3596,9.98509,0.3288,0.0227859,24.88,24.88,0.0780794,-0.04925,3.1215,24.9375,24.9375,0.078082
111,-28.52,-38.54,55.85,-1.343,9.98545,0.344,0.0243178,24.88,24.88,0.0916094,-0.142,3.8845,24.9375,24.9375,0.0805402
112,-28.38,-39.02,56.35,-1.3256,9.98524,0.3424,0.0234467,24.88,24.88,0.0773736,-0.03525,2.9795,24.9375,24.9375,0.0835741
113,-28.22,-39.5,56.85,-1.3089,9.98504,0.3262,0.0225456,24.88,24.88,0.0798239,-0.06225,3.284,24.9375,24.9375,0.0791476
114,-28.06,-39.96,57.35,-1.2926,9.9852,0.3292,0.0232365,24.88,24.88,0.0828735,-0.08575,3.4225,24.9375,24.9375,0.0906894
115,-27.9,-40.44,57.85,-1.2761,9.98761,0.3284,0.0228403,24.88,24.88,0.0784257,-0.0535,3.116,21.375,21.375,0.084951
116,-27.72,-40.9,58.35,-1.2595,9.98539,0.3428,0.0240475,24.88,24.88,0.090038,-0.131,3.8025,24.9375,24.9375,0.0842237
117,-27.52,-41.38,58.9,-1.242,9.98294,0.3522,0.0242638,21.36,21.36,0.0842318,-0.096,3.372,28.5,28.5,0.0855308
118,-27.32,-41.84,59.4,-1.2245,9.98531,0.3456,0.0237171,24.88,24.88,0.0834861,-0.074,3.4075,24.9375,24.9375,0.0772599
119,-27.12,-42.28,59.9,-1.2073,9.98535,0.3436,0.0238973,28.48,28.48,0.0848044,-0.0665,3.493,24.9375,24.9375,0.0861365
120,-26.92,-42.74,60.4,-1.1904,9.98761,0.3304,0.0228703,24.88,24.88,0.076548,-0.03675,3.0065,21.375,21.375,0.0831607
121,-26.7,-43.2,60.9,-1.174,9.98522,0.3308,0.0233266,24.88,24.88,0.085457,-0.10225,3.5805,24.9375,24.9375,0.0808862
122,-26.48,-43.64,61.4,-1.1572,9.98529,0.3388,0.023657,21.36,21.36,0.0824474,-0.094,3.311,24.9375,24.9375,0.0932233
123,-26.24,-44.08,61.9,-1.1404,9.98515,0.334,0.0230563,24.88,24.88,0.0801569,-0.0605,3.23,24.9375,24.9375,0.0782418
124,-26,-44.52,62.4,-1.1234,9.98303,0.3504,0.0246243,24.88,24.88,0.0925948,-0.14475,3.924,28.5,28.5,0.0814255
125,-25.74,-44.96,62.9,-1.1058,9.98527,0.3456,0.0235669,24.88,24.88,0.0775334,-0.033,2.983,24.9375,24.9375,0.0851583
126,-25.5,-45.38,63.4,-1.089,9.98758,0.3282,0.0227202,28.48,28.48,0.0807029,-0.04625,3.3335,21.375,21.375,0.0784222
127,-25.24,-45.8,63.9,-1.0725,9.98777,0.3334,0.023561,24.88,24.88,0.0844582,-0.09375,3.4925,21.375,21.375,0.0839589
128,-24.96,-46.22,64.4,-1.0558,9.98763,0.3304,0.0229304,21.36,21.36,0.0776799,-0.0655,3.056,21.375,21.375,0.0775874
129,-24.68,-46.64,64.9,-1.0394,9.98515,0.3298,0.0230563,21.36,21.36,0.0832464,-0.107,3.46,24.9375,24.9375,0.0788604
130,-24.4,-47.06,65.45,-1.0229,9.98506,0.3258,0.0226358,21.36,21.36,0.0768543,-0.06475,3.056,24.9375,24.9375,0.0886178
131,-24.12,-47.46,65.9,-1.0069,9.98496,0.3184,0.0222152,24.88,24.88,0.078146,-0.059,3.1875,24.9375,24.9375,0.0796187
132,-23.82,-47.88,66.45,-0.9907,9.98531,0.3352,0.0237171,24.88,24.88,0.0879605,-0.12175,3.6965,24.9375,24.9375,0.087828
133,-23.52,-48.26,66.95,-0.9736,9.9852,0.3384,0.0232665,24.88,24.88,0.0788784,-0.0495,3.101,24.9375,24.9375,0.0818264
134,-23.2,-48.66,67.45,-0.9568,9.9853,0.341,0.023687,24.88,24.88,0.0871482,-0.108,3.6695,24.9375,24.9375,0.0784774
135,-22.9,-49.04,67.95,-0.9396,9.98528,0.3412,0.0235969,24.88,24.88,0.081089,-0.062,3.247,24.9375,24.9375,0.0914147
136,-22.56,-49.42,68.45,-0.9229,9.98756,0.3276,0.0226301,24.88,24.88,0.0777332,-0.04725,3.1195,21.375,21.375,0.0758549
137,-22.24,-49.8,68.95,-0.9064,9.98542,0.3414,0.0241676,24.88,24.88,0.0907837,-0.1375,3.85,24.9375,24.9375,0.0819673
138,-21.9,-50.18,69.45,-0.8891,9.98516,0.3366,0.0230863,21.36,21.36,0.0751497,-0.0445,2.8615,24.9375,24.9375,0.0837082
139,-21.56,-50.54,69.95,-0.8728,9.98503,0.324,0.0225156,24.88,24.88,0.0812355,-0.07525,3.387,24.9375,24.9375,0.0803953
140,-21.22,-50.9,70.45,-0.8564,9.98522,0.3312,0.0233566,24.88,24.88,0.0830067,-0.086,3.4115,24.9375,24.9375,0.0943903
141,-20.86,-51.26,70.95,-0.8398,9.98515,0.3316,0.0230262,24.88,24.88,0.0796508,-0.0595,3.1825,24.9375,24.9375,0.0825714
142,-20.5,-51.6,71.45,-0.8229,9.98305,0.352,0.0247144,24.88,24.88,0.09378,-0.15375,3.984,28.5,28.5,0.081033
143,-20.14,-51.94,71.95,-0.805,9.98293,0.3552,0.0242337,24.88,24.88,0.0818215,-0.05525,3.208,28.5,28.5,0.0859218
144,-19.76,-52.28,72.5,-0.7877,9.98515,0.3368,0.0230563,28.48,28.48,0.0802767,-0.03625,3.267,24.9375,24.9375,0.0780501
145,-19.38,-52.6,73,-0.771,9.9878,0.3362,0.0236811,28.48,28.48,0.0852306,-0.076,3.5455,21.375,21.375,0.0858251
146,-19,-52.92,73.5,-0.7542,9.98764,0.3306,0.0229904,24.88,24.88,0.0773071,-0.04275,3.03,21.375,21.375,0.0842255
147,-18.62,-53.24,74,-0.7377,9.98772,0.3324,0.0233208,21.36,21.36,0.0851107,-0.1185,3.5535,21.375,21.375,0.0806448
148,-18.22,-53.56,74.5,-0.7208,9.98532,0.341,0.0237771,21.36,21.36,0.0835127,-0.1005,3.3835,24.9375,24.9375,0.0881304
149,-17.82,-53.86,75,-0.7039,9.98517,0.3356,0.0231163,21.36,21.36,0.0799172,-0.07675,3.209,24.9375,24.9375,0.0801234
150,-17.42,-54.16,75.5,-0.6871,9.98534,0.3412,0.0238672,24.88,24.88,0.0874412,-0.1105,3.6685,24.9375,24.9375,0.0882432
151,-17.02,-54.44,76,-0.6699,9.98524,0.339,0.0234167,24.88,24.88,0.0793845,-0.051,3.1385,24.9375,24.9375,0.0867401
152,-16.6,-54.72,76.5,-0.653,9.98534,0.3418,0.0238672,24.88,24.88,0.0875477,-0.1095,3.6685,24.9375,24.9375,0.0763192
153,-16.18,-55,77,-0.6357,9.98297,0.3508,0.0243839,24.88,24.88,0.0860429,-0.09075,3.4955,28.5,28.5,0.085838
154,-15.76,-55.26,77.5,-0.6184,9.98509,0.3336,0.0227859,24.88,24.88,0.0755892,-0.02775,2.946,24.9375,24.9375,0.0764485
155,-15.34,-55.52,78,-0.602,9.98768,0.3292,0.0231706,28.48,28.48,0.085164,-0.081,3.594,21.375,21.375,0.077649
156,-14.9,-55.78,78.55,-0.5855,9.98757,0.3254,0.0226901,24.88,24.88,0.0757223,-0.0375,2.956,21.375,21.375,0.0899753
157,-14.46,-56.02,79.05,-0.5696,9.98741,0.3144,0.0219694,21.36,21.36,0.0769209,-0.07225,3.123,21.375,21.375,0.0781868
158,-14.02,-56.26,79.55,-0.5535,9.98532,0.3348,0.0237771,21.36,21.36,0.0893455,-0.1535,3.78,24.9375,24.9375,0.0825376
159,-13.58,-56.5,80.05,-0.5364,9.98517,0.338,0.0231464,21.36,21.36,0.0774669,-0.06,3.006,24.9375,24.9375,0.0813682
160,-13.14,-56.72,80.55,-0.5198,9.98509,0.3296,0.0227559,24.88,24.88,0.0818215,-0.07625,3.407,24.9375,24.9375,0.0783232
161,-12.68,-56.94,81.05,-0.5034,9.98515,0.3294,0.0230563,24.88,24.88,0.0806496,-0.06925,3.2895,24.9375,24.9375,0.0920886
162,-12.24,-57.16,81.55,-0.487,9.98504,0.3236,0.0225456,24.88,24.88,0.0776,-0.051,3.108,24.9375,24.9375,0.083075
163,-11.78,-57.36,82.05,-0.4705,9.98542,0.3424,0.0241976,24.88,24.88,0.0914496,-0.14325,3.8805,24.9375,24.9375,0.0858767
164,-11.32,-57.54,82.55,-0.453,9.98539,0.3508,0.0240775,24.88,24.88,0.0823408,-0.0635,3.249,24.9375,24.9375,0.0826608
165,-10.86,-57.74,83.05,-0.4357,9.98532,0.3456,0.0237771,24.88,24.88,0.0851507,-0.08675,3.525,24.9375,24.9375,0.0793934
166,-10.38,-57.92,83.55,-0.4185,9.98529,0.3406,0.023627,24.88,24.88,0.0819413,-0.06725,3.3195,24.9375,24.9375,0.09205
167,-9.92,-58.08,84.05,-0.4017,9.98512,0.3294,0.0229061,24.88,24.88,0.0786654,-0.052,3.1525,24.9375,24.9375,0.0808628
168,-9.44,-58.24,84.55,-0.385,9.98547,0.3444,0.0243778,24.88,24.88,0.0914229,-0.1395,3.8615,24.9375,24.9375,0.0807209
169,-8.96,-58.4,85.1,-0.3675,9.98534,0.347,0.0238372,24.88,24.88,0.0801169,-0.05,3.1245,24.9375,24.9375,0.0832807
170,-8.48,-58.54,85.6,-0.3506,9.98511,0.332,0.022846,24.88,24.88,0.0799971,-0.059,3.263,24.9375,24.9375,0.0774037
171,-8,-58.68,86.1,-0.3341,9.9852,0.3304,0.0232365,24.88,24.88,0.0825672,-0.08175,3.408,24.9375,24.9375,0.0898123
172,-7.52,-58.82,86.6,-0.3176,9.98755,0.3246,0.0226001,24.88,24.88,0.0766678,-0.04375,3.029,21.375,21.375,0.0839654
173,-7.04,-58.94,87.1,-0.3013,9.98533,0.3374,0.0238072,24.88,24.88,0.0891724,-0.12825,3.7715,24.9375,24.9375,0.0811989
174,-6.56,-59.04,87.6,-0.284,9.98538,0.3478,0.0240174,21.36,21.36,0.0832197,-0.09275,3.322,24.9375,24.9375,0.0885621
175,-6.06,-59.16,88.1,-0.2668,9.98517,0.338,0.0231464,24.88,24.88,0.0804765,-0.0585,3.255,24.9375,24.9375,0.0781999
176,-5.58,-59.26,88.6,-0.2499,9.98538,0.3428,0.0240174,24.88,24.88,0.0878806,-0.112,3.69,24.9375,24.9375,0.0842439
177,-5.08,-59.34,89.1,-0.2328,9.98519,0.3366,0.0232065,24.88,24.88,0.0774669,-0.03925,3.023,24.9375,24.9375,0.0869608
178,-4.58,-59.42,89.6,-0.2162,9.98517,0.331,0.0231163,24.88,24.88,0.0835393,-0.087,3.475,24.9375,24.9375,0.0783612
179,-4.1,-59.5,90.1,-0.1994,9.98539,0.3426,0.0240475,24.88,24.88,0.0862693,-0.1005,3.548,24.9375,24.9375,0.0855667
180,-3.6,-59.56,90.6,-0.1823,9.98515,0.3356,0.0230563,24.88,24.88,0.0776267,-0.04125,3.0465,24.9375,24.9375,0.0793906
181,-3.1,-59.62,91.1,-0.1657,9.98521,0.3334,0.0232966,24.88,24.88,0.084871,-0.096,3.557,24.9375,24.9375,0.0818712
182,-2.6,-59.66,91.65,-0.149,9.98766,0.3316,0.0230805,24.88,24.88,0.0786654,-0.0525,3.1295,21.375,21.375,0.0871515
183,-2.1,-59.7,92.15,-0.1325,9.98761,0.3278,0.0228403,24.88,24.88,0.0811556,-0.07275,3.3255,21.375,21.375,0.0770922
184,-1.6,-59.74,92.65,-0.1159,9.98533,0.3394,0.0238072,21.36,21.36,0.0864557,-0.125,3.589,24.9375,24.9375,0.0859602
185,-1.1,-59.76,93.15,-0.099,9.98511,0.3328,0.022846,21.36,21.36,0.0763616,-0.05525,2.983,24.9375,24.9375,0.0818903
186,-0.6,-59.76,93.65,-0.0825,9.98519,0.3318,0.0232065,24.88,24.88,0.0852572,-0.10075,3.5915,24.9375,24.9375,0.0763996
187,-0.1,-59.78,94.15,-0.0657,9.98524,0.3362,0.0234467,24.88,24.88,0.0811689,-0.06725,3.261,24.9375,24.9375,0.0915944
188,0.4,-59.78,94.65,-0.0492,9.98748,0.3232,0.0222998,24.88,24.88,0.0756691,-0.03725,3.002,21.375,21.375,0.0798599
189,0.9,-59.76,95.15,-0.0329,9.98537,0.3378,0.0239573,24.88,24.88,0.0909835,-0.143,3.8885,24.9375,24.9375,0.0825739
190,1.4,-59.74,95.65,-0.0156,9.98528,0.3428,0.0235969,21.36,21.36,0.0791181,-0.06675,3.0765,24.9375,24.9375,0.0818402
191,1.9,-59.72,96.15,0.0012,9.98513,0.3332,0.0229662,24.88,24.88,0.0818481,-0.0725,3.375,24.9375,24.9375,0.0785586
192,2.4,-59.68,96.65,0.0178,9.98517,0.3312,0.0231464,24.88,24.88,0.081129,-0.0705,3.3145,24.9375,24.9375,0.0921646
193,2.9,-59.64,97.15,0.0342,9.98506,0.3248,0.0226358,24.88,24.88,0.0778131,-0.05125,3.112,24.9375,24.9375,0.0815998
194,3.38,-59.58,97.65,0.0507,9.98543,0.343,0.0242277,24.88,24.88,0.0915295,-0.143,3.8785,24.9375,24.9375,0.0796617
195,3.88,-59.52,98.15,0.0682,9.98535,0.3484,0.0238973,24.88,24.88,0.080876,-0.05475,3.1705,24.9375,24.9375,0.0840186
196,4.38,-59.46,98.7,0.0853,9.98509,0.3316,0.0227559,24.88,24.88,0.0789184,-0.05175,3.203,24.9375,24.9375,0.0789692
197,4.88,-59.38,99.2,0.1017,9.9852,0.33,0.0232365,24.88,24.88,0.0832996,-0.08725,3.4615,24.9375,24.9375,0.0901861
198,5.36,-59.28,99.7,0.1182,9.98762,0.3282,0.0229004,24.88,24.88,0.0782392,-0.052,3.105,21.375,21.375,0.0832041
199,5.86,-59.2,100.2,0.1348,9.98537,0.3414,0.0239874,24.88,24.88,0.0895319,-0.1275,3.7715,24.9375,24.9375,0.0815854
200,6.34,-59.1,100.7,0.1522,9.98537,0.348,0.0239573,21.36,21.36,0.082474,-0.08625,3.2825,24.9375,24.9375,0.0867835
201,6.84,-58.98,101.2,0.1693,9.98518,0.3374,0.0231764,24.88,24.88,0.0808493,-0.0615,3.2835,24.9375,24.9375,0.0789476
202,7.32,-58.86,101.7,0.1862,9.98533,0.3398,0.0238072,24.88,24.88,0.0860696,-0.10025,3.585,24.9375,24.9375,0.0856279
203,7.8,-58.74,102.2,0.2031,9.98518,0.3346,0.0231764,24.88,24.88,0.0782126,-0.046,3.081,24.9375,24.9375,0.0854944
204,8.28,-58.6,102.7,0.2197,9.98523,0.3342,0.0233867,24.88,24.88,0.0849243,-0.0955,3.5385,24.9375,24.9375,0.0775683
205,8.76,-58.46,103.2,0.2367,9.98537,0.3432,0.0239573,24.88,24.88,0.0847911,-0.0885,3.455,24.9375,24.9375,0.087265
206,9.24,-58.3,103.7,0.2537,9.9851,0.3322,0.022816,24.88,24.88,0.076841,-0.038,3.0255,24.9375,24.9375,0.0771971
207,9.72,-58.14,104.25,0.2702,9.98525,0.334,0.0234768,24.88,24.88,0.0865756,-0.10925,3.6555,24.9375,24.9375,0.0784919
208,10.18,-57.98,104.7,0.287,9.98762,0.3304,0.0229004,24.88,24.88,0.0764681,-0.0385,2.987,21.375,21.375,0.0896768
209,10.66,-57.8,105.25,0.3031,9.98745,0.3182,0.0221496,24.88,24.88,0.0777731,-0.05525,3.17,21.375,21.375,0.0798679
210,11.12,-57.62,105.75,0.3193,9.98534,0.336,0.0238672,21.36,21.36,0.0890392,-0.149,3.7575,24.9375,24.9375,0.0844843
211,11.58,-57.44,106.25,0.3364,9.98524,0.3406,0.0234167,21.36,21.36,0.0791448,-0.069,3.095,24.9375,24.9375,0.0826435
212,12.04,-57.24,106.75,0.3533,9.98519,0.3362,0.0232065,24.88,24.88,0.0837657,-0.0855,3.4885,24.9375,24.9375,0.079348
213,12.5,-57.02,107.25,0.3701,9.98524,0.3364,0.0234467,24.88,24.88,0.081928,-0.07225,3.3335,24.9375,24.9375,0.0898513
214,12.94,-56.82,107.75,0.3868,9.9851,0.329,0.022816,24.88,24.88,0.0786121,-0.053,3.1515,24.9375,24.9375,0.0790809
215,13.4,-56.6,108.25,0.4034,9.98538,0.3406,0.0240174,24.88,24.88,0.0891724,-0.125,3.7565,24.9375,24.9375,0.0845499
216,13.84,-56.36,108.75,0.4206,9.98523,0.3398,0.0233867,24.88,24.88,0.0783458,-0.04375,3.0605,24.9375,24.9375,0.0820369
217,14.28,-56.14,109.25,0.4373,9.98519,0.3342,0.0232065,24.88,24.88,0.083819,-0.08675,3.489,24.9375,24.9375,0.0796332
218,14.72,-55.88,109.75,0.4541,9.98522,0.3348,0.0233566,24.88,24.88,0.0813154,-0.069,3.2905,24.9375,24.9375,0.0905764
219,15.16,-55.64,110.25,0.4707,9.9876,0.3284,0.0228103,24.88,24.88,0.0789051,-0.05575,3.1715,21.375,21.375,0.0818037
220,15.58,-55.38,110.75,0.4873,9.98541,0.3424,0.0241376,24.88,24.88,0.0899314,-0.13,3.792,24.9375,24.9375,0.082627
221,16,-55.12,111.25,0.5047,9.98533,0.3462,0.0238072,21.36,21.36,0.0810624,-0.077,3.196,24.9375,24.9375,0.084727
222,16.42,-54.84,111.75,0.5218,9.98518,0.3366,0.0231764,24.88,24.88,0.0818881,-0.06975,3.3575,24.9375,24.9375,0.0778583
223,16.84,-54.56,112.3,0.5385,9.98528,0.3374,0.0235969,24.88,24.88,0.0840188,-0.0865,3.463,24.9375,24.9375,0.0905246
224,17.24,-54.28,112.75,0.5553,9.9851,0.3292,0.022816,24.88,24.88,0.0771206,-0.0425,3.0435,24.9375,24.9375,0.0820836
225,17.66,-53.98,113.3,0.5718,9.98537,0.34,0.0239874,24.88,24.88,0.0898915,-0.131,3.807,24.9375,24.9375,0.0803921
226,18.06,-53.68,113.8,0.5892,9.98534,0.3458,0.0238672,24.88,24.88,0.0813554,-0.0605,3.212,24.9375,24.9375,0.0892581
227,18.44,-53.38,114.3,0.6061,9.98512,0.333,0.0229061,24.88,24.88,0.0796508,-0.056,3.2265,24.9375,24.9375,0.0770333
228,18.84,-53.06,114.8,0.6228,9.98539,0.3414,0.0240475,24.88,24.88,0.0885864,-0.1195,3.729,24.9375,24.9375,0.0838244
229,19.22,-52.74,115.3,0.64,9.98516,0.3354,0.0230863,24.88,24.88,0.0763083,-0.03275,2.9475,24.9375,24.9375,0.0860702
230,19.6,-52.42,115.8,0.6564,9.98763,0.3284,0.0229304,24.88,24.88,0.0831132,-0.086,3.47,21.375,21.375,0.0800966
231,19.98,-52.08,116.3,0.6731,9.98534,0.3396,0.0238672,24.88,24.88,0.0853904,-0.09675,3.5095,24.9375,24.9375,0.0860049
232,20.34,-51.74,116.8,0.6901,9.98519,0.3368,0.0232065,21.36,21.36,0.0793579,-0.072,3.147,24.9375,24.9375,0.0780976
233,20.7,-51.4,117.3,0.7069,9.98526,0.3374,0.0235068,24.88,24.88,0.0852972,-0.0965,3.561,24.9375,24.9375,0.0809972
234,21.06,-51.04,117.8,0.7237,9.98513,0.3312,0.0229361,24.88,24.88,0.0773603,-0.0435,3.06,24.9375,24.9375,0.0859396
235,21.42,-50.7,118.3,0.74,9.98755,0.3238,0.0226001,24.88,24.88,0.0802767,-0.069,3.297,21.375,21.375,0.0809176
236,21.76,-50.34,118.8,0.7564,9.98527,0.3346,0.0235669,24.88,24.88,0.0852572,-0.10025,3.5315,24.9375,24.9375,0.0880605
237,22.1,-49.96,119.35,0.7733,9.9852,0.3368,0.0232665,21.36,21.36,0.0801835,-0.079,3.1955,24.9375,24.9375,0.0814053
238,22.42,-49.58,119.85,0.7902,9.98534,0.3428,0.0238372,24.88,24.88,0.0873613,-0.10875,3.6585,24.9375,24.9375,0.0757572
239,22.76,-49.2,120.35,0.8074,9.98527,0.3416,0.0235669,24.88,24.88,0.0806629,-0.05825,3.218,24.9375,24.9375,0.0903998
240,23.08,-48.82,120.85,0.8241,9.98746,0.3222,0.0221796,24.88,24.88,0.0750299,-0.03275,2.9815,21.375,21.375,0.0794236
241,23.38,-48.44,121.35,0.8402,9.98532,0.3338,0.0237771,24.88,24.88,0.0897716,-0.136,3.8295,24.9375,24.9375,0.0830652
242,23.7,-48.04,121.85,0.8572,9.98524,0.3392,0.0234467,21.36,21.36,0.078692,-0.06675,3.0575,24.9375,24.9375,0.0841818
243,24,-47.64,122.35,0.874,9.98514,0.3328,0.0229962,24.88,24.88,0.0823541,-0.07725,3.4045,24.9375,24.9375,0.0806498
244,24.28,-47.24,122.85,0.8907,9.98527,0.3364,0.0235368,24.88,24.88,0.0834861,-0.0845,3.435,24.9375,24.9375,0.0916281
245,24.58,-46.82,123.35,0.9075,9.98517,0.3336,0.0231464,24.88,24.88,0.0799172,-0.059,3.2015,24.9375,24.9375,0.080901
246,24.86,-46.4,123.9,0.9244,9.98547,0.3474,0.0243778,24.88,24.88,0.0909702,-0.1335,3.836,24.9375,24.9375,0.082329
247,25.12,-45.98,124.4,0.9419,9.98533,0.3472,0.0238072,24.88,24.88,0.0801569,-0.05,3.1445,24.9375,24.9375,0.0832499
248,25.38,-45.56,124.85,0.9589,9.98516,0.3344,0.0230863,24.88,24.88,0.0816084,-0.0685,3.3495,24.9375,24.9375,0.0755995
249,25.64,-45.14,125.35,0.9756,9.98523,0.3334,0.0233867,24.88,24.88,0.0825406,-0.07875,3.383,24.9375,24.9375,0.0876382
250,25.9,-44.7,125.9,0.9921,9.9875,0.3222,0.0223598,24.88,24.88,0.0748834,-0.033,2.932,21.375,21.375,0.0851207
251,26.14,-44.26,126.4,1.0082,9.98522,0.3296,0.0233266,24.88,24.88,0.0869618,-0.117,3.6825,24.9375,24.9375,0.0824459
252,26.38,-43.82,126.9,1.0251,9.98538,0.3446,0.0240174,21.36,21.36,0.0844183,-0.105,3.403,24.9375,24.9375,0.086458
253,26.6,-43.38,127.4,1.0423,9.98524,0.3416,0.0234167,24.88,24.88,0.0817016,-0.0655,3.3005,24.9375,24.9375,0.0780023
254,26.82,-42.94,127.9,1.0593,9.98532,0.3422,0.0237771,24.88,24.88,0.0857499,-0.09575,3.5685,24.9375,24.9375,0.0864603
255,27.04,-42.48,128.4,1.0763,9.98514,0.333,0.0229962,24.88,24.88,0.0772804,-0.04075,3.0455,24.9375,24.9375,0.0853465
256,27.24,-42.02,128.9,1.0929,9.98524,0.3336,0.0234167,24.88,24.88,0.0857766,-0.1025,3.5925,24.9375,24.9375,0.0776959
257,27.44,-41.56,129.4,1.1098,9.98538,0.3438,0.0240174,24.88,24.88,0.0846313,-0.087,3.4325,24.9375,24.9375,0.0885718
258,27.64,-41.1,129.9,1.1269,9.9851,0.3326,0.022816,24.88,24.88,0.0769741,-0.03875,3.035,24.9375,24.9375,0.0801684
259,27.82,-40.64,130.4,1.1434,9.9853,0.3366,0.023687,24.88,24.88,0.087894,-0.1175,3.7255,24.9375,24.9375,0.0817569
260,27.98,-40.16,130.9,1.1604,9.98524,0.3382,0.0234467,24.88,24.88,0.0794378,-0.05275,3.13,24.9375,24.9375,0.0872053
261,28.16,-39.7,131.4,1.1771,9.98762,0.3306,0.0229004,24.88,24.88,0.0810491,-0.06875,3.3165,21.375,21.375,0.0792054
262,28.32,-39.22,131.95,1.1938,9.98534,0.3394,0.0238372,24.88,24.88,0.086509,-0.10525,3.6005,24.9375,24.9375,0.0849351
263,28.46,-38.74,132.45,1.2108,9.98518,0.3364,0.0231764,21.36,21.36,0.0784789,-0.0665,3.092,24.9375,24.9375,0.0792781
264,28.6,-38.26,132.95,1.2275,9.9852,0.334,0.0232665,24.88,24.88,0.0842318,-0.0905,3.5085,24.9375,24.9375,0.0774294
265,28.74,-37.78,133.45,1.2442,9.98764,0.3308,0.0229904,24.88,24.88,0.0785588,-0.0525,3.1365,21.375,21.375,0.0893988
266,28.88,-37.3,133.95,1.2604,9.98746,0.3194,0.0222097,24.88,24.88,0.0766945,-0.0475,3.088,21.375,21.375,0.0815636
267,29,-36.82,134.45,1.2766,9.98531,0.3346,0.0237171,21.36,21.36,0.0887729,-0.14775,3.7535,24.9375,24.9375,0.0863531
268,29.1,-36.32,134.95,1.2937,9.98529,0.3426,0.023627,21.36,21.36,0.0808227,-0.0795,3.1885,24.9375,24.9375,0.0826513
269,29.2,-35.84,135.45,1.3108,9.98529,0.3426,0.023657,24.88,24.88,0.0856434,-0.0945,3.564,24.9375,24.9375,0.0777434
270,29.3,-35.34,135.95,1.3279,9.98528,0.341,0.0235969,24.88,24.88,0.0819147,-0.06775,3.314,24.9375,24.9375,0.0912992
271,29.38,-34.86,136.45,1.3447,9.98506,0.327,0.0226358,24.88,24.88,0.0770274,-0.04275,3.0705,24.9375,24.9375,0.0784789
272,29.46,-34.36,136.95,1.3611,9.9854,0.34,0.0241075,24.88,24.88,0.0906772,-0.13775,3.848,24.9375,24.9375,0.0814732
273,29.52,-33.86,137.45,1.3783,9.98524,0.3404,0.0234167,24.88,24.88,0.0777332,-0.03925,3.0035,24.9375,24.9375,0.0823
274,29.58,-33.36,138,1.395,9.98507,0.3282,0.0226958,24.88,24.88,0.0807561,-0.068,3.328,24.9375,24.9375,0.0774682
275,29.64,-32.88,138.45,1.4114,9.98517,0.329,0.0231163,24.88,24.88,0.0815951,-0.07625,3.3455,24.9375,24.9375,0.0911935
276,29.68,-32.38,138.95,1.4278,9.98753,0.3234,0.02251,24.88,24.88,0.0767477,-0.0455,3.0465,21.375,21.375,0.0811837
277,29.72,-31.88,139.5,1.4442,9.98537,0.3396,0.0239874,24.88,24.88,0.0905707,-0.13825,3.8455,24.9375,24.9375,0.0798166
278,29.76,-31.38,140,1.4615,9.98531,0.3454,0.0237171,21.36,21.36,0.0804498,-0.07425,3.1615,24.9375,24.9375,0.0903376
279,29.76,-30.88,140.5,1.4784,9.98507,0.3308,0.0226958,24.88,24.88,0.0790915,-0.05425,3.215,24.9375,24.9375,0.0741018
280,29.78,-30.38,141,1.495,9.98541,0.3418,0.0241376,24.88,24.88,0.0896917,-0.12825,3.7925,24.9375,24.9375,0.101214
281,29.78,-29.88,141.5,1.5121,9.98509,0.332,0.0227559,24.88,24.88,0.0734185,-0.0165,2.7755,24.9375,24.9375,0.0916944
282,29.78,-29.38,142,1.5289,9.98315,0.3546,0.0251049,24.88,24.88,0.100718,-0.20975,4.3845,28.5,28.5,0.0808647
283,29.76,-28.88,142.5,1.5475,9.98089,0.3796,0.0260728,24.88,24.88,0.0909835,-0.10425,3.61,32.0625,32.0625,0.0831712
284,29.74,-28.38,143,1.5661,9.98285,0.3572,0.0239033,28.48,28.48,0.0801169,-0.017,3.1465,28.5,28.5,0.0764948
285,29.7,-27.88,143.5,1.5833,9.98521,0.3356,0.0232966,32,32,0.0824607,-0.03225,3.4255,24.9375,24.9375,0.0803654
286,29.66,-27.38,144,1.5997,9.98756,0.3216,0.0226301,28.48,28.48,0.0757889,-0.01775,2.9805,21.375,21.375,0.0850729
287,29.6,-26.88,144.5,1.6156,9.99002,0.3172,0.0224443,24.88,24.88,0.0796375,-0.06975,3.251,17.8125,17.8125,0.0745283
288,29.56,-26.38,145.05,1.6318,9.98773,0.331,0.0233808,21.36,21.36,0.0843783,-0.11675,3.4775,21.375,21.375,0.0861322
289,29.48,-25.9,145.5,1.6483,9.98747,0.324,0.0222397,17.76,17.76,0.073818,-0.06625,2.8655,21.375,21.375,0.0767357
290,29.42,-25.4,146.05,1.6644,9.98512,0.3266,0.0229061,21.36,21.36,0.0854703,-0.12775,3.638,24.9375,24.9375,0.0784366
291,29.34,-24.9,146.55,1.6809,9.98506,0.3264,0.0226358,21.36,21.36,0.076002,-0.05975,2.9895,24.9375,24.9375,0.0924926
292,29.24,-24.4,147.05,1.6969,9.98742,0.317,0.0220295,24.88,24.88,0.0777199,-0.057,3.1785,21.375,21.375,0.0791187
293,29.14,-23.92,147.55,1.7132,9.98542,0.341,0.0241976,24.88,24.88,0.0919023,-0.14925,3.907,24.9375,24.9375,0.0819269
294,29.04,-23.44,148.05,1.7306,9.98527,0.3444,0.0235368,21.36,21.36,0.078399,-0.06075,3.031,24.9375,24.9375,0.0809091
295,28.92,-22.94,148.55,1.7474,9.98509,0.3312,0.0227859,24.88,24.88,0.0812089,-0.069,3.3625,24.9375,24.9375,0.0771737
296,28.8,-22.46,149.05,1.7639,9.98513,0.3276,0.0229662,24.88,24.88,0.0801968,-0.0665,3.2715,24.9375,24.9375,0.0913727
297,28.68,-21.98,149.55,1.7801,9.985,0.3202,0.0223654,24.88,24.88,0.0764281,-0.0455,3.0435,24.9375,24.9375,0.0815657
298,28.54,-21.5,150.05,1.7963,9.98537,0.3386,0.0239874,24.88,24.88,0.0907571,-0.141,3.852,24.9375,24.9375,0.0831605
299,28.4,-21.02,150.55,1.8137,9.98533,0.3462,0.0238072,24.88,24.88,0.0808227,-0.057,3.1745,24.9375,24.9375,0.0871085
300,28.24,-20.54,151.05,1.8307,9.98519,0.3376,0.0232065,24.88,24.88,0.0824207,-0.07325,3.3935,24.9375,24.9375,0.0796678
301,28.08,-20.06,151.6,1.8477,9.98537,0.3426,0.0239874,24.88,24.88,0.0864158,-0.101,3.5895,24.9375,24.9375,0.0919238
302,27.9,-19.6,152.1,1.8648,9.98521,0.3374,0.0232966,24.88,24.88,0.0789317,-0.0485,3.1155,24.9375,24.9375,0.0826154
303,27.72,-19.14,152.55,1.8817,9.98547,0.3472,0.0243778,24.88,24.88,0.0912631,-0.13525,3.8635,24.9375,24.9375,0.0788629
304,27.54,-18.66,153.1,1.8993,9.9854,0.35,0.0241075,24.88,24.88,0.0818881,-0.05975,3.229,24.9375,24.9375,0.0856628
305,27.34,-18.2,153.6,1.9164,9.98509,0.3318,0.0227859,24.88,24.88,0.0781194,-0.04525,3.135,24.9375,24.9375,0.0790275
306,27.14,-17.76,154.1,1.9328,9.98524,0.3318,0.0234167,24.88,24.88,0.0849776,-0.098,3.552,24.9375,24.9375,0.0867412
307,26.94,-17.3,154.6,1.9495,9.98515,0.331,0.0230563,24.88,24.88,0.0782925,-0.05025,3.0875,24.9375,24.9375,0.0856253
308,26.72,-16.84,155.1,1.9661,9.98526,0.336,0.0235068,24.88,24.88,0.0860562,-0.10375,3.5925,24.9375,24.9375,0.0802067
309,26.48,-16.4,155.6,1.9832,9.98539,0.346,0.0240475,24.88,24.88,0.0849243,-0.08775,3.4555,24.9375,24.9375,0.0881588
310,26.26,-15.96,156.1,2.0004,9.98518,0.3378,0.0231764,24.88,24.88,0.0794644,-0.05175,3.1745,24.9375,24.9375,0.0772526
311,26.02,-15.52,156.6,2.0172,9.98534,0.3408,0.0238672,24.88,24.88,0.0874811,-0.11025,3.6755,24.9375,24.9375,0.0797973
312,25.76,-15.08,157.1,2.0342,9.98765,0.3336,0.0230205,24.88,24.88,0.0765214,-0.0355,2.9805,21.375,21.375,0.0867314
313,25.52,-14.66,157.6,2.0505,9.9875,0.321,0.0223898,24.88,24.88,0.0790782,-0.06175,3.2425,21.375,21.375,0.0786036
314,25.26,-14.22,158.1,2.0668,9.98528,0.333,0.0235969,21.36,21.36,0.0860562,-0.12725,3.5875,24.9375,24.9375,0.0868618
315,24.98,-13.8,158.65,2.0836,9.98515,0.3334,0.0230262,21.36,21.36,0.0778664,-0.0655,3.0565,24.9375,24.9375,0.0803736
316,24.72,-13.38,159.15,2.1002,9.98524,0.3364,0.0234467,24.88,24.88,0.0861628,-0.1045,3.6225,24.9375,24.9375,0.0816405
317,24.42,-12.98,159.65,2.1171,9.98521,0.3364,0.0232966,24.88,24.88,0.0796508,-0.056,3.179,24.9375,24.9375,0.0877769
318,24.14,-12.56,160.15,2.1337,9.98512,0.33,0.0229061,24.88,24.88,0.0809159,-0.06875,3.3085,24.9375,24.9375,0.0789859
319,23.84,-12.16,160.65,2.1504,9.98536,0.3404,0.0239273,24.88,24.88,0.0870949,-0.10925,3.6285,24.9375,24.9375,0.0831838
320,23.54,-11.76,161.15,2.1675,9.98519,0.337,0.0232065,24.88,24.88,0.0782659,-0.045,3.077,24.9375,24.9375,0.0824473
321,23.24,-11.38,161.65,2.1841,9.98514,0.3306,0.0229962,24.88,24.88,0.0824607,-0.07975,3.419,24.9375,24.9375,0.079039
322,22.92,-10.98,162.15,2.2007,9.98521,0.3328,0.0232966,24.88,24.88,0.0817149,-0.07375,3.3235,24.9375,24.9375,0.0932398
323,22.6,-10.6,162.65,2.2173,9.98758,0.3276,0.0227202,24.88,24.88,0.0783191,-0.05275,3.1355,21.375,21.375,0.0796301
324,22.26,-10.22,163.15,2.2339,9.98548,0.3464,0.0244379,24.88,24.88,0.0926348,-0.14925,3.9365,24.9375,24.9375,0.0825549
325,21.92,-9.86,163.65,2.2515,9.98531,0.3472,0.0237171,21.36,21.36,0.0789051,-0.06125,3.0575,24.9375,24.9375,0.0808942
326,21.58,-9.48,164.2,2.2684,9.98513,0.3334,0.0229662,24.88,24.88,0.0818481,-0.07125,3.383,24.9375,24.9375,0.0782014
327,21.24,-9.12,164.7,2.285,9.98515,0.329,0.0230563,24.88,24.88,0.0801702,-0.06475,3.258,24.9375,24.9375,0.093648
328,20.88,-8.78,165.2,2.3013,9.98753,0.3222,0.02251,24.88,24.88,0.0774669,-0.05075,3.0985,21.375,21.375,0.0801122
329,20.52,-8.42,165.7,2.3178,9.98547,0.3446,0.0244079,24.88,24.88,0.0930476,-0.1545,3.953,24.9375,24.9375,0.0804669
330,20.16,-8.08,166.2,2.3353,9.98532,0.3484,0.0237771,21.36,21.36,0.0793712,-0.064,3.0765,24.9375,24.9375,0.0878449
331,19.8,-7.76,166.65,2.3523,9.98507,0.331,0.0226958,24.88,24.88,0.0797307,-0.05775,3.2665,24.9375,24.9375,0.0776903
332,19.42,-7.42,167.2,2.3689,9.98534,0.3378,0.0238372,24.88,24.88,0.0871615,-0.11125,3.6575,24.9375,24.9375,0.0867425
333,19.04,-7.1,167.7,2.3858,9.98515,0.3336,0.0230563,24.88,24.88,0.0769741,-0.0385,2.991,24.9375,24.9375,0.0874966
334,18.64,-6.78,168.2,2.4024,9.98523,0.3344,0.0233867,24.88,24.88,0.0860696,-0.1045,3.618,24.9375,24.9375,0.0802173
335,18.26,-6.48,168.7,2.4195,9.98545,0.3482,0.0243178,24.88,24.88,0.0867887,-0.1,3.55,24.9375,24.9375,0.0849391
336,17.86,-6.18,169.2,2.4368,9.98522,0.3414,0.0233566,24.88,24.88,0.079491,-0.049,3.147,24.9375,24.9375,0.0769145
337,17.46,-5.88,169.7,2.4537,9.98524,0.336,0.0234167,24.88,24.88,0.0842185,-0.08825,3.5065,24.9375,24.9375,0.082955
338,17.04,-5.58,170.2,2.4703,9.98758,0.3268,0.0227202,24.88,24.88,0.0762018,-0.0385,3.0015,21.375,21.375,0.0870503
339,16.64,-5.3,170.7,2.4865,9.9876,0.3244,0.0228103,24.88,24.88,0.0822609,-0.08375,3.4095,21.375,21.375,0.0800539
340,16.22,-5.02,171.2,2.5031,9.98535,0.3398,0.0238973,21.36,21.36,0.0863492,-0.124,3.56,24.9375,24.9375,0.0884715
341,15.8,-4.76,171.7,2.5202,9.9852,0.3386,0.0232365,21.36,21.36,0.0793312,-0.07125,3.1425,24.9375,24.9375,0.0795417
342,15.36,-4.5,172.25,2.5371,9.98284,0.3424,0.0238432,24.88,24.88,0.0877874,-0.112,3.699,28.5,28.5,0.0766438
343,14.94,-4.24,172.75,2.5542,9.98522,0.3386,0.0233566,24.88,24.88,0.0787985,-0.0475,3.112,24.9375,24.9375,0.0902468
344,14.5,-4,173.25,2.5707,9.98745,0.3202,0.0221496,28.48,28.48,0.0759354,-0.02025,3.047,21.375,21.375,0.0770275
345,14.06,-3.76,173.75,2.5868,9.98534,0.3342,0.0238372,24.88,24.88,0.0896118,-0.1345,3.807,24.9375,24.9375,0.0818017
346,13.62,-3.52,174.25,2.6038,9.98516,0.3352,0.0230863,21.36,21.36,0.0763083,-0.05375,2.93,24.9375,24.9375,0.0822986
347,13.18,-3.3,174.75,2.6202,9.98504,0.3258,0.0225757,24.88,24.88,0.0810757,-0.0735,3.366,24.9375,24.9375,0.0790477
348,12.72,-3.08,175.25,2.6366,9.98517,0.3292,0.0231163,24.88,24.88,0.0815951,-0.077,3.345,24.9375,24.9375,0.0922385
349,12.28,-2.86,175.75,2.6531,9.98757,0.3266,0.0226901,24.88,24.88,0.0783191,-0.05425,3.134,21.375,21.375,0.0827214
350,11.82,-2.66,176.25,2.6696,9.98544,0.3448,0.0242577,24.88,24.88,0.0916094,-0.1425,3.8855,24.9375,24.9375,0.0844058
351,11.36,-2.46,176.75,2.6872,9.98539,0.3508,0.0240475,21.36,21.36,0.0819946,-0.08025,3.2345,24.9375,24.9375,0.086828
352,10.88,-2.28,177.3,2.7045,9.98527,0.3424,0.0235368,24.88,24.88,0.0836725,-0.078,3.4485,24.9375,24.9375,0.0781039
353,10.42,-2.1,177.75,2.7217,9.9854,0.345,0.0241075,24.88,24.88,0.0861228,-0.09575,3.557,24.9375,24.9375,0.0892975
354,9.96,-1.94,178.25,2.7388,9.98516,0.3346,0.0230863,24.88,24.88,0.0773736,-0.03925,3.032,24.9375,24.9375,0.0811926
355,9.48,-1.76,178.8,2.7554,9.98534,0.339,0.0238672,24.88,24.88,0.0886397,-0.12075,3.745,24.9375,24.9375,0.0828407
356,9,-1.62,179.3,2.7726,9.9853,0.3416,0.023687,24.88,24.88,0.0804498,-0.05675,3.1745,24.9375,24.9375,0.0841284
357,8.52,-1.46,179.8,2.7895,9.98518,0.3348,0.0231764,24.88,24.88,0.0821144,-0.07275,3.3605,24.9375,24.9375,0.0795353
358,8.04,-1.32,180.3,2.8062,9.98527,0.3366,0.0235368,24.88,24.88,0.0834195,-0.08325,3.4255,24.9375,24.9375,0.0907016
359,7.56,-1.2,180.8,2.823,9.98514,0.3314,0.0229962,24.88,24.88,0.0787985,-0.05275,3.143,24.9375,24.9375,0.0831929
360,7.08,-1.08,181.3,2.8397,9.98541,0.3434,0.0241376,24.88,24.88,0.090038,-0.1295,3.798,24.9375,24.9375,0.0766805
361,6.6,-0.96,181.8,2.8572,9.98539,0.349,0.0240475,24.88,24.88,0.0824474,-0.06525,3.271,24.9375,24.9375,0.0887036
362,6.1,-0.86,182.3,2.8742,9.98752,0.3288,0.0224799,24.88,24.88,0.0759621,-0.0335,3.0165,21.375,21.375,0.0762226
363,5.62,-0.76,182.8,2.8905,9.98529,0.3334,0.023627,24.88,24.88,0.0880404,-0.1215,3.742,24.9375,24.9375,0.0795229
364,5.12,-0.66,183.3,2.9073,9.98512,0.3308,0.0229061,21.36,21.36,0.0755093,-0.0515,2.905,24.9375,24.9375,0.0901379
365,4.62,-0.58,183.8,2.9235,9.98746,0.319,0.0221796,24.88,24.88,0.0788119,-0.062,3.239,21.375,21.375,0.0815702
366,4.14,-0.52,184.3,2.9398,9.98538,0.3386,0.0240174,24.88,24.88,0.089492,-0.1315,3.7725,24.9375,24.9375,0.082871
367,3.64,-0.44,184.8,2.957,9.9853,0.345,0.023687,21.36,21.36,0.0808493,-0.077,3.178,24.9375,24.9375,0.0817357
368,3.14,-0.4,185.35,2.9741,9.98517,0.3366,0.0231464,24.88,24.88,0.0821278,-0.07225,3.3825,24.9375,24.9375,0.0793968
369,2.64,-0.34,185.85,2.9908,9.98518,0.3324,0.0231764,24.88,24.88,0.0810225,-0.06825,3.305,24.9375,24.9375,0.0828845
370,2.14,-0.3,186.35,3.0073,9.98509,0.3262,0.0227559,24.88,24.88,0.0786654,-0.05575,3.161,24.9375,24.9375,0.0822261
371,1.64,-0.26,186.85,3.0235,9.98514,0.3278,0.0229962,24.88,24.88,0.082181,-0.0815,3.3845,24.9375,24.9375,0.102191
372,1.14,-0.24,187.35,3.0401,9.98519,0.3324,0.0232065,24.88,24.88,0.0815152,-0.07325,3.306,24.9375,24.9375,0.0636075
373,0.64,-0.24,187.85,3.0574,9.98336,0.3688,0.0259461,24.88,24.88,0.101677,-0.20625,4.3235,28.5,28.5,0.0221537
374,0.14,-0.22,188.35,3.0757,9.98496,0.3386,0.0222152,24.88,24.88,0.0632045,0.045,2.133,24.9375,24.9375,0.0306004
0,-0.36,-0.22,0.35,3.0897,9.99082,0.2052,0.0128321,28.48,28.48,0.0225348,0.1175,0.242,14.25,14.25,0.117869
1,-0.86,-0.22,0.85,3.097,9.99543,0.1086,0.00931439,24.88,24.88,0.0304583,0.062,1.152,7.125,7.125,0.111085
2,-1.36,-0.2,1.35,3.1045,9.9821,0.2332,0.0205081,14.24,14.24,0.117963,-0.4805,4.561,28.5,28.5,0.120926
3,-1.86,-0.22,1.85,3.1202,9.9659,0.3822,0.026112,7.12,7.12,0.110732,-0.3725,4.156,53.4375,53.4375,0.108646
4,-2.36,-0.26,2.4,3.1415,9.95659,0.4588,0.0286684,28.48,28.48,0.12044,-0.28275,5.144,67.6875,67.6875,0.112505
5,-2.84,-0.3,2.85,-3.1183,9.96179,0.4642,0.0293463,53.36,53.36,0.107896,-0.008,4.577,60.5625,60.5625,0.088482
6,-3.34,-0.36,3.35,-3.0954,9.96947,0.4548,0.0299559,67.68,67.68,0.111838,0.0365,4.7225,49.875,49.875,0.0832627
7,-3.84,-0.44,3.9,-3.0735,9.98117,0.4132,0.0271244,60.56,60.56,0.0877475,0.1655,3.3375,32.0625,32.0625,0.086598
8,-4.34,-0.5,4.4,-3.0542,9.99043,0.359,0.0242155,49.84,49.84,0.0825273,0.0975,3.2895,17.8125,17.8125,0.079867
9,-4.82,-0.58,4.85,-3.0369,9.99543,0.3416,0.0242034,32,32,0.0858831,-0.05075,3.542,10.6875,10.6875,0.0876356
10,-5.32,-0.68,5.4,-3.0199,9.99526,0.3344,0.0234833,17.76,17.76,0.0791448,-0.0895,3.088,10.6875,10.6875,0.086424
11,-5.82,-0.76,5.9,-3.0032,9.99034,0.3394,0.0238253,10.64,10.64,0.0869351,-0.18625,3.6135,17.8125,17.8125,0.082322
12,-6.3,-0.88,6.4,-2.9859,9.98545,0.35,0.0242877,10.64,10.64,0.08571,-0.16925,3.4795,24.9375,24.9375,0.0846792
13,-6.78,-0.98,6.9,-2.9685,9.98527,0.3442,0.0235669,17.76,17.76,0.0815818,-0.101,3.2775,24.9375,24.9375,0.0776795
14,-7.28,-1.1,7.4,-2.9514,9.98527,0.3392,0.0235368,24.88,24.88,0.0839522,-0.08325,3.469,24.9375,24.9375,0.083833
15,-7.76,-1.24,7.9,-2.9347,9.98509,0.3284,0.0227859,24.88,24.88,0.0769342,-0.0415,3.0455,24.9375,24.9375,0.0838996
16,-8.24,-1.38,8.4,-2.9184,9.98515,0.327,0.0230262,24.88,24.88,0.0831398,-0.08775,3.4495,24.9375,24.9375,0.0741344
17,-8.72,-1.52,8.9,-2.9018,9.98527,0.336,0.0235669,24.88,24.88,0.0831931,-0.083,3.3805,24.9375,24.9375,0.0832378
18,-9.2,-1.66,9.4,-2.8852,9.98745,0.3224,0.0221496,24.88,24.88,0.0734185,-0.024,2.857,21.375,21.375,0.0792544
19,-9.66,-1.82,9.9,-2.8693,9.98753,0.3194,0.02251,24.88,24.88,0.0825406,-0.09075,3.4805,21.375,21.375,0.0785585
20,-10.14,-2,10.4,-2.8532,9.98509,0.3248,0.0227859,21.36,21.36,0.0785588,-0.0785,3.1425,24.9375,24.9375,0.0887472
21,-10.6,-2.16,10.9,-2.837,9.98498,0.3208,0.0222753,21.36,21.36,0.0778131,-0.07525,3.147,24.9375,24.9375,0.0781799
22,-11.08,-2.36,11.45,-2.8207,9.9853,0.3362,0.023687,24.88,24.88,0.0880804,-0.12225,3.72,24.9375,24.9375,0.08156
23,-11.54,-2.54,11.95,-2.8037,9.98516,0.3362,0.0230863,24.88,24.88,0.0774402,-0.0415,3.0305,24.9375,24.9375,0.0810532
24,-12,-2.74,12.45,-2.7872,9.98506,0.3268,0.0226358,24.88,24.88,0.080836,-0.071,3.346,24.9375,24.9375,0.0778862
25,-12.44,-2.94,12.95,-2.7709,9.98513,0.3268,0.0229361,24.88,24.88,0.08033,-0.069,3.2765,24.9375,24.9375,0.0907449
26,-12.9,-3.16,13.45,-2.7546,9.98751,0.3218,0.0224199,24.88,24.88,0.0771473,-0.04975,3.086,21.375,21.375,0.0782618
27,-13.36,-3.38,13.95,-2.7383,9.98537,0.339,0.0239573,24.88,24.88,0.0901046,-0.1355,3.8165,24.9375,24.9375,0.0821586
28,-13.8,-3.6,14.45,-2.7211,9.9852,0.3396,0.0232665,21.36,21.36,0.0775201,-0.05875,3.0115,24.9375,24.9375,0.0850493
29,-14.24,-3.84,14.95,-2.7044,9.98509,0.329,0.0227559,24.88,24.88,0.0814486,-0.07325,3.378,24.9375,24.9375,0.0793235
30,-14.68,-4.08,15.45,-2.6879,9.98527,0.3352,0.0235669,24.88,24.88,0.0843384,-0.092,3.485,24.9375,24.9375,0.091295
31,-15.1,-4.34,15.95,-2.6711,9.98515,0.3324,0.0230262,24.88,24.88,0.0785855,-0.051,3.1165,24.9375,24.9375,0.0799471
32,-15.54,-4.6,16.45,-2.6544,9.98542,0.3448,0.0241976,24.88,24.88,0.0906506,-0.1335,3.838,24.9375,24.9375,0.0795692
33,-15.96,-4.86,16.95,-2.6369,9.98529,0.3442,0.023627,24.88,24.88,0.0792114,-0.04625,3.1,24.9375,24.9375,0.0828778
34,-16.38,-5.14,17.5,-2.6201,9.98755,0.3276,0.0226001,24.88,24.88,0.0788252,-0.054,3.2065,21.375,21.375,0.0767577
35,-16.8,-5.42,18,-2.6039,9.98765,0.3268,0.0230505,24.88,24.88,0.082181,-0.082,3.397,21.375,21.375,0.0886151
36,-17.2,-5.7,18.5,-2.5876,9.98752,0.3222,0.0224499,21.36,21.36,0.0760286,-0.06125,2.998,21.375,21.375,0.0834347
37,-17.62,-5.98,19,-2.5713,9.98527,0.3338,0.0235368,21.36,21.36,0.0879472,-0.1415,3.717,24.9375,24.9375,0.0814659
38,-18.02,-6.28,19.5,-2.5543,9.98284,0.3444,0.0238432,21.36,21.36,0.082727,-0.09225,3.3105,28.5,28.5,0.0933198
39,-18.4,-6.6,20,-2.5372,9.98517,0.337,0.0231163,24.88,24.88,0.0807428,-0.06175,3.275,24.9375,24.9375,0.0752861
40,-18.8,-6.9,20.5,-2.5201,9.98305,0.3518,0.0247144,28.48,28.48,0.0927013,-0.124,3.9295,28.5,28.5,0.0811389
41,-19.18,-7.22,21,-2.5025,9.98519,0.3406,0.0232065,24.88,24.88,0.074617,-0.01675,2.8175,24.9375,24.9375,0.0869459
42,-19.56,-7.56,21.5,-2.4861,9.9875,0.3216,0.0223898,28.48,28.48,0.0804099,-0.04925,3.348,21.375,21.375,0.0772338
43,-19.94,-7.88,22,-2.4698,9.98533,0.3344,0.0238072,24.88,24.88,0.086256,-0.108,3.5835,24.9375,24.9375,0.0854105
44,-20.3,-8.22,22.5,-2.453,9.98511,0.3316,0.022876,21.36,21.36,0.0765214,-0.057,2.9675,24.9375,24.9375,0.0795631
45,-20.66,-8.56,23,-2.4366,9.98517,0.3312,0.0231163,24.88,24.88,0.0847112,-0.0975,3.561,24.9375,24.9375,0.0798415
46,-21.02,-8.92,23.5,-2.4199,9.98515,0.3314,0.0230262,24.88,24.88,0.0788252,-0.05475,3.148,24.9375,24.9375,0.0876922
47,-21.38,-9.28,24.05,-2.4035,9.98754,0.3246,0.02254,24.88,24.88,0.0791315,-0.06075,3.2165,21.375,21.375,0.0785063
48,-21.72,-9.64,24.55,-2.3871,9.9853,0.3364,0.023687,24.88,24.88,0.087015,-0.1125,3.645,24.9375,24.9375,0.0829932
49,-22.06,-10,25.05,-2.3702,9.98516,0.3352,0.0230863,21.36,21.36,0.0777865,-0.0635,3.0545,24.9375,24.9375,0.0817852
50,-22.4,-10.38,25.55,-2.3536,9.98512,0.3296,0.0229061,24.88,24.88,0.0822742,-0.07975,3.417,24.9375,24.9375,0.0802074
51,-22.72,-10.76,26.05,-2.3371,9.98518,0.3314,0.0231764,24.88,24.88,0.0810757,-0.07075,3.2965,24.9375,24.9375,0.0917024
52,-23.04,-11.14,26.55,-2.3206,9.9876,0.3282,0.0228103,24.88,24.88,0.0794644,-0.06075,3.2065,21.375,21.375,0.078659
53,-23.36,-11.52,27.05,-2.3039,9.98545,0.3456,0.0243178,24.88,24.88,0.0910634,-0.137,3.8435,24.9375,24.9375,0.0842941
54,-23.66,-11.92,27.55,-2.2864,9.98524,0.3432,0.0234467,21.36,21.36,0.0779196,-0.05775,3.023,24.9375,24.9375,0.0838867
55,-23.96,-12.32,28.05,-2.2696,9.98517,0.3338,0.0231464,24.88,24.88,0.0835793,-0.0845,3.489,24.9375,24.9375,0.0789923
56,-24.26,-12.72,28.55,-2.2528,9.98529,0.3374,0.023627,24.88,24.88,0.0831931,-0.08075,3.3945,24.9375,24.9375,0.0931739
57,-24.54,-13.14,29.05,-2.2361,9.98512,0.3306,0.0229061,24.88,24.88,0.0782659,-0.04925,3.111,24.9375,24.9375,0.0798072
58,-24.82,-13.54,29.55,-2.2193,9.98548,0.3468,0.0244379,24.88,24.88,0.0925415,-0.1475,3.9345,24.9375,24.9375,0.0800921
59,-25.1,-13.96,30.05,-2.2017,9.98532,0.3472,0.0237771,24.88,24.88,0.0790649,-0.04275,3.065,24.9375,24.9375,0.0885412
60,-25.36,-14.4,30.6,-2.1849,9.98756,0.3292,0.0226601,24.88,24.88,0.0793579,-0.056,3.2405,21.375,21.375,0.0776258
61,-25.62,-14.82,31.1,-2.1683,9.98536,0.338,0.0239273,24.88,24.88,0.0878673,-0.11675,3.6925,24.9375,24.9375,0.0871334
62,-25.88,-15.26,31.6,-2.1513,9.98517,0.3348,0.0231163,21.36,21.36,0.0768942,-0.05675,2.977,24.9375,24.9375,0.0866191
63,-26.12,-15.68,32.1,-2.1347,9.98524,0.3354,0.0234467,24.88,24.88,0.0864291,-0.1065,3.641,24.9375,24.9375,0.08245
64,-26.36,-16.12,32.6,-2.1176,9.98543,0.3474,0.0242277,24.88,24.88,0.0859097,-0.09375,3.503,24.9375,24.9375,0.0892867
65,-26.58,-16.58,33.1,-2.1003,9.98529,0.3436,0.023627,24.88,24.88,0.0817283,-0.063,3.2755,24.9375,24.9375,0.0776112
66,-26.8,-17.02,33.6,-2.0831,9.98543,0.3478,0.0242277,24.88,24.88,0.0885864,-0.11275,3.7105,24.9375,24.9375,0.0832749
67,-27.02,-17.48,34.1,-2.0658,9.98519,0.3376,0.0232065,24.88,24.88,0.0768942,-0.034,2.991,24.9375,24.9375,0.0843863
68,-27.22,-17.92,34.6,-2.0493,9.98513,0.3282,0.0229662,24.88,24.88,0.0825672,-0.08125,3.429,24.9375,24.9375,0.0775601
69,-27.42,-18.38,35.1,-2.0327,9.98529,0.3356,0.023627,24.88,24.88,0.0836725,-0.0865,3.4185,24.9375,24.9375,0.0862494
70,-27.6,-18.86,35.6,-2.016,9.98757,0.3288,0.0226901,24.88,24.88,0.0768276,-0.0415,3.0275,21.375,21.375,0.0756359
71,-27.8,-19.32,36.1,-1.9996,9.98521,0.3318,0.0232966,24.88,24.88,0.0855635,-0.10375,3.5975,24.9375,24.9375,0.0800774
72,-27.96,-19.78,36.6,-1.983,9.98754,0.3262,0.02257,21.36,21.36,0.0749233,-0.0515,2.92,21.375,21.375,0.0890603
73,-28.14,-20.26,37.15,-1.967,9.98746,0.3178,0.0222097,24.88,24.88,0.0793712,-0.068,3.279,21.375,21.375,0.0801603
74,-28.3,-20.72,37.6,-1.9507,9.98535,0.3374,0.0238973,21.36,21.36,0.0884266,-0.14325,3.706,24.9375,24.9375,0.0853201
75,-28.44,-21.2,38.1,-1.9336,9.98523,0.341,0.0233867,21.36,21.36,0.0794378,-0.07075,3.121,24.9375,24.9375,0.0803811
76,-28.6,-21.68,38.65,-1.9167,9.98522,0.338,0.0233566,24.88,24.88,0.0846047,-0.0905,3.533,24.9375,24.9375,0.0787588
77,-28.72,-22.16,39.15,-1.8998,9.98519,0.334,0.0232065,24.88,24.88,0.0796508,-0.05725,3.2005,24.9375,24.9375,0.0898775
78,-28.86,-22.64,39.65,-1.8834,9.98504,0.3238,0.0225456,24.88,24.88,0.0780262,-0.05275,3.1455,24.9375,24.9375,0.0808278
79,-28.98,-23.14,40.15,-1.867,9.98537,0.3384,0.0239573,24.88,24.88,0.0892256,-0.128,3.7595,24.9375,24.9375,0.0834149
80,-29.08,-23.62,40.65,-1.8498,9.98528,0.3426,0.0235969,24.88,24.88,0.0801036,-0.054,3.1465,24.9375,24.9375,0.082702
81,-29.2,-24.1,41.15,-1.8329,9.98519,0.3358,0.0232065,24.88,24.88,0.0827004,-0.077,3.4125,24.9375,24.9375,0.0799594
82,-29.28,-24.6,41.65,-1.8161,9.98522,0.3348,0.0233566,24.88,24.88,0.0819813,-0.0735,3.345,24.9375,24.9375,0.0895267
83,-29.38,-25.1,42.15,-1.7995,9.98512,0.3296,0.0229061,24.88,24.88,0.0792247,-0.057,3.181,24.9375,24.9375,0.0834236
84,-29.46,-25.58,42.65,-1.7828,9.98538,0.3414,0.0240174,24.88,24.88,0.0888528,-0.122,3.731,24.9375,24.9375,0.0839257
85,-29.52,-26.08,43.15,-1.7655,9.98537,0.3474,0.0239573,24.88,24.88,0.0826871,-0.0685,3.2945,24.9375,24.9375,0.085144
86,-29.58,-26.58,43.65,-1.7483,9.98527,0.3416,0.0235368,24.88,24.88,0.0831931,-0.0755,3.407,24.9375,24.9375,0.0777321
87,-29.64,-27.08,44.2,-1.7312,9.98533,0.3416,0.0238072,24.88,24.88,0.0844316,-0.08575,3.4705,24.9375,24.9375,0.0894692
88,-29.68,-27.58,44.7,-1.7143,9.98511,0.3306,0.022876,24.88,24.88,0.0770008,-0.04,3.035,24.9375,24.9375,0.0823161
89,-29.72,-28.08,45.2,-1.6978,9.98534,0.3378,0.0238372,24.88,24.88,0.0887995,-0.12375,3.7545,24.9375,24.9375,0.0790145
90,-29.74,-28.58,45.7,-1.6806,9.98534,0.344,0.0238372,24.88,24.88,0.0815951,-0.0635,3.2325,24.9375,24.9375,0.0874214
91,-29.76,-29.08,46.2,-1.6637,9.98758,0.3306,0.0227202,24.88,24.88,0.0782925,-0.04875,3.147,21.375,21.375,0.0742748
92,-29.78,-29.58,46.7,-1.6472,9.98529,0.3356,0.023627,24.88,24.88,0.0867354,-0.10975,3.6485,24.9375,24.9375,0.111122
93,-29.78,-30.08,47.2,-1.6305,9.98753,0.3264,0.02251,21.36,21.36,0.0735917,-0.04175,2.821,21.375,21.375,0.0922658
94,-29.78,-30.58,47.7,-1.6136,9.98097,0.37,0.0263732,24.88,24.88,0.110759,-0.284,4.783,32.0625,32.0625,0.0780446
95,-29.76,-31.08,48.2,-1.594,9.97858,0.396,0.0267705,21.36,21.36,0.0915161,-0.111,3.5405,35.625,35.625,0.0786552
96,-29.72,-31.58,48.7,-1.575,9.98276,0.3578,0.0235127,32,32,0.077347,0.02425,3.0035,28.5,28.5,0.0695132
97,-29.7,-32.06,49.2,-1.5581,9.9875,0.322,0.0223598,35.6,35.6,0.0779196,0.011,3.227,21.375,21.375,0.0748247
98,-29.66,-32.56,49.7,-1.5426,9.98975,0.298,0.0212133,28.48,28.48,0.0688642,0.00925,2.6435,17.8125,17.8125,0.086711
99,-29.6,-33.06,50.2,-1.528,9.98969,0.2906,0.0209431,21.36,21.36,0.0741243,-0.072,3.018,17.8125,17.8125,0.0755168
100,-29.56,-33.56,50.7,-1.5129,9.98764,0.32,0.0229904,17.76,17.76,0.0860962,-0.163,3.6115,21.375,21.375,0.0849596
101,-29.5,-34.06,51.25,-1.4965,9.98499,0.3268,0.0223354,17.76,17.76,0.0747769,-0.0735,2.898,24.9375,24.9375,0.0824743
102,-29.42,-34.56,51.75,-1.4802,9.98507,0.3282,0.0226958,21.36,21.36,0.0842718,-0.11825,3.5845,24.9375,24.9375,0.0791074
103,-29.34,-35.04,52.25,-1.4636,9.98521,0.3354,0.0232966,24.88,24.88,0.0817682,-0.074,3.332,24.9375,24.9375,0.089997
104,-29.26,-35.54,52.75,-1.4469,9.98507,0.3288,0.0226958,24.88,24.88,0.0783724,-0.05225,3.153,24.9375,24.9375,0.0792118
105,-29.16,-36.04,53.25,-1.4304,9.98287,0.3406,0.0239934,24.88,24.88,0.0893455,-0.127,3.781,28.5,28.5,0.0837148
106,-29.04,-36.52,53.75,-1.4131,9.98524,0.3402,0.0234167,24.88,24.88,0.0784789,-0.0445,3.068,24.9375,24.9375,0.0807225
107,-28.94,-37,54.25,-1.3964,9.98517,0.333,0.0231163,28.48,28.48,0.0829934,-0.0615,3.4425,24.9375,24.9375,0.077764
108,-28.82,-37.5,54.75,-1.3798,9.98517,0.3308,0.0231163,24.88,24.88,0.0800104,-0.0625,3.2305,24.9375,24.9375,0.0935987
109,-28.68,-37.98,55.25,-1.3634,9.98751,0.322,0.0224199,24.88,24.88,0.0770407,-0.048,3.084,21.375,21.375,0.0804948
110,-28.56,-38.46,55.75,-1.347,9.98547,0.3436,0.0243778,24.88,24.88,0.0929943,-0.155,3.959,24.9375,24.9375,0.0834286
111,-28.4,-38.94,56.25,-1.3294,9.98534,0.3486,0.0238372,21.36,21.36,0.079744,-0.0665,3.094,24.9375,24.9375,0.0864049
112,-28.24,-39.4,56.75,-1.3124,9.98517,0.337,0.0231464,24.88,24.88,0.0827004,-0.075,3.424,24.9375,24.9375,0.0746538
113,-28.08,-39.88,57.25,-1.2955,9.98536,0.3412,0.0239273,24.88,24.88,0.0856967,-0.0965,3.548,24.9375,24.9375,0.0852399
114,-27.92,-40.36,57.8,-1.2786,9.98504,0.3272,0.0225456,24.88,24.88,0.0739645,-0.02275,2.848,24.9375,24.9375,0.0866786
115,-27.74,-40.82,58.3,-1.2625,9.98512,0.3248,0.0229061,24.88,24.88,0.0845514,-0.1005,3.5715,24.9375,24.9375,0.0829095
116,-27.56,-41.28,58.8,-1.2458,9.98539,0.342,0.0240475,24.88,24.88,0.0859763,-0.09975,3.511,24.9375,24.9375,0.0883415
117,-27.36,-41.74,59.3,-1.2286,9.98529,0.3438,0.023627,24.88,24.88,0.082181,-0.06725,3.294,24.9375,24.9375,0.0781572
118,-27.16,-42.2,59.8,-1.2114,9.9854,0.3474,0.0241075,24.88,24.88,0.0876409,-0.10625,3.663,24.9375,24.9375,0.0851691
119,-26.96,-42.66,60.3,-1.1941,9.98518,0.3372,0.0231764,24.88,24.88,0.0774269,-0.038,3.039,24.9375,24.9375,0.0875002
120,-26.74,-43.1,60.8,-1.1775,9.9852,0.3324,0.0232665,24.88,24.88,0.0844715,-0.0925,3.525,24.9375,24.9375,0.0780924
121,-26.52,-43.56,61.3,-1.1606,9.98543,0.345,0.0242277,24.88,24.88,0.086802,-0.10225,3.56,24.9375,24.9375,0.089706
122,-26.28,-44,61.8,-1.1434,9.98516,0.3366,0.0230863,24.88,24.88,0.0773736,-0.03825,3.0265,24.9375,24.9375,0.0786632
123,-26.04,-44.44,62.3,-1.1266,9.98535,0.3406,0.0238973,24.88,24.88,0.0890392,-0.123,3.781,24.9375,24.9375,0.0792716
124,-25.8,-44.88,62.8,-1.1095,9.98522,0.338,0.0233566,24.88,24.88,0.0779196,-0.042,3.042,24.9375,24.9375,0.0909385
125,-25.54,-45.3,63.3,-1.093,9.98751,0.3236,0.0224199,24.88,24.88,0.0785455,-0.0555,3.195,21.375,21.375,0.077538
126,-25.28,-45.74,63.85,-1.0766,9.98541,0.3404,0.0241376,24.88,24.88,0.0903043,-0.13525,3.816,24.9375,24.9375,0.0840652
127,-25.02,-46.16,64.35,-1.0594,9.9852,0.339,0.0232365,21.36,21.36,0.0768143,-0.0535,2.9535,24.9375,24.9375,0.0825476
128,-24.74,-46.58,64.85,-1.0427,9.98513,0.331,0.0229662,24.88,24.88,0.0833396,-0.08575,3.488,24.9375,24.9375,0.0792117
129,-24.46,-46.98,65.35,-1.0261,9.98523,0.3342,0.0233867,24.88,24.88,0.0818348,-0.074,3.3275,24.9375,24.9375,0.0903653
130,-24.16,-47.4,65.85,-1.0095,9.98759,0.3284,0.0227802,24.88,24.88,0.0784789,-0.053,3.1395,21.375,21.375,0.0781019
131,-23.88,-47.8,66.35,-0.9929,9.98539,0.3416,0.0240475,24.88,24.88,0.0897184,-0.129,3.7895,24.9375,24.9375,0.0832601
132,-23.56,-48.2,66.85,-0.9756,9.9852,0.3392,0.0232665,21.36,21.36,0.0773603,-0.05725,3.005,24.9375,24.9375,0.081684
133,-23.26,-48.58,67.35,-0.959,9.98513,0.3302,0.0229361,24.88,24.88,0.0825406,-0.08025,3.434,24.9375,24.9375,0.0768634
134,-22.94,-48.98,67.85,-0.9425,9.98519,0.3312,0.0232065,24.88,24.88,0.0809692,-0.06975,3.288,24.9375,24.9375,0.0904422
135,-22.62,-49.36,68.35,-0.9261,9.9875,0.3222,0.0223598,24.88,24.88,0.0761485,-0.042,3.0235,21.375,21.375,0.0809758
136,-22.3,-49.74,68.85,-0.9098,9.98534,0.3368,0.0238372,24.88,24.88,0.0898249,-0.13475,3.8165,24.9375,24.9375,0.0835884
137,-21.96,-50.1,69.35,-0.8926,9.98529,0.3432,0.023657,21.36,21.36,0.0802368,-0.07475,3.1525,24.9375,24.9375,0.0838765
138,-21.62,-50.48,69.85,-0.8757,9.98519,0.3368,0.0232065,24.88,24.88,0.0828602,-0.0775,3.42,24.9375,24.9375,0.0794377
139,-21.28,-50.84,70.35,-0.8588,9.98527,0.3376,0.0235368,24.88,24.88,0.0831532,-0.0805,3.4115,24.9375,24.9375,0.0922328
140,-20.92,-51.2,70.9,-0.842,9.98513,0.331,0.0229662,24.88,24.88,0.078692,-0.052,3.1415,24.9375,24.9375,0.0846409
141,-20.56,-51.54,71.4,-0.8253,9.98547,0.3458,0.0243778,24.88,24.88,0.0916094,-0.14025,3.8775,24.9375,24.9375,0.0790778
142,-20.2,-51.88,71.9,-0.8076,9.98547,0.3542,0.0243778,24.88,24.88,0.0839122,-0.0715,3.329,24.9375,24.9375,0.0888494
143,-19.82,-52.22,72.4,-0.7903,9.98513,0.3366,0.0229662,24.88,24.88,0.0783325,-0.04325,3.1325,24.9375,24.9375,0.0768022
144,-19.46,-52.54,72.9,-0.7736,9.98535,0.339,0.0238973,24.88,24.88,0.0881736,-0.117,3.7275,24.9375,24.9375,0.081561
145,-19.06,-52.86,73.4,-0.7566,9.98515,0.3332,0.0230563,24.88,24.88,0.0760952,-0.033,2.9355,24.9375,24.9375,0.0845433
146,-18.68,-53.18,73.9,-0.7403,9.98754,0.3236,0.02257,24.88,24.88,0.080836,-0.07275,3.3405,21.375,21.375,0.0779793
147,-18.3,-53.5,74.4,-0.7239,9.98774,0.3324,0.0234409,24.88,24.88,0.0838323,-0.09125,3.4545,21.375,21.375,0.0882061
148,-17.9,-53.8,74.9,-0.7073,9.98758,0.329,0.0227502,21.36,21.36,0.0772538,-0.0645,3.0505,21.375,21.375,0.0820198
149,-17.5,-54.1,75.4,-0.6908,9.98528,0.3366,0.0235969,21.36,21.36,0.0875477,-0.1355,3.6995,24.9375,24.9375,0.0840647
150,-17.08,-54.38,75.9,-0.6737,9.98279,0.3416,0.0236329,21.36,21.36,0.0812755,-0.08325,3.242,28.5,28.5,0.086442
151,-16.68,-54.68,76.4,-0.6568,9.98523,0.3384,0.0233867,24.88,24.88,0.0833396,-0.08,3.427,24.9375,24.9375,0.0795685
152,-16.26,-54.94,76.9,-0.6397,9.98537,0.3434,0.0239573,28.48,28.48,0.0857233,-0.07475,3.537,24.9375,24.9375,0.0832957
153,-15.84,-55.22,77.4,-0.6226,9.98519,0.3364,0.0232065,24.88,24.88,0.0788252,-0.04825,3.1245,24.9375,24.9375,0.0807884
154,-15.42,-55.48,77.9,-0.606,9.98517,0.331,0.0231163,24.88,24.88,0.0825672,-0.08,3.4115,24.9375,24.9375,0.0792688
155,-14.98,-55.74,78.45,-0.5895,9.98516,0.3302,0.0230863,24.88,24.88,0.0800636,-0.0635,3.225,24.9375,24.9375,0.0926735
156,-14.54,-55.98,78.95,-0.5731,9.98755,0.3248,0.0226001,24.88,24.88,0.0785455,-0.0565,3.166,21.375,21.375,0.0774483
157,-14.1,-56.22,79.45,-0.5565,9.98546,0.345,0.0243478,24.88,24.88,0.0920488,-0.146,3.8995,24.9375,24.9375,0.0806712
158,-13.66,-56.46,79.95,-0.5391,9.98522,0.3426,0.0233566,21.36,21.36,0.0767344,-0.0505,2.9455,24.9375,24.9375,0.0822074
159,-13.22,-56.68,80.45,-0.5224,9.98502,0.3256,0.0224856,24.88,24.88,0.0799571,-0.064,3.308,24.9375,24.9375,0.0786018
160,-12.76,-56.9,80.95,-0.5062,9.98515,0.3266,0.0230563,24.88,24.88,0.0814886,-0.07775,3.35,24.9375,24.9375,0.0923208
161,-12.32,-57.12,81.45,-0.4899,9.98756,0.3246,0.0226601,24.88,24.88,0.0778664,-0.0525,3.1015,21.375,21.375,0.0830289
162,-11.86,-57.32,81.95,-0.4733,9.98543,0.344,0.0242277,24.88,24.88,0.0916893,-0.144,3.889,24.9375,24.9375,0.0833717
163,-11.4,-57.52,82.45,-0.4558,9.98289,0.3514,0.0240835,21.36,21.36,0.0822876,-0.08225,3.2495,28.5,28.5,0.087406
164,-10.94,-57.7,82.95,-0.4385,9.98523,0.3412,0.0233867,24.88,24.88,0.0826338,-0.071,3.3895,24.9375,24.9375,0.0779468
165,-10.46,-57.88,83.5,-0.4214,9.98539,0.3442,0.0240775,28.48,28.48,0.0867088,-0.08125,3.6025,24.9375,24.9375,0.0878631
166,-10,-58.04,83.95,-0.4043,9.98517,0.3348,0.0231163,24.88,24.88,0.0772405,-0.03825,3.0185,24.9375,24.9375,0.0823122
167,-9.52,-58.22,84.5,-0.3877,9.98529,0.3364,0.023657,24.88,24.88,0.0871882,-0.11125,3.671,24.9375,24.9375,0.0813426
168,-9.06,-58.36,84.95,-0.3706,9.98531,0.341,0.0237171,24.88,24.88,0.0815685,-0.06575,3.252,24.9375,24.9375,0.0848527
169,-8.58,-58.52,85.5,-0.3538,9.98765,0.3338,0.0230505,24.88,24.88,0.0806096,-0.063,3.2645,21.375,21.375,0.0794506
170,-8.1,-58.66,86,-0.3371,9.98525,0.3356,0.0234768,24.88,24.88,0.0841519,-0.0895,3.482,24.9375,24.9375,0.0871889
171,-7.62,-58.78,86.5,-0.3203,9.98515,0.332,0.0230262,21.36,21.36,0.0787186,-0.07175,3.133,24.9375,24.9375,0.0842413
172,-7.12,-58.92,87,-0.3037,9.98529,0.3374,0.023627,24.88,24.88,0.086509,-0.10625,3.618,24.9375,24.9375,0.0790162
173,-6.64,-59.02,87.5,-0.2866,9.98535,0.3444,0.0238973,24.88,24.88,0.0835127,-0.07775,3.371,24.9375,24.9375,0.0864572
174,-6.16,-59.14,88,-0.2696,9.98512,0.3332,0.0229061,24.88,24.88,0.0782925,-0.047,3.1285,24.9375,24.9375,0.0792638
175,-5.66,-59.24,88.5,-0.253,9.98526,0.3346,0.0235068,24.88,24.88,0.0857766,-0.10225,3.595,24.9375,24.9375,0.0804296
176,-5.16,-59.32,89,-0.2362,9.98767,0.3334,0.0231406,24.88,24.88,0.0785322,-0.05,3.104,21.375,21.375,0.0884637
177,-4.68,-59.4,89.5,-0.2198,9.98756,0.3254,0.0226301,24.88,24.88,0.0797174,-0.06375,3.2535,21.375,21.375,0.0770689
178,-4.18,-59.48,90,-0.2033,9.98535,0.3388,0.0238973,21.36,21.36,0.0877874,-0.136,3.676,24.9375,24.9375,0.0833516
179,-3.68,-59.54,90.55,-0.1862,9.98513,0.3344,0.0229662,21.36,21.36,0.0763616,-0.054,2.9635,24.9375,24.9375,0.079393
180,-3.18,-59.6,91.05,-0.1698,9.9851,0.3278,0.022816,24.88,24.88,0.0826205,-0.08375,3.4535,24.9375,24.9375,0.0772538
181,-2.7,-59.66,91.5,-0.1534,9.98511,0.3268,0.022846,24.88,24.88,0.0786787,-0.05725,3.163,24.9375,24.9375,0.0930563
182,-2.2,-59.7,92.05,-0.1372,9.98746,0.3184,0.0221796,24.88,24.88,0.0765347,-0.04775,3.073,21.375,21.375,0.0813727
183,-1.7,-59.74,92.55,-0.121,9.98542,0.3412,0.0241976,24.88,24.88,0.0924616,-0.1535,3.9405,24.9375,24.9375,0.0860233
184,-1.2,-59.76,93.05,-0.1035,9.98535,0.349,0.0238973,21.36,21.36,0.080623,-0.07275,3.146,24.9375,24.9375,0.0843951
185,-0.7,-59.78,93.55,-0.0863,9.98528,0.3432,0.0235969,24.88,24.88,0.0853105,-0.0905,3.558,24.9375,24.9375,0.0803098
186,-0.2,-59.78,94.05,-0.0691,9.98534,0.3432,0.0238672,24.88,24.88,0.0836858,-0.07875,3.414,24.9375,24.9375,0.0904165
187,0.3,-59.78,94.55,-0.0521,9.98518,0.3346,0.0231764,24.88,24.88,0.0795709,-0.05425,3.18,24.9375,24.9375,0.0796149
188,0.8,-59.76,95.05,-0.0353,9.98543,0.3442,0.0242277,24.88,24.88,0.0897583,-0.12575,3.7755,24.9375,24.9375,0.079038
189,1.3,-59.74,95.55,-0.0179,9.98527,0.3422,0.0235669,24.88,24.88,0.0788784,-0.04475,3.0795,24.9375,24.9375,0.0810641
190,1.8,-59.72,96.05,-0.0012,9.98503,0.3256,0.0225156,24.88,24.88,0.0782925,-0.052,3.1775,24.9375,24.9375,0.0774227
191,2.3,-59.68,96.55,0.0149,9.98758,0.3224,0.0227202,24.88,24.88,0.0803699,-0.072,3.3015,21.375,21.375,0.0898375
192,2.8,-59.64,97.05,0.031,9.9875,0.3196,0.0223598,24.88,24.88,0.0766945,-0.04875,3.054,21.375,21.375,0.0824132
193,3.3,-59.6,97.6,0.0472,9.98532,0.3366,0.0237471,21.36,21.36,0.089199,-0.14975,3.7685,24.9375,24.9375,0.081978
194,3.8,-59.54,98.1,0.0644,9.98282,0.3454,0.023753,21.36,21.36,0.081675,-0.08375,3.2435,28.5,28.5,0.0914768
195,4.3,-59.48,98.6,0.0815,9.98516,0.3366,0.0230863,24.88,24.88,0.0812488,-0.06575,3.322,24.9375,24.9375,0.0819307
196,4.78,-59.4,99.1,0.0985,9.983,0.3488,0.0245041,28.48,28.48,0.090837,-0.11125,3.83,28.5,28.5,0.085427
197,5.28,-59.3,99.6,0.1161,9.98537,0.349,0.0239874,24.88,24.88,0.0811956,-0.055,3.1895,24.9375,24.9375,0.0851169
198,5.76,-59.22,100.1,0.1333,9.98529,0.3418,0.023657,28.48,28.48,0.0846979,-0.066,3.5055,24.9375,24.9375,0.0783092
199,6.26,-59.12,100.6,0.1504,9.98537,0.3432,0.0239874,24.88,24.88,0.0844049,-0.08375,3.4445,24.9375,24.9375,0.0865125
200,6.74,-59,101.1,0.1674,9.98763,0.3322,0.0229604,24.88,24.88,0.0775734,-0.04225,3.06,21.375,21.375,0.0779807
201,7.24,-58.88,101.6,0.1839,9.98775,0.3336,0.0234709,24.88,24.88,0.0858298,-0.10325,3.5945,21.375,21.375,0.0817295
202,7.72,-58.76,102.1,0.2006,9.98763,0.331,0.0229604,21.36,21.36,0.0772538,-0.063,3.0365,21.375,21.375,0.0874952
203,8.2,-58.62,102.6,0.217,9.98507,0.3254,0.0226958,21.36,21.36,0.0810225,-0.09325,3.338,24.9375,24.9375,0.0770111
204,8.68,-58.48,103.1,0.2335,9.98534,0.339,0.0238372,21.36,21.36,0.086802,-0.1285,3.6095,24.9375,24.9375,0.0844936
205,9.16,-58.34,103.65,0.2505,9.98511,0.3332,0.022846,24.88,24.88,0.0762817,-0.035,2.973,24.9375,24.9375,0.0812932
206,9.62,-58.18,104.1,0.2669,9.98513,0.329,0.0229662,24.88,24.88,0.0837791,-0.09125,3.5175,24.9375,24.9375,0.0788504
207,10.1,-58.02,104.65,0.2835,9.9852,0.3322,0.0232365,24.88,24.88,0.0805697,-0.06625,3.2465,24.9375,24.9375,0.0933294
208,10.58,-57.84,105.15,0.3,9.98504,0.3256,0.0225757,24.88,24.88,0.0781061,-0.05275,3.1375,24.9375,24.9375,0.08045
209,11.04,-57.66,105.65,0.3166,9.98547,0.3456,0.0244079,24.88,24.88,0.092728,-0.151,3.944,24.9375,24.9375,0.0836187
210,11.5,-57.46,106.15,0.3342,9.98534,0.3486,0.0238372,24.88,24.88,0.0797174,-0.0465,3.0985,24.9375,24.9375,0.0799486
211,11.96,-57.28,106.65,0.3512,9.98519,0.337,0.0232065,24.88,24.88,0.0828868,-0.07625,3.432,24.9375,24.9375,0.0784003
212,12.42,-57.06,107.15,0.3679,9.98515,0.3298,0.0230262,24.88,24.88,0.079238,-0.057,3.198,24.9375,24.9375,0.0911931
213,12.86,-56.86,107.65,0.3842,9.98752,0.3212,0.0224799,24.88,24.88,0.0776932,-0.0525,3.1215,21.375,21.375,0.0805156
214,13.32,-56.64,108.15,0.4005,9.9854,0.34,0.0241075,24.88,24.88,0.0905707,-0.138,3.8245,24.9375,24.9375,0.0827978
215,13.76,-56.4,108.65,0.4179,9.98529,0.3446,0.023657,21.36,21.36,0.0797707,-0.07,3.1185,24.9375,24.9375,0.0837114
216,14.2,-56.18,109.15,0.4348,9.98515,0.3348,0.0230563,24.88,24.88,0.0820878,-0.07275,3.388,24.9375,24.9375,0.0783537
217,14.64,-55.94,109.65,0.4515,9.98524,0.3354,0.0234467,24.88,24.88,0.0829934,-0.081,3.4105,24.9375,24.9375,0.0904162
218,15.08,-55.68,110.2,0.4682,9.98509,0.3284,0.0227859,24.88,24.88,0.0776267,-0.047,3.082,24.9375,24.9375,0.0853037
219,15.5,-55.42,110.7,0.4847,9.98537,0.3404,0.0239874,24.88,24.88,0.0897716,-0.13025,3.7965,24.9375,24.9375,0.0801151
220,15.92,-55.16,111.15,0.5022,9.98545,0.3516,0.0243178,24.88,24.88,0.0845781,-0.0795,3.3845,24.9375,24.9375,0.0838236
221,16.34,-54.88,111.7,0.5195,9.98517,0.3388,0.0231464,24.88,24.88,0.0793712,-0.0495,3.1795,24.9375,24.9375,0.0752306
222,16.76,-54.62,112.2,0.5362,9.9852,0.3326,0.0232665,24.88,24.88,0.0830999,-0.08275,3.45,24.9375,24.9375,0.0881712
223,17.18,-54.32,112.7,0.5527,9.9875,0.3214,0.0223898,24.88,24.88,0.0745371,-0.0315,2.913,21.375,21.375,0.0857394
224,17.58,-54.04,113.2,0.5687,9.98523,0.33,0.0233867,24.88,24.88,0.0875078,-0.12075,3.7045,24.9375,24.9375,0.0805128
225,17.98,-53.74,113.7,0.5857,9.98541,0.3466,0.0241376,21.36,21.36,0.0850308,-0.10825,3.4305,24.9375,24.9375,0.0890696
226,18.38,-53.42,114.2,0.603,9.98519,0.3396,0.0232065,24.88,24.88,0.079784,-0.053,3.1925,24.9375,24.9375,0.076796
227,18.76,-53.12,114.7,0.6199,9.98537,0.3434,0.0239874,24.88,24.88,0.0883867,-0.1155,3.7315,24.9375,24.9375,0.0784381
228,19.16,-52.8,115.2,0.6371,9.98515,0.3348,0.0230563,24.88,24.88,0.0760686,-0.0315,2.9475,24.9375,24.9375,0.0898706
229,19.54,-52.48,115.7,0.6533,9.98745,0.318,0.0221496,24.88,24.88,0.0777199,-0.054,3.1735,21.375,21.375,0.0818134
230,19.9,-52.14,116.2,0.6695,9.98536,0.3356,0.0239273,24.88,24.88,0.0892256,-0.131,3.7625,24.9375,24.9375,0.0834629
231,20.28,-51.8,116.75,0.6866,9.98531,0.3442,0.0237171,21.36,21.36,0.081089,-0.0795,3.1855,24.9375,24.9375,0.0799788
232,20.64,-51.46,117.25,0.7037,9.9852,0.3382,0.0232665,24.88,24.88,0.0827403,-0.07575,3.4095,24.9375,24.9375,0.0781111
233,21,-51.12,117.7,0.7204,9.98513,0.3308,0.0229662,24.88,24.88,0.0792513,-0.05675,3.2055,24.9375,24.9375,0.0918051
234,21.36,-50.76,118.25,0.7367,9.98751,0.3208,0.0224199,24.88,24.88,0.0774003,-0.05075,3.115,21.375,21.375,0.081981
235,21.7,-50.4,118.75,0.753,9.98542,0.3404,0.0241676,24.88,24.88,0.0911965,-0.14275,3.86,24.9375,24.9375,0.0847646
236,22.04,-50.02,119.25,0.7705,9.98535,0.348,0.0238973,21.36,21.36,0.0812488,-0.0775,3.187,24.9375,24.9375,0.0811775
237,22.36,-49.66,119.75,0.7877,9.98525,0.3416,0.0234768,24.88,24.88,0.0840587,-0.08225,3.4795,24.9375,24.9375,0.0760837
238,22.7,-49.28,120.25,0.8046,9.98521,0.3354,0.0232966,24.88,24.88,0.0804498,-0.06125,3.253,24.9375,24.9375,0.0913949
239,23.02,-48.9,120.75,0.8211,9.98748,0.3202,0.0222697,24.88,24.88,0.0753761,-0.037,2.989,21.375,21.375,0.0806671
240,23.34,-48.5,121.25,0.8372,9.98536,0.3362,0.0239273,24.88,24.88,0.0907704,-0.1425,3.8645,24.9375,24.9375,0.0832477
241,23.64,-48.12,121.75,0.8544,9.9853,0.3438,0.023687,21.36,21.36,0.0799438,-0.072,3.1175,24.9375,24.9375,0.08512
242,23.94,-47.72,122.25,0.8714,9.98517,0.336,0.0231464,24.88,24.88,0.0825406,-0.0755,3.405,24.9375,24.9375,0.079938
243,24.24,-47.3,122.8,0.8882,9.9853,0.339,0.023687,24.88,24.88,0.0844183,-0.08875,3.4835,24.9375,24.9375,0.091275
244,24.52,-46.9,123.25,0.9051,9.98517,0.334,0.0231464,24.88,24.88,0.079198,-0.053,3.1515,24.9375,24.9375,0.08113
245,24.8,-46.48,123.8,0.9219,9.98295,0.3456,0.0242938,24.88,24.88,0.0906239,-0.13175,3.825,28.5,28.5,0.0788107
246,25.08,-46.06,124.3,0.9394,9.98284,0.3464,0.0238432,24.88,24.88,0.0803966,-0.05225,3.1575,28.5,28.5,0.0877049
247,25.34,-45.64,124.8,0.9563,9.98506,0.3286,0.0226358,28.48,28.48,0.0780661,-0.028,3.153,24.9375,24.9375,0.0774358
248,25.6,-45.22,125.3,0.9727,9.9878,0.3346,0.0236811,28.48,28.48,0.0870284,-0.09275,3.6615,21.375,21.375,0.08544
249,25.84,-44.78,125.8,0.9896,9.98764,0.3322,0.0229904,24.88,24.88,0.0767078,-0.0385,2.979,21.375,21.375,0.084983
250,26.1,-44.34,126.3,1.006,9.98768,0.3316,0.0231706,21.36,21.36,0.0847379,-0.11625,3.5485,21.375,21.375,0.0800627
251,26.34,-43.9,126.8,1.0229,9.98534,0.3414,0.0238372,21.36,21.36,0.0842851,-0.1065,3.4375,24.9375,24.9375,0.0871252
252,26.56,-43.46,127.3,1.0399,9.98516,0.3358,0.0230863,21.36,21.36,0.0793312,-0.0725,3.1665,24.9375,24.9375,0.0788024
253,26.78,-43.02,127.8,1.0566,9.98529,0.3386,0.023657,24.88,24.88,0.0864291,-0.10425,3.622,24.9375,24.9375,0.0818319
254,27,-42.56,128.3,1.0736,9.98517,0.3346,0.0231464,24.88,24.88,0.0780794,-0.04575,3.082,24.9375,24.9375,0.0867338
255,27.2,-42.1,128.8,1.0901,9.9851,0.3272,0.022816,24.88,24.88,0.0811024,-0.072,3.3355,24.9375,24.9375,0.0765832
256,27.4,-41.64,129.3,1.1066,9.98532,0.3378,0.0237771,24.88,24.88,0.0860296,-0.103,3.5645,24.9375,24.9375,0.0847879
257,27.6,-41.18,129.85,1.1235,9.98509,0.3308,0.0227559,24.88,24.88,0.0758555,-0.03375,2.954,24.9375,24.9375,0.0803237
258,27.78,-40.72,130.3,1.1399,9.98514,0.3284,0.0229962,24.88,24.88,0.0840853,-0.0945,3.5325,24.9375,24.9375,0.0798462
259,27.96,-40.26,130.8,1.1564,9.98517,0.331,0.0231163,24.88,24.88,0.0795976,-0.0605,3.19,24.9375,24.9375,0.0930537
260,28.12,-39.78,131.35,1.1728,9.98756,0.3258,0.0226301,24.88,24.88,0.0791181,-0.06,3.2055,21.375,21.375,0.0777613
261,28.28,-39.3,131.85,1.1895,9.98549,0.3468,0.0244679,24.88,24.88,0.0924483,-0.148,3.9205,24.9375,24.9375,0.081328
262,28.44,-38.84,132.35,1.207,9.98524,0.344,0.0234167,21.36,21.36,0.077054,-0.05125,2.959,24.9375,24.9375,0.0824691
263,28.58,-38.36,132.85,1.2237,9.98505,0.3274,0.0226057,24.88,24.88,0.0805963,-0.06675,3.34,24.9375,24.9375,0.0789579
264,28.72,-37.88,133.35,1.2401,9.98517,0.3284,0.0231464,24.88,24.88,0.0817549,-0.078,3.3565,24.9375,24.9375,0.0933536
265,28.84,-37.38,133.85,1.2565,9.98758,0.326,0.0227502,24.88,24.88,0.0782126,-0.0535,3.1165,21.375,21.375,0.07871
266,28.96,-36.9,134.35,1.2731,9.98548,0.3466,0.0244379,24.88,24.88,0.0927413,-0.15025,3.9385,24.9375,24.9375,0.080602
267,29.08,-36.42,134.85,1.2907,9.98527,0.346,0.0235669,21.36,21.36,0.0779729,-0.05625,3.0105,24.9375,24.9375,0.0849557
268,29.18,-35.92,135.35,1.3075,9.98505,0.3282,0.0226057,24.88,24.88,0.0798772,-0.06075,3.287,24.9375,24.9375,0.0788411
269,29.28,-35.44,135.85,1.3239,9.98524,0.332,0.0234467,24.88,24.88,0.0842585,-0.09375,3.4985,24.9375,24.9375,0.0907881
270,29.36,-34.94,136.35,1.3405,9.98513,0.3302,0.0229662,24.88,24.88,0.0781061,-0.04925,3.0835,24.9375,24.9375,0.0833945
271,29.44,-34.46,136.85,1.3572,9.98539,0.3428,0.0240775,24.88,24.88,0.0901445,-0.13125,3.8125,24.9375,24.9375,0.0805928
272,29.52,-33.96,137.35,1.3746,9.98539,0.3494,0.0240475,24.88,24.88,0.0826604,-0.067,3.287,24.9375,24.9375,0.0866211
273,29.58,-33.46,137.9,1.3918,9.98515,0.336,0.0230563,24.88,24.88,0.0798639,-0.055,3.2265,24.9375,24.9375,0.0799467
274,29.64,-32.96,138.4,1.4085,9.9853,0.3374,0.023687,24.88,24.88,0.0859097,-0.10075,3.5875,24.9375,24.9375,0.0904682
275,29.68,-32.46,138.9,1.4255,9.98521,0.3354,0.0232966,24.88,24.88,0.0792247,-0.0525,3.1335,24.9375,24.9375,0.0851805
276,29.72,-31.96,139.4,1.4423,9.98542,0.345,0.0241676,24.88,24.88,0.0898116,-0.1255,3.78,24.9375,24.9375,0.0788402
277,29.74,-31.46,139.9,1.4599,9.98545,0.3524,0.0243178,24.88,24.88,0.0844449,-0.07725,3.384,24.9375,24.9375,0.0868278
278,29.76,-30.96,140.4,1.4772,9.98514,0.3362,0.0229962,24.88,24.88,0.0780928,-0.04225,3.108,24.9375,24.9375,0.073752
279,29.78,-30.46,140.9,1.4938,9.98528,0.3352,0.0235969,24.88,24.88,0.0861495,-0.10375,3.618,24.9375,24.9375,-0.0113934
280,29.78,-29.96,141.4,1.5105,9.98751,0.324,0.0224199,24.88,24.88,0.073059,-0.02025,2.7965,21.375,21.375,0.075875
281,29.78,-29.46,141.9,1.5236,9.99041,0.1582,0.00907883,24.88,24.88,-0.0113433,0.026,-1.615,14.25,14.25,0.104167
282,29.8,-28.96,142.4,1.5292,9.98833,0.131,0.0128654,21.36,21.36,0.075709,-0.19875,4.0205,17.8125,17.8125,0.133519
283,29.8,-28.46,142.9,1.5396,9.97524,0.2908,0.0234402,14.24,14.24,0.104021,-0.35375,3.982,39.1875,39.1875,0.108414
284,29.76,-27.96,143.45,1.5579,9.95903,0.4336,0.0284504,17.76,17.76,0.133318,-0.46425,5.1245,64.125,64.125,0.103699
285,29.72,-27.48,143.9,1.581,9.95663,0.4702,0.0288189,39.12,39.12,0.107643,-0.088,4.519,67.6875,67.6875,0.102824
286,29.68,-26.98,144.4,1.6039,9.96648,0.4432,0.0282484,64.08,64.08,0.102902,0.0805,4.403,53.4375,53.4375,0.0857895
287,29.62,-26.48,144.9,1.6255,9.9765,0.4232,0.0283103,67.68,67.68,0.102103,0.094,4.2415,39.1875,39.1875,0.0881254
288,29.54,-25.98,145.45,1.646,9.98836,0.387,0.0259331,53.36,53.36,0.0850575,0.11975,3.2675,21.375,21.375,0.0827188
289,29.46,-25.48,145.95,1.6644,9.99304,0.3572,0.0246597,39.12,39.12,0.0874012,-0.005,3.5875,14.25,14.25,0.0779164
290,29.38,-25,146.45,1.6819,9.99291,0.3438,0.0241194,21.36,21.36,0.0819946,-0.08025,3.258,14.25,14.25,0.0901997
291,29.3,-24.5,146.95,1.6988,9.9926,0.3272,0.0228289,14.24,14.24,0.0771739,-0.1005,3.036,14.25,14.25,0.0801656
292,29.2,-24.02,147.45,1.7152,9.98788,0.3386,0.0240114,14.24,14.24,0.0895719,-0.18925,3.7795,21.375,21.375,0.0825813
293,29.08,-23.52,147.95,1.7324,9.98527,0.3422,0.0235669,14.24,14.24,0.0794244,-0.109,3.102,24.9375,24.9375,0.0821791
294,28.98,-23.04,148.45,1.7492,9.98514,0.3336,0.0229962,21.36,21.36,0.0818614,-0.092,3.3715,24.9375,24.9375,0.0784587
295,28.84,-22.56,148.95,1.7659,9.98518,0.332,0.0231764,24.88,24.88,0.0814619,-0.07225,3.3295,24.9375,24.9375,0.087445
296,28.72,-22.06,149.45,1.7824,9.98506,0.3252,0.0226358,24.88,24.88,0.0777332,-0.05,3.107,24.9375,24.9375,0.0805872
297,28.58,-21.58,149.95,1.7987,9.98527,0.3344,0.0235669,24.88,24.88,0.086762,-0.1115,3.6395,24.9375,24.9375,0.0801163
298,28.44,-21.12,150.45,1.8156,9.98522,0.3376,0.0233566,24.88,24.88,0.0798639,-0.05675,3.1675,24.9375,24.9375,0.0881475
299,28.28,-20.64,150.95,1.8323,9.98757,0.3282,0.0226901,24.88,24.88,0.0793845,-0.05925,3.2305,21.375,21.375,0.0762796
300,28.12,-20.16,151.45,1.8488,9.98534,0.3382,0.0238372,24.88,24.88,0.0874811,-0.11425,3.672,24.9375,24.9375,0.0842549
301,27.94,-19.7,151.95,1.8658,9.98511,0.3322,0.022846,21.36,21.36,0.0755625,-0.0505,2.9235,24.9375,24.9375,0.0834461
302,27.76,-19.22,152.5,1.8821,9.98511,0.3274,0.022876,24.88,24.88,0.0835393,-0.09075,3.5055,24.9375,24.9375,0.0775978
303,27.58,-18.76,153,1.8987,9.98526,0.3354,0.0235068,24.88,24.88,0.0827403,-0.08025,3.366,24.9375,24.9375,0.0843527
304,27.38,-18.3,153.5,1.9154,9.98755,0.3276,0.0226001,24.88,24.88,0.0768543,-0.04275,3.0455,21.375,21.375,0.0767608
305,27.18,-17.84,154,1.9316,9.98765,0.328,0.0230205,24.88,24.88,0.0836459,-0.09225,3.4995,21.375,21.375,0.0820215
306,26.98,-17.38,154.5,1.9481,9.98754,0.3244,0.02254,21.36,21.36,0.0760286,-0.0605,3,21.375,21.375,0.0878012
307,26.76,-16.94,155,1.9641,9.98505,0.3226,0.0226057,21.36,21.36,0.0813287,-0.09875,3.3695,24.9375,24.9375,0.0773352
308,26.54,-16.48,155.5,1.9806,9.98285,0.3398,0.0239033,21.36,21.36,0.0871349,-0.131,3.621,28.5,28.5,0.0868963
309,26.3,-16.04,156,1.9977,9.98512,0.3348,0.0229061,24.88,24.88,0.0766279,-0.03625,2.993,24.9375,24.9375,0.0782724
310,26.06,-15.6,156.5,2.0143,9.98522,0.3344,0.0233566,28.48,28.48,0.0862294,-0.08625,3.649,24.9375,24.9375,0.077662
311,25.82,-15.18,157,2.031,9.98515,0.3316,0.0230262,24.88,24.88,0.0775468,-0.045,3.0615,24.9375,24.9375,0.0880536
312,25.58,-14.74,157.5,2.0473,9.98745,0.3186,0.0221496,24.88,24.88,0.0769475,-0.04925,3.1095,21.375,21.375,0.079542
313,25.32,-14.32,158,2.0634,9.98527,0.332,0.0235669,24.88,24.88,0.0873879,-0.11975,3.684,24.9375,24.9375,0.0835911
314,25.04,-13.88,158.55,2.0803,9.9852,0.3364,0.0232365,21.36,21.36,0.0787985,-0.07,3.0935,24.9375,24.9375,0.0829807
315,24.78,-13.48,159,2.0969,9.98515,0.333,0.0230563,24.88,24.88,0.0828602,-0.08175,3.438,24.9375,24.9375,0.0785413
316,24.48,-13.06,159.55,2.1137,9.98523,0.3354,0.0233867,24.88,24.88,0.0822742,-0.07625,3.3615,24.9375,24.9375,0.0896533
317,24.2,-12.64,160.05,2.1303,9.98758,0.328,0.0227202,24.88,24.88,0.0778131,-0.04875,3.108,21.375,21.375,0.0804803
318,23.9,-12.24,160.55,2.1468,9.98535,0.339,0.0238973,24.88,24.88,0.0889993,-0.12525,3.759,24.9375,24.9375,0.0819792
319,23.6,-11.84,161.05,2.164,9.98527,0.3416,0.0235669,21.36,21.36,0.0797574,-0.072,3.138,24.9375,24.9375,0.0842612
320,23.3,-11.46,161.55,2.1808,9.98513,0.3324,0.0229662,24.88,24.88,0.0812622,-0.06875,3.3335,24.9375,24.9375,0.0776911
321,22.98,-11.06,162.05,2.1974,9.98524,0.3348,0.0234467,24.88,24.88,0.083566,-0.086,3.445,24.9375,24.9375,0.0900208
322,22.66,-10.68,162.55,2.2141,9.98758,0.328,0.0227202,24.88,24.88,0.0769608,-0.043,3.041,21.375,21.375,0.0842998
323,22.34,-10.3,163.05,2.2306,9.98534,0.3388,0.0238672,24.88,24.88,0.0893721,-0.12825,3.785,24.9375,24.9375,0.0828865
324,22,-9.92,163.55,2.2479,9.9854,0.3488,0.0241075,21.36,21.36,0.083566,-0.094,3.336,24.9375,24.9375,0.0865891
325,21.66,-9.56,164.05,2.2652,9.98524,0.3416,0.0234467,24.88,24.88,0.0821544,-0.0675,3.3375,24.9375,24.9375,0.0790784
326,21.32,-9.2,164.55,2.2822,9.98535,0.3426,0.0238973,24.88,24.88,0.0858831,-0.096,3.564,24.9375,24.9375,0.0888003
327,20.96,-8.84,165.1,2.2993,9.98518,0.3352,0.0231764,24.88,24.88,0.0783458,-0.046,3.094,24.9375,24.9375,0.0854558
328,20.6,-8.5,165.6,2.316,9.98534,0.34,0.0238672,24.88,24.88,0.0881203,-0.116,3.705,24.9375,24.9375,0.0771355
329,20.24,-8.16,166.1,2.3333,9.98544,0.349,0.0242577,24.88,24.88,0.0847112,-0.08225,3.4095,24.9375,24.9375,0.0871083
330,19.86,-7.82,166.6,2.3505,9.98509,0.333,0.0227859,24.88,24.88,0.0764015,-0.03375,3.006,24.9375,24.9375,0.0758761
331,19.5,-7.5,167.05,2.3669,9.98524,0.3326,0.0234467,24.88,24.88,0.0864158,-0.1085,3.6535,24.9375,24.9375,0.0779828
332,19.1,-7.16,167.6,2.3836,9.98508,0.3274,0.0227259,24.88,24.88,0.075163,-0.032,2.9105,24.9375,24.9375,0.0881803
333,18.72,-6.84,168.1,2.3996,9.9874,0.3146,0.0219394,24.88,24.88,0.0772671,-0.05475,3.154,21.375,21.375,0.0809856
334,18.34,-6.54,168.6,2.4156,9.98528,0.3318,0.0235969,24.88,24.88,0.0875477,-0.12175,3.686,24.9375,24.9375,0.0852071
335,17.94,-6.24,169.1,2.4325,9.98524,0.3396,0.0234167,21.36,21.36,0.0802634,-0.078,3.168,24.9375,24.9375,0.0795701
336,17.54,-5.94,169.6,2.4494,9.98523,0.339,0.0233867,24.88,24.88,0.0844848,-0.08925,3.514,24.9375,24.9375,0.0788764
337,17.12,-5.64,170.1,2.4663,9.98515,0.3332,0.0230262,24.88,24.88,0.0788252,-0.05225,3.164,24.9375,24.9375,0.089483
338,16.72,-5.36,170.6,2.4827,9.98752,0.3224,0.0224499,24.88,24.88,0.078146,-0.05475,3.1665,21.375,21.375,0.0794822
339,16.3,-5.08,171.1,2.499,9.98535,0.3374,0.0238973,24.88,24.88,0.0888395,-0.126,3.738,24.9375,24.9375,0.0841175
340,15.88,-4.82,171.6,2.5161,9.98523,0.3396,0.0233867,21.36,21.36,0.0787453,-0.0665,3.0795,24.9375,24.9375,0.0805246
341,15.46,-4.54,172.15,2.5329,9.98517,0.3344,0.0231464,24.88,24.88,0.0833929,-0.084,3.468,24.9375,24.9375,0.0804441
342,15.02,-4.3,172.65,2.5496,9.98516,0.3316,0.0230863,24.88,24.88,0.079784,-0.0605,3.219,24.9375,24.9375,0.0899939
343,14.6,-4.04,173.15,2.566,9.98758,0.3266,0.0227502,24.88,24.88,0.0797174,-0.06325,3.2335,21.375,21.375,0.0797576
344,14.16,-3.8,173.65,2.5826,9.9854,0.3422,0.0241075,24.88,24.88,0.0893455,-0.12575,3.749,24.9375,24.9375,0.0829174
345,13.72,-3.56,174.15,2.5999,9.98525,0.3422,0.0234768,21.36,21.36,0.0790382,-0.06625,3.097,24.9375,24.9375,0.0861251
346,13.26,-3.34,174.65,2.6167,9.98515,0.333,0.0230262,24.88,24.88,0.0821943,-0.07525,3.4,24.9375,24.9375,0.0789111
347,12.82,-3.12,175.15,2.6335,9.98533,0.3394,0.0238072,24.88,24.88,0.0854303,-0.0965,3.53,24.9375,24.9375,0.0918688
348,12.36,-2.9,175.65,2.6504,9.98516,0.3342,0.0230863,24.88,24.88,0.078186,-0.04625,3.085,24.9375,24.9375,0.0827814
349,11.9,-2.7,176.15,2.6672,9.98544,0.3454,0.0242577,24.88,24.88,0.0912232,-0.137,3.8715,24.9375,24.9375,0.0815006
350,11.44,-2.5,176.65,2.6848,9.9854,0.35,0.0241075,24.88,24.88,0.0820479,-0.06125,3.2385,24.9375,24.9375,0.0880464
351,10.98,-2.32,177.15,2.702,9.98517,0.3368,0.0231464,24.88,24.88,0.0807694,-0.06025,3.2785,24.9375,24.9375,0.0772139
352,10.52,-2.14,177.65,2.7188,9.98538,0.3414,0.0240174,24.88,24.88,0.0873746,-0.10875,3.652,24.9375,24.9375,0.0854422
353,10.04,-1.96,178.2,2.7359,9.98515,0.334,0.0230563,24.88,24.88,0.0764947,-0.03475,2.968,24.9375,24.9375,0.0864436
354,9.58,-1.8,178.65,2.7523,9.98519,0.331,0.0232065,24.88,24.88,0.0847379,-0.0965,3.55,24.9375,24.9375,0.0813367
355,9.1,-1.64,179.2,2.7692,9.98539,0.3436,0.0240775,24.88,24.88,0.0857499,-0.096,3.506,24.9375,24.9375,0.0872246
356,8.62,-1.5,179.7,2.7864,9.98524,0.3406,0.0234167,24.88,24.88,0.0806096,-0.058,3.2135,24.9375,24.9375,0.0774806
357,8.14,-1.36,180.2,2.8034,9.98533,0.342,0.0238072,24.88,24.88,0.0865223,-0.10175,3.614,24.9375,24.9375,0.0824076
358,7.66,-1.22,180.7,2.8204,9.98764,0.333,0.0229904,24.88,24.88,0.0767611,-0.0375,3.01,21.375,21.375,0.0864121
359,7.18,-1.1,181.2,2.8367,9.98759,0.3256,0.0227802,24.88,24.88,0.0816883,-0.07775,3.382,21.375,21.375,0.0781697
360,6.7,-0.98,181.7,2.8533,9.98532,0.3376,0.0237771,21.36,21.36,0.08571,-0.1205,3.5355,24.9375,24.9375,0.0865138
361,6.2,-0.88,182.2,2.8702,9.98513,0.3334,0.0229361,21.36,21.36,0.0774402,-0.062,3.0425,24.9375,24.9375,0.0780704
362,5.72,-0.78,182.7,2.8868,9.98523,0.3348,0.0233867,24.88,24.88,0.0858165,-0.103,3.6105,24.9375,24.9375,0.0776551
363,5.22,-0.68,183.2,2.9035,9.98513,0.3312,0.0229361,24.88,24.88,0.0773337,-0.044,3.054,24.9375,24.9375,0.0917297
364,4.72,-0.6,183.7,2.9198,9.98744,0.3182,0.0221196,24.88,24.88,0.0769475,-0.04975,3.1165,21.375,21.375,0.0796686
365,4.24,-0.52,184.2,2.936,9.98539,0.3386,0.0240775,24.88,24.88,0.0911166,-0.14425,3.8705,24.9375,24.9375,0.0842042
366,3.74,-0.46,184.7,2.9532,9.98527,0.3434,0.0235669,21.36,21.36,0.0789184,-0.065,3.0625,24.9375,24.9375,0.0822118
367,3.24,-0.4,185.25,2.9701,9.98518,0.336,0.0231764,24.88,24.88,0.0834728,-0.08275,3.4765,24.9375,24.9375,0.0807475
368,2.74,-0.36,185.75,2.9869,9.98522,0.335,0.0233566,24.88,24.88,0.0815019,-0.07025,3.3155,24.9375,24.9375,0.0837019
369,2.24,-0.3,186.25,3.0036,9.98514,0.3304,0.0229962,24.88,24.88,0.0800237,-0.062,3.2275,24.9375,24.9375,0.0795461
370,1.74,-0.28,186.75,3.0201,9.9852,0.3322,0.0232665,24.88,24.88,0.0830067,-0.08375,3.4175,24.9375,24.9375,0.0950563
371,1.24,-0.24,187.25,3.0367,9.98512,0.3298,0.0229061,24.88,24.88,0.0788252,-0.05525,3.1555,24.9375,24.9375,0.0765808
372,0.74,-0.24,187.75,3.0535,9.98306,0.3514,0.0247444,24.88,24.88,0.0944592,-0.15975,4.0155,28.5,28.5,0.0360773
373,0.24,-0.22,188.25,3.0713,9.98524,0.3456,0.0234467,24.88,24.88,0.0758688,-0.0225,2.8775,24.9375,24.9375,0.0191386
