0,0,0,0,0,10,0.274,0.0191259,21.36,21.36,0.0776,-0.04325,2.5165,28.5,28.5,0.070045
1,0.48,0,0.5,0,9.9975,0.274,0.0191259,21.36,21.36,0.0776,-0.04325,2.5165,28.5,28.5,0.070045
2,0.98,0,1,0.0033,9.9832,0.274,0.0191259,21.36,21.36,0.0776,-0.04325,2.5165,28.5,28.5,0.070045
3,1.48,0.04,1.5,0.0144,9.97148,0.274,0.0191259,21.36,21.36,0.0776,-0.04325,2.5165,28.5,28.5,0.070045
4,1.98,0.08,2,0.0316,9.95089,0.274,0.0191259,21.36,21.36,0.0776,-0.04325,2.5165,28.5,28.5,0.070045
5,2.48,0.14,2.5,0.0511,9.95431,0.274,0.0191259,21.36,21.36,0.0776,-0.04325,2.5165,28.5,28.5,0.070045
6,2.98,0.18,3,0.0668,9.95763,0.274,0.0191259,21.36,21.36,0.0776,-0.04325,2.5165,28.5,28.5,0.070045
7,3.48,0.26,3.5,0.0836,9.97049,0.274,0.0191259,21.36,21.36,0.0776,-0.04325,2.5165,28.5,28.5,0.070045
8,3.96,0.34,4,0.1013,9.98086,0.3686,0.0259526,64.08,64.08,0.0838057,0.0935,3.9095,32.0625,32.0625,0.0786131
9,4.46,0.42,4.5,0.1197,9.99055,0.3612,0.0247259,46.24,46.24,0.0834328,0.10425,3.2995,17.8125,17.8125,0.0690931
10,4.94,0.52,5,0.1373,9.99785,0.274,0.0191259,21.36,21.36,0.0776,-0.04325,2.5165,28.5,28.5,0.070045
11,5.44,0.62,5.5,0.1541,10.0026,0.274,0.0191259,21.36,21.36,0.0776,-0.04325,2.5165,28.5,28.5,0.070045
12,5.92,0.74,6,0.1698,10.0021,0.274,0.0191259,21.36,21.36,0.0776,-0.04325,2.5165,28.5,28.5,0.070045
13,6.42,0.84,6.5,0.1845,9.99724,0.274,0.0191259,21.36,21.36,0.0776,-0.04325,2.5165,28.5,28.5,0.070045
14,6.9,0.98,7,0.1991,9.99203,0.274,0.0191259,21.36,21.36,0.0776,-0.04325,2.5165,28.5,28.5,0.070045
15,7.38,1.1,7.5,0.2131,9.98681,0.2718,0.0190563,7.12,7.12,0.0732854,-0.13275,2.655,21.375,21.375,0.0782259
16,7.86,1.24,8,0.2269,9.98455,0.2824,0.0202627,14.24,14.24,0.063058,-0.12475,3.004,24.9375,24.9375,0.0721692
17,8.34,1.38,8.5,0.2409,9.98183,0.274,0.0191259,21.36,21.36,0.0776,-0.04325,2.5165,28.5,28.5,0.070045
18,8.82,1.52,9,0.2549,9.98215,0.2912,0.0207786,24.88,24.88,0.0715009,-0.09075,3.2835,28.5,28.5,0.0848409
19,9.3,1.68,9.5,0.2697,9.98216,0.2984,0.0208086,28.48,28.48,0.0693436,-0.022,2.8295,28.5,28.5,0.0723573
20,9.76,1.84,10,0.2844,9.98451,0.2892,0.0200524,28.48,28.48,0.0841519,-0.015,2.907,24.9375,24.9375,0.0777638
21,10.24,2.02,10.55,0.2994,9.98252,0.3152,0.0224912,28.48,28.48,0.0716873,-0.074,3.508,28.5,28.5,0.0828689
22,10.7,2.2,11,0.3152,9.98479,0.3116,0.0214042,24.88,24.88,0.0770807,-0.01875,2.807,24.9375,24.9375,0.0721896
23,11.16,2.38,11.5,0.3306,9.98731,0.308,0.0214889,28.48,28.48,0.0821677,-0.06225,3.2635,21.375,21.375,0.0803556
24,11.62,2.58,12.05,0.3464,9.98761,0.3234,0.0228403,24.88,24.88,0.071461,-0.06375,3.335,21.375,21.375,0.0736668
25,12.08,2.78,12.55,0.3624,9.98978,0.3108,0.0213635,21.36,21.36,0.0796641,-0.037,2.8315,17.8125,17.8125,0.0745065
26,12.54,2.98,13.05,0.3778,9.98742,0.3122,0.0219995,21.36,21.36,0.0729524,-0.0895,3.3095,21.375,21.375,0.0879489
27,13,3.2,13.55,0.3934,9.98731,0.3072,0.0214889,17.76,17.76,0.0737781,-0.06575,2.892,21.375,21.375,0.077973
28,13.44,3.42,14.05,0.4086,9.98722,0.301,0.0210985,21.36,21.36,0.0872548,-0.083,3.0945,21.375,21.375,0.0854266
29,13.88,3.64,14.55,0.4242,9.98524,0.3298,0.0234167,21.36,21.36,0.0773071,-0.1285,3.6135,24.9375,24.9375,0.0833782
30,14.32,3.88,15.05,0.4409,9.98505,0.3308,0.0226057,21.36,21.36,0.0846979,-0.07025,3.085,24.9375,24.9375,0.0794415
31,14.76,4.12,15.55,0.4575,9.9827,0.3354,0.0232724,24.88,24.88,0.0826604,-0.10325,3.555,28.5,28.5,0.0925114
32,15.2,4.38,16.05,0.4744,9.98277,0.339,0.0235427,24.88,24.88,0.0787186,-0.0705,3.3315,28.5,28.5,0.0777079
33,15.62,4.64,16.55,0.4911,9.98259,0.3294,0.0227616,28.48,28.48,0.0918091,-0.05225,3.2535,28.5,28.5,0.0823597
34,16.04,4.9,17.05,0.508,9.98305,0.3506,0.0247144,28.48,28.48,0.0770274,-0.09325,3.765,28.5,28.5,0.082682
35,16.46,5.18,17.55,0.5254,9.98516,0.3384,0.0230863,28.48,28.48,0.0816484,-0.016,2.9985,24.9375,24.9375,0.0763874
36,16.88,5.46,18.1,0.542,9.98761,0.3284,0.0228703,28.48,28.48,0.0819546,-0.056,3.399,21.375,21.375,0.0911511
37,17.28,5.74,18.55,0.5585,9.98772,0.3314,0.0233208,24.88,24.88,0.0756558,-0.05875,3.2915,21.375,21.375,0.0796066
38,17.7,6.04,19.1,0.5748,9.98996,0.3204,0.0222041,21.36,21.36,0.0904508,-0.05925,3.087,17.8125,17.8125,0.0824447
39,18.1,6.34,19.6,0.5912,9.98543,0.3426,0.0242277,21.36,21.36,0.078945,-0.13725,3.7495,24.9375,24.9375,0.0888377
40,18.48,6.64,20.1,0.6085,9.9852,0.3396,0.0232365,17.76,17.76,0.0817016,-0.07925,3.1025,24.9375,24.9375,0.0773317
41,18.88,6.96,20.6,0.6252,9.98513,0.332,0.0229662,24.88,24.88,0.0881203,-0.0985,3.4305,24.9375,24.9375,0.0881143
42,19.26,7.28,21.1,0.6421,9.98295,0.3464,0.0243239,24.88,24.88,0.0766013,-0.09425,3.581,28.5,28.5,0.0858793
43,19.64,7.6,21.6,0.6592,9.98509,0.3328,0.0227859,24.88,24.88,0.0874012,-0.0415,3.053,24.9375,24.9375,0.0811654
44,20,7.94,22.1,0.6759,9.98284,0.3392,0.0238432,28.48,28.48,0.0851773,-0.0995,3.679,28.5,28.5,0.085485
45,20.38,8.28,22.6,0.6931,9.98543,0.348,0.0242277,24.88,24.88,0.0804232,-0.07,3.4015,24.9375,24.9375,0.0777887
46,20.74,8.62,23.1,0.7103,9.9852,0.3382,0.0232365,28.48,28.48,0.0847778,-0.05025,3.255,24.9375,24.9375,0.0841495
47,21.1,8.98,23.6,0.7272,9.9853,0.339,0.023687,24.88,24.88,0.0770674,-0.071,3.464,24.9375,24.9375,0.084914
48,21.44,9.34,24.1,0.7439,9.98757,0.3274,0.0226901,24.88,24.88,0.0834195,-0.04775,3.085,21.375,21.375,0.0755076
49,21.78,9.7,24.6,0.7602,9.98769,0.33,0.0232006,24.88,24.88,0.0842052,-0.09025,3.4695,21.375,21.375,0.0841325
50,22.12,10.08,25.15,0.777,9.98781,0.34,0.0237412,21.36,21.36,0.0747769,-0.08375,3.362,21.375,21.375,0.074869
51,22.46,10.44,25.65,0.7937,9.98746,0.3234,0.0221796,21.36,21.36,0.0834328,-0.05575,2.9935,21.375,21.375,0.0796877
52,22.78,10.82,26.15,0.8098,9.98514,0.3262,0.0229962,21.36,21.36,0.074151,-0.09975,3.443,24.9375,24.9375,0.0907503
53,23.1,11.22,26.65,0.826,9.98742,0.317,0.0220295,21.36,21.36,0.078985,-0.056,2.9315,21.375,21.375,0.0779176
54,23.42,11.6,27.15,0.8417,9.98495,0.3154,0.0221552,24.88,24.88,0.0900513,-0.0885,3.345,24.9375,24.9375,0.0880944
55,23.72,12,27.65,0.8581,9.98295,0.3446,0.0243239,21.36,21.36,0.0772272,-0.1205,3.672,28.5,28.5,0.0823375
56,24.02,12.4,28.15,0.8754,9.98511,0.3368,0.022876,24.88,24.88,0.0873879,-0.0525,3.072,24.9375,24.9375,0.0783186
57,24.3,12.8,28.65,0.8922,9.98283,0.3416,0.0238131,28.48,28.48,0.0816217,-0.09275,3.668,28.5,28.5,0.0892134
58,24.6,13.22,29.15,0.9093,9.98528,0.3406,0.0235969,24.88,24.88,0.0775734,-0.0505,3.2375,24.9375,24.9375,0.0779876
59,24.88,13.62,29.65,0.926,9.98504,0.3258,0.0225456,28.48,28.48,0.0885199,-0.04425,3.185,24.9375,24.9375,0.084882
60,25.14,14.04,30.15,0.9425,9.9854,0.3408,0.0241075,24.88,24.88,0.0772937,-0.0935,3.642,24.9375,24.9375,0.0846056
61,25.4,14.48,30.65,0.9595,9.98763,0.3332,0.0229304,24.88,24.88,0.0841652,-0.045,3.0525,21.375,21.375,0.07555
62,25.66,14.9,31.15,0.9761,9.98771,0.3338,0.0232907,24.88,24.88,0.0839122,-0.09175,3.516,21.375,21.375,0.0892254
63,25.92,15.34,31.7,0.993,9.98532,0.3406,0.0237471,21.36,21.36,0.0748301,-0.081,3.3505,24.9375,24.9375,0.0812765
64,26.16,15.78,32.2,1.0097,9.98746,0.323,0.0221796,21.36,21.36,0.0885332,-0.05775,3.028,21.375,21.375,0.0824814
65,26.4,16.22,32.7,1.026,9.98534,0.3374,0.0238672,24.88,24.88,0.0806096,-0.1225,3.7035,24.9375,24.9375,0.0867316
66,26.62,16.66,33.2,1.043,9.98524,0.3394,0.0234467,21.36,21.36,0.0817549,-0.0705,3.1895,24.9375,24.9375,0.0785912
67,26.84,17.1,33.7,1.0599,9.98517,0.3342,0.0231163,24.88,24.88,0.086003,-0.08575,3.3875,24.9375,24.9375,0.0899057
68,27.06,17.56,34.2,1.0767,9.98287,0.3424,0.0239633,24.88,24.88,0.0778797,-0.087,3.5035,28.5,28.5,0.0846118
69,27.26,18.02,34.7,1.0937,9.98511,0.332,0.022876,24.88,24.88,0.0892123,-0.05275,3.1495,24.9375,24.9375,0.0803163
70,27.46,18.48,35.2,1.1105,9.98293,0.3448,0.0242337,28.48,28.48,0.0839255,-0.105,3.724,28.5,28.5,0.0916994
71,27.64,18.94,35.7,1.1279,9.9854,0.3488,0.0241075,24.88,24.88,0.0795709,-0.05975,3.3245,24.9375,24.9375,0.0749306
72,27.82,19.4,36.2,1.145,9.98515,0.335,0.0230262,28.48,28.48,0.0909835,-0.0515,3.28,24.9375,24.9375,0.079749
73,28,19.88,36.7,1.162,9.98555,0.3506,0.0247082,24.88,24.88,0.0742042,-0.09225,3.711,24.9375,24.9375,0.0851164
74,28.16,20.34,37.2,1.1793,9.98755,0.3312,0.0226001,24.88,24.88,0.0790516,-0.02175,2.8505,21.375,21.375,0.0762457
75,28.32,20.82,37.7,1.1954,9.98747,0.3174,0.0222397,24.88,24.88,0.0844183,-0.0705,3.3205,21.375,21.375,0.0852948
76,28.48,21.3,38.25,1.2115,9.98776,0.3312,0.0235009,21.36,21.36,0.0755359,-0.0945,3.419,21.375,21.375,0.0813181
77,28.62,21.78,38.75,1.228,9.98748,0.3236,0.0222998,21.36,21.36,0.0845781,-0.0625,3.012,21.375,21.375,0.0824604
78,28.76,22.26,39.25,1.2443,9.98518,0.3308,0.0231764,21.36,21.36,0.0806096,-0.114,3.5325,24.9375,24.9375,0.0922464
79,28.88,22.74,39.75,1.2609,9.98517,0.3336,0.0231464,21.36,21.36,0.0817416,-0.08575,3.246,24.9375,24.9375,0.0792381
80,29,23.22,40.25,1.2776,9.98516,0.333,0.0230863,24.88,24.88,0.0915428,-0.0925,3.419,24.9375,24.9375,0.0859493
81,29.12,23.72,40.75,1.2947,9.98308,0.3548,0.0248346,24.88,24.88,0.0785455,-0.11125,3.739,28.5,28.5,0.0830432
82,29.22,24.2,41.25,1.3123,9.98522,0.3426,0.0233266,24.88,24.88,0.0852306,-0.0445,3.1065,24.9375,24.9375,0.080697
83,29.3,24.7,41.75,1.3292,9.98279,0.3388,0.0236329,28.48,28.48,0.0823275,-0.08,3.552,28.5,28.5,0.0903892
84,29.38,25.18,42.25,1.3462,9.98529,0.3386,0.023657,24.88,24.88,0.0799704,-0.0595,3.299,24.9375,24.9375,0.0746384
85,29.46,25.68,42.75,1.363,9.98515,0.3314,0.0230262,28.48,28.48,0.0897051,-0.05775,3.2855,24.9375,24.9375,0.081285
86,29.54,26.18,43.25,1.3799,9.98549,0.348,0.0244679,24.88,24.88,0.0739113,-0.087,3.6405,24.9375,24.9375,0.0833834
87,29.6,26.68,43.75,1.397,9.98751,0.329,0.0224199,24.88,24.88,0.0806096,-0.02325,2.8685,21.375,21.375,0.0799675
88,29.64,27.16,44.25,1.4131,9.98752,0.32,0.0224499,24.88,24.88,0.0826871,-0.078,3.3875,21.375,21.375,0.09156
89,29.7,27.66,44.75,1.4293,9.98772,0.3302,0.0233208,21.36,21.36,0.0792513,-0.0905,3.354,21.375,21.375,0.0827069
90,29.72,28.16,45.25,1.4458,9.9876,0.3294,0.0228103,21.36,21.36,0.0908769,-0.0875,3.251,21.375,21.375,0.0802265
91,29.76,28.66,45.75,1.4627,9.9855,0.3504,0.024498,21.36,21.36,0.0820212,-0.1385,3.767,24.9375,24.9375,0.087724
92,29.76,29.16,46.3,1.4803,9.98283,0.3484,0.0238131,21.36,21.36,0.0794777,-0.077,3.2365,28.5,28.5,0.0709157
93,29.78,29.66,46.8,1.4974,9.98511,0.3322,0.022846,24.88,24.88,0.087015,-0.0705,3.2835,24.9375,24.9375,0.0984365
94,29.78,30.16,47.3,1.5141,9.98288,0.3406,0.0240234,28.48,28.48,0.0701959,-0.069,3.512,28.5,28.5,0.0882783
95,29.78,30.66,47.8,1.5307,9.98735,0.3162,0.0216991,24.88,24.88,0.0978283,0.002,2.8185,21.375,21.375,0.0850354
96,29.76,31.16,48.3,1.547,9.98313,0.3502,0.0250449,28.48,28.48,0.0877075,-0.164,4.1595,28.5,28.5,0.0892011
97,29.74,31.66,48.8,1.5651,9.98315,0.3668,0.025135,21.36,21.36,0.0842984,-0.08325,3.422,28.5,28.5,0.077883
98,29.7,32.16,49.3,1.5832,9.98288,0.3544,0.0240234,28.48,28.48,0.0884666,-0.07375,3.466,28.5,28.5,0.0828206
99,29.66,32.66,49.8,1.6009,9.98303,0.3542,0.0246543,28.48,28.48,0.0771473,-0.06775,3.606,28.5,28.5,0.0821201
100,29.6,33.16,50.3,1.6182,9.98516,0.3346,0.0230863,28.48,28.48,0.0821278,-0.01825,3.0325,24.9375,24.9375,0.0726687
101,29.54,33.66,50.8,1.6346,9.98766,0.3278,0.0230805,28.48,28.48,0.0813953,-0.05825,3.3905,21.375,21.375,0.0832557
102,29.48,34.16,51.35,1.6511,9.9877,0.3308,0.0232607,24.88,24.88,0.071927,-0.05,3.221,21.375,21.375,0.0760546
103,29.4,34.64,51.8,1.6672,9.98982,0.3118,0.0215436,21.36,21.36,0.0825805,-0.03775,2.866,17.8125,17.8125,0.0765753
104,29.32,35.14,52.35,1.6828,9.99005,0.3186,0.0225944,21.36,21.36,0.0753362,-0.10425,3.4305,17.8125,17.8125,0.0893681
105,29.24,35.64,52.85,1.6988,9.98994,0.3174,0.022084,17.76,17.76,0.0758422,-0.07275,2.9725,17.8125,17.8125,0.0799441
106,29.14,36.12,53.35,1.7145,9.98734,0.3108,0.0216391,17.76,17.76,0.0886663,-0.09975,3.1815,21.375,21.375,0.0873758
107,29.04,36.62,53.85,1.7306,9.98534,0.3372,0.0238372,17.76,17.76,0.079278,-0.15325,3.6755,24.9375,24.9375,0.0854434
108,28.92,37.1,54.35,1.7476,9.98266,0.3378,0.0230921,21.36,21.36,0.0866688,-0.0865,3.1725,28.5,28.5,0.0795257
109,28.8,37.58,54.85,1.7646,9.98032,0.3432,0.023789,24.88,24.88,0.0847379,-0.111,3.6335,32.0625,32.0625,0.0925704
110,28.66,38.06,55.35,1.7819,9.9804,0.3472,0.0240896,28.48,28.48,0.0787985,-0.0645,3.403,32.0625,32.0625,0.0761742
111,28.52,38.54,55.85,1.799,9.98264,0.3336,0.023002,32,32,0.0918757,-0.028,3.2335,28.5,28.5,0.0810202
112,28.38,39.02,56.35,1.8159,9.98307,0.3512,0.0248045,32,32,0.0754826,-0.06925,3.758,28.5,28.5,0.0827408
113,28.22,39.5,56.85,1.8333,9.98762,0.3348,0.0229004,28.48,28.48,0.08033,0.001,2.91,21.375,21.375,0.0777445
114,28.06,39.96,57.35,1.8496,9.98754,0.3226,0.02257,28.48,28.48,0.0820479,-0.052,3.348,21.375,21.375,0.0906283
115,27.88,40.44,57.85,1.8659,9.99019,0.3286,0.0232249,21.36,21.36,0.0770274,-0.07475,3.314,17.8125,17.8125,0.0804578
116,27.7,40.9,58.35,1.8822,9.99001,0.3232,0.0224143,21.36,21.36,0.0899448,-0.076,3.1425,17.8125,17.8125,0.0813967
117,27.52,41.38,58.9,1.8988,9.98792,0.3442,0.0241916,17.76,17.76,0.079784,-0.14475,3.727,21.375,21.375,0.0866479
118,27.32,41.84,59.4,1.9161,9.98522,0.3414,0.0233266,17.76,17.76,0.0806629,-0.09125,3.1475,24.9375,24.9375,0.0789653
119,27.12,42.28,59.9,1.9328,9.98511,0.331,0.022846,21.36,21.36,0.0859231,-0.1,3.3565,24.9375,24.9375,0.0892888
120,26.92,42.74,60.4,1.9495,9.98284,0.3398,0.0238732,24.88,24.88,0.0782526,-0.09875,3.5105,28.5,28.5,0.0842071
121,26.7,43.2,60.9,1.9664,9.98263,0.3322,0.0229419,24.88,24.88,0.0885731,-0.05525,3.1575,28.5,28.5,0.0821697
122,26.48,43.64,61.4,1.9832,9.98291,0.344,0.0241436,28.48,28.48,0.083526,-0.10075,3.691,28.5,28.5,0.0940551
123,26.24,44.08,61.9,2.0006,9.98287,0.3472,0.0239934,28.48,28.48,0.0814353,-0.05075,3.3285,28.5,28.5,0.0774174
124,26,44.52,62.4,2.0177,9.98522,0.338,0.0233266,28.48,28.48,0.0933539,-0.055,3.3865,24.9375,24.9375,0.0832655
125,25.76,44.96,62.9,2.035,9.98318,0.3586,0.0252251,28.48,28.48,0.0767344,-0.09325,3.801,28.5,28.5,0.0881784
126,25.5,45.38,63.4,2.0527,9.98769,0.3412,0.0232006,24.88,24.88,0.0825406,-0.022,2.9725,21.375,21.375,0.07713
127,25.24,45.8,63.9,2.0694,9.98765,0.3302,0.0230505,28.48,28.48,0.0874811,-0.075,3.483,21.375,21.375,0.084297
128,24.96,46.24,64.45,2.0862,9.98796,0.3446,0.0243417,21.36,21.36,0.0764148,-0.09125,3.5235,21.375,21.375,0.0786782
129,24.68,46.64,64.9,2.1032,9.98758,0.3316,0.0227202,21.36,21.36,0.0835926,-0.05875,3.015,21.375,21.375,0.0781361
130,24.4,47.06,65.45,2.1197,9.98767,0.3306,0.0231406,21.36,21.36,0.0779596,-0.10225,3.463,21.375,21.375,0.0868157
131,24.12,47.46,65.9,2.1362,9.98758,0.326,0.0227202,21.36,21.36,0.0774136,-0.07025,3.1005,21.375,21.375,0.0771891
132,23.82,47.88,66.45,2.1523,9.98746,0.3184,0.0221796,21.36,21.36,0.0861361,-0.081,3.1955,21.375,21.375,0.0880166
133,23.52,48.26,66.95,2.1685,9.98529,0.3346,0.023627,21.36,21.36,0.0764814,-0.1135,3.5285,24.9375,24.9375,0.0813936
134,23.2,48.66,67.45,2.1852,9.98504,0.328,0.0225456,21.36,21.36,0.0873213,-0.06675,3.0715,24.9375,24.9375,0.0793645
135,22.88,49.04,67.95,2.2017,9.98281,0.3388,0.023723,24.88,24.88,0.0807029,-0.11375,3.644,28.5,28.5,0.0887458
136,22.56,49.42,68.45,2.2188,9.98273,0.3384,0.0233925,24.88,24.88,0.0786387,-0.058,3.202,28.5,28.5,0.0745168
137,22.24,49.8,68.95,2.2354,9.98505,0.3268,0.0226057,28.48,28.48,0.0880271,-0.0515,3.251,24.9375,24.9375,0.0834151
138,21.9,50.18,69.45,2.252,9.9829,0.3414,0.0241136,28.48,28.48,0.0738047,-0.07275,3.586,28.5,28.5,0.0838444
139,21.56,50.54,69.95,2.2688,9.98748,0.3254,0.0222998,24.88,24.88,0.082727,-0.01875,2.8885,21.375,21.375,0.0803808
140,21.22,50.9,70.45,2.2849,9.9876,0.3242,0.0228103,28.48,28.48,0.0831532,-0.07925,3.483,21.375,21.375,0.0954438
141,20.86,51.26,70.95,2.3014,9.98776,0.335,0.0235009,21.36,21.36,0.0796775,-0.08025,3.355,21.375,21.375,0.0826375
142,20.5,51.6,71.45,2.3181,9.98762,0.3318,0.0229004,21.36,21.36,0.0947388,-0.08975,3.301,21.375,21.375,0.0835573
143,20.14,51.94,71.95,2.3353,9.98317,0.3594,0.0251951,21.36,21.36,0.0819813,-0.15375,3.9195,28.5,28.5,0.0871623
144,19.76,52.28,72.5,2.3533,9.98289,0.3544,0.0240535,21.36,21.36,0.0828069,-0.074,3.216,28.5,28.5,0.0764951
145,19.38,52.6,73,2.3707,9.98275,0.3404,0.0234526,28.48,28.48,0.0864557,-0.0745,3.442,28.5,28.5,0.0852445
146,19,52.92,73.5,2.3877,9.98293,0.3448,0.0242337,28.48,28.48,0.0757623,-0.06225,3.4925,28.5,28.5,0.0826574
147,18.62,53.24,74,2.4047,9.98506,0.328,0.0226358,28.48,28.48,0.0845514,-0.01775,3.0005,24.9375,24.9375,0.08013
148,18.22,53.56,74.5,2.421,9.98522,0.3306,0.0233266,28.48,28.48,0.0819413,-0.074,3.5225,24.9375,24.9375,0.089001
149,17.82,53.86,75,2.4377,9.98775,0.336,0.0234709,24.88,24.88,0.0793845,-0.06,3.273,21.375,21.375,0.079894
150,17.42,54.16,75.5,2.4544,9.9876,0.3298,0.0228103,24.88,24.88,0.0883068,-0.066,3.261,21.375,21.375,0.0898349
151,17.02,54.44,76,2.4711,9.98791,0.3442,0.0241315,21.36,21.36,0.079198,-0.11275,3.6355,21.375,21.375,0.0870273
152,16.6,54.72,76.5,2.4883,9.98769,0.338,0.0232006,21.36,21.36,0.0891324,-0.0765,3.1895,21.375,21.375,0.0771035
153,16.18,55,77,2.5053,9.98545,0.348,0.0242877,21.36,21.36,0.0863226,-0.135,3.735,24.9375,24.9375,0.0867814
154,15.76,55.26,77.5,2.523,9.983,0.3546,0.0245041,21.36,21.36,0.0763616,-0.09325,3.4185,28.5,28.5,0.0742528
155,15.34,55.52,78,2.5402,9.98506,0.332,0.0226658,24.88,24.88,0.0860696,-0.04675,3.0685,24.9375,24.9375,0.0766511
156,14.9,55.78,78.55,2.5568,9.98279,0.3348,0.0236629,28.48,28.48,0.0735384,-0.07525,3.535,28.5,28.5,0.0881447
157,14.46,56.02,79.05,2.5732,9.98746,0.32,0.0221796,24.88,24.88,0.0759621,-0.0175,2.843,21.375,21.375,0.0760828
158,14.02,56.26,79.55,2.5889,9.98734,0.308,0.0216391,28.48,28.48,0.0874412,-0.04975,3.186,21.375,21.375,0.0846833
159,13.58,56.5,80.05,2.6048,9.98781,0.333,0.0237412,21.36,21.36,0.0754161,-0.10225,3.576,21.375,21.375,0.0822827
160,13.14,56.72,80.55,2.6215,9.9875,0.3272,0.0223898,21.36,21.36,0.0839522,-0.0585,2.9745,21.375,21.375,0.0790505
161,12.68,56.94,81.05,2.6378,9.98515,0.3304,0.0230262,21.36,21.36,0.0815685,-0.1115,3.528,24.9375,24.9375,0.0923335
162,12.24,57.16,81.55,2.6545,9.98521,0.3346,0.0232966,21.36,21.36,0.0783191,-0.087,3.2795,24.9375,24.9375,0.0821093
163,11.78,57.36,82.05,2.671,9.98504,0.3268,0.0225757,24.88,24.88,0.0916493,-0.07225,3.244,24.9375,24.9375,0.087613
164,11.32,57.54,82.55,2.6878,9.98303,0.3496,0.0246243,24.88,24.88,0.0814486,-0.123,3.797,28.5,28.5,0.0836044
165,10.86,57.74,83.05,2.7054,9.98282,0.3476,0.0237831,24.88,24.88,0.0868686,-0.06175,3.24,28.5,28.5,0.0797914
166,10.38,57.92,83.55,2.7227,9.98289,0.3476,0.0240835,28.48,28.48,0.0828735,-0.08375,3.598,28.5,28.5,0.0918139
167,9.92,58.08,84.05,2.74,9.98534,0.344,0.0238372,28.48,28.48,0.0790649,-0.04575,3.3135,24.9375,24.9375,0.0791402
168,9.44,58.24,84.55,2.7569,9.98763,0.3308,0.0229304,28.48,28.48,0.0911033,-0.04225,3.252,21.375,21.375,0.0812728
169,8.96,58.4,85.1,2.7738,9.98554,0.3494,0.0246782,24.88,24.88,0.078439,-0.10275,3.7345,24.9375,24.9375,0.0833846
170,8.48,58.54,85.6,2.7912,9.98771,0.3404,0.0232907,21.36,21.36,0.0805297,-0.053,3.056,21.375,21.375,0.0762253
171,8,58.68,86.1,2.8078,9.98759,0.3284,0.0227802,24.88,24.88,0.0826738,-0.07825,3.334,21.375,21.375,0.0898101
172,7.52,58.82,86.6,2.8243,9.98772,0.3318,0.0233508,21.36,21.36,0.075496,-0.0825,3.3385,21.375,21.375,0.0828922
173,7.04,58.94,87.1,2.8407,9.98747,0.3208,0.0222397,21.36,21.36,0.0891191,-0.06575,3.064,21.375,21.375,0.082147
174,6.56,59.06,87.6,2.8571,9.98537,0.3396,0.0239874,21.36,21.36,0.082221,-0.1375,3.722,24.9375,24.9375,0.0938812
175,6.06,59.16,88.1,2.8743,9.98281,0.3444,0.023723,21.36,21.36,0.0814086,-0.085,3.2605,28.5,28.5,0.0779013
176,5.58,59.26,88.6,2.8913,9.98268,0.3364,0.0231522,24.88,24.88,0.0931941,-0.08625,3.4105,28.5,28.5,0.0855313
177,5.08,59.34,89.1,2.9086,9.98065,0.358,0.0251413,28.48,28.48,0.0772138,-0.10425,3.8035,32.0625,32.0625,0.0851085
178,4.58,59.42,89.6,2.9263,9.9827,0.342,0.0232423,28.48,28.48,0.0848178,-0.015,3.0135,28.5,28.5,0.0761132
179,4.1,59.5,90.1,2.9431,9.98525,0.3358,0.0234768,32,32,0.0843916,-0.0625,3.5595,24.9375,24.9375,0.0852468
180,3.6,59.56,90.6,2.96,9.98537,0.3418,0.0239874,28.48,28.48,0.0753894,-0.043,3.359,24.9375,24.9375,0.07756
181,3.1,59.62,91.1,2.9768,9.99,0.3248,0.0223842,24.88,24.88,0.0845514,-0.0295,3.009,17.8125,17.8125,0.0821718
182,2.6,59.66,91.65,2.993,9.9877,0.3296,0.0232607,24.88,24.88,0.0768543,-0.08825,3.4965,21.375,21.375,0.0868886
183,2.1,59.7,92.15,3.0094,9.99004,0.325,0.0225644,17.76,17.76,0.0814486,-0.07025,3.0575,17.8125,17.8125,0.0770362
184,1.6,59.74,92.65,3.0257,9.98759,0.3258,0.0227802,21.36,21.36,0.0861894,-0.11275,3.402,21.375,21.375,0.0874632
185,1.1,59.76,93.15,3.0423,9.98535,0.3414,0.0238973,17.76,17.76,0.0763083,-0.11775,3.491,24.9375,24.9375,0.080852
186,0.6,59.76,93.65,3.0592,9.98503,0.3294,0.0225156,21.36,21.36,0.0867487,-0.07175,3.0695,24.9375,24.9375,0.0765641
187,0.1,59.78,94.15,3.0757,9.98279,0.3372,0.0236629,24.88,24.88,0.0801702,-0.11025,3.622,28.5,28.5,0.0916842
188,-0.4,59.78,94.65,3.0927,9.9827,0.336,0.0232724,24.88,24.88,0.0758422,-0.053,3.1585,28.5,28.5,0.0780897
189,-0.9,59.76,95.15,3.1091,9.98494,0.3196,0.0220951,28.48,28.48,0.0909835,-0.039,3.1415,24.9375,24.9375,0.0837647
190,-1.4,59.74,95.65,3.1255,9.98547,0.343,0.0243778,28.48,28.48,0.0774269,-0.09675,3.756,24.9375,24.9375,0.082334
191,-1.9,59.72,96.15,-3.1405,9.98515,0.3368,0.0230563,24.88,24.88,0.0830466,-0.033,3.024,24.9375,24.9375,0.0783266
192,-2.4,59.68,96.65,-3.1239,9.98766,0.3322,0.0230805,24.88,24.88,0.0816084,-0.0825,3.4605,21.375,21.375,0.0923458
193,-2.88,59.64,97.15,-3.1072,9.98772,0.3334,0.0233208,24.88,24.88,0.0776,-0.067,3.284,21.375,21.375,0.0796427
194,-3.38,59.58,97.65,-3.0908,9.98753,0.3246,0.02251,21.36,21.36,0.0916493,-0.07,3.1975,21.375,21.375,0.0811365
195,-3.88,59.52,98.15,-3.0741,9.98552,0.3484,0.0245881,21.36,21.36,0.0789717,-0.13875,3.7785,24.9375,24.9375,0.0854755
196,-4.38,59.46,98.7,-3.0566,9.98522,0.3422,0.0233566,21.36,21.36,0.0803966,-0.06425,3.0845,24.9375,24.9375,0.0784153
197,-4.88,59.38,99.2,-3.0399,9.98509,0.3292,0.0227859,24.88,24.88,0.0847512,-0.0785,3.3455,24.9375,24.9375,0.0903113
198,-5.36,59.28,99.7,-3.0233,9.9828,0.3362,0.023693,24.88,24.88,0.0776932,-0.08425,3.4535,28.5,28.5,0.082285
199,-5.86,59.2,100.2,-3.0066,9.98509,0.3288,0.0227559,24.88,24.88,0.0896118,-0.055,3.145,24.9375,24.9375,0.0826462
200,-6.34,59.1,100.7,-2.9899,9.98294,0.345,0.0242638,28.48,28.48,0.0815818,-0.10375,3.7215,28.5,28.5,0.0874651
201,-6.84,58.98,101.2,-2.9725,9.9853,0.3446,0.023687,24.88,24.88,0.0819147,-0.052,3.2355,24.9375,24.9375,0.078265
202,-7.32,58.86,101.7,-2.9555,9.9852,0.3362,0.0232365,28.48,28.48,0.0867487,-0.06475,3.3905,24.9375,24.9375,0.0862498
203,-7.8,58.74,102.2,-2.9386,9.98541,0.3444,0.0241376,24.88,24.88,0.0775334,-0.079,3.527,24.9375,24.9375,0.0848366
204,-8.28,58.6,102.7,-2.9215,9.98762,0.3324,0.0229004,24.88,24.88,0.0855236,-0.04725,3.098,21.375,21.375,0.0774729
205,-8.76,58.46,103.2,-2.9049,9.98778,0.3362,0.023591,24.88,24.88,0.0841253,-0.0985,3.5695,21.375,21.375,0.0880624
206,-9.24,58.3,103.7,-2.8879,9.98535,0.3432,0.0238973,21.36,21.36,0.0767477,-0.0825,3.3505,24.9375,24.9375,0.075922
207,-9.72,58.14,104.25,-2.8711,9.98754,0.328,0.02254,21.36,21.36,0.0873347,-0.06625,3.1125,21.375,21.375,0.0789496
208,-10.18,57.98,104.7,-2.8545,9.98534,0.3382,0.0238372,24.88,24.88,0.0751897,-0.104,3.596,24.9375,24.9375,0.0886483
209,-10.66,57.8,105.25,-2.8378,9.98502,0.3266,0.0224856,21.36,21.36,0.0782392,-0.044,2.932,24.9375,24.9375,0.0781601
210,-11.12,57.62,105.75,-2.8218,9.98744,0.3166,0.0221196,24.88,24.88,0.0879472,-0.0785,3.291,21.375,21.375,0.0863816
211,-11.58,57.44,106.25,-2.8055,9.98537,0.3386,0.0239874,24.88,24.88,0.0774802,-0.10325,3.5985,24.9375,24.9375,0.083199
212,-12.04,57.24,106.75,-2.7885,9.98511,0.3332,0.022846,21.36,21.36,0.0856434,-0.05875,3.0805,24.9375,24.9375,0.0797809
213,-12.5,57.02,107.25,-2.7719,9.98526,0.3374,0.0235068,24.88,24.88,0.0825006,-0.10625,3.584,24.9375,24.9375,0.0901772
214,-12.94,56.82,107.75,-2.7549,9.98528,0.34,0.0235969,24.88,24.88,0.0790382,-0.0685,3.3055,24.9375,24.9375,0.0780811
215,-13.4,56.6,108.25,-2.7381,9.9851,0.3302,0.022816,24.88,24.88,0.0894787,-0.063,3.2515,24.9375,24.9375,0.0857134
216,-13.84,56.36,108.75,-2.7213,9.98296,0.346,0.0243539,24.88,24.88,0.077387,-0.10425,3.673,28.5,28.5,0.0817101
217,-14.28,56.12,109.25,-2.7041,9.98515,0.3356,0.0230262,24.88,24.88,0.0849909,-0.0435,3.06,24.9375,24.9375,0.0764749
218,-14.72,55.88,109.75,-2.6875,9.98525,0.3358,0.0234768,28.48,28.48,0.0810091,-0.08025,3.533,24.9375,24.9375,0.0903922
219,-15.16,55.64,110.25,-2.6706,9.98522,0.3352,0.0233566,24.88,24.88,0.0757357,-0.04925,3.215,24.9375,24.9375,0.080751
220,-15.58,55.38,110.75,-2.6542,9.98746,0.3202,0.0221796,24.88,24.88,0.0897051,-0.04825,3.109,21.375,21.375,0.0841425
221,-16,55.12,111.25,-2.6378,9.98541,0.3404,0.0241376,24.88,24.88,0.0800903,-0.11675,3.725,24.9375,24.9375,0.0861878
222,-16.42,54.84,111.75,-2.6207,9.98524,0.3406,0.0234167,21.36,21.36,0.0834062,-0.0675,3.164,24.9375,24.9375,0.0784156
223,-16.84,54.56,112.3,-2.6038,9.98522,0.3374,0.0233266,24.88,24.88,0.0854703,-0.094,3.4745,24.9375,24.9375,0.09138
224,-17.26,54.28,112.8,-2.5868,9.98537,0.3438,0.0239874,24.88,24.88,0.0776799,-0.08175,3.462,24.9375,24.9375,0.0832259
225,-17.66,53.98,113.3,-2.5698,9.9876,0.3314,0.0228103,24.88,24.88,0.0906772,-0.05225,3.158,21.375,21.375,0.0813874
226,-18.06,53.68,113.8,-2.553,9.98549,0.3474,0.0244679,24.88,24.88,0.0825672,-0.12,3.775,24.9375,24.9375,0.0896558
227,-18.46,53.38,114.3,-2.5355,9.98537,0.348,0.0239573,21.36,21.36,0.0806629,-0.0725,3.253,24.9375,24.9375,0.0790177
228,-18.84,53.06,114.8,-2.5184,9.98517,0.3354,0.0231163,24.88,24.88,0.0889327,-0.07725,3.3355,24.9375,24.9375,0.084664
229,-19.22,52.74,115.3,-2.5014,9.98298,0.3474,0.024444,24.88,24.88,0.0783058,-0.10075,3.641,28.5,28.5,0.0850208
230,-19.6,52.42,115.8,-2.4842,9.98518,0.3372,0.0231764,24.88,24.88,0.0839522,-0.047,3.0955,24.9375,24.9375,0.0783131
231,-19.98,52.08,116.3,-2.4675,9.98523,0.3348,0.0233867,28.48,28.48,0.0843117,-0.07825,3.4965,24.9375,24.9375,0.0855786
232,-20.34,51.74,116.8,-2.4505,9.98534,0.3412,0.0238672,24.88,24.88,0.0775734,-0.067,3.385,24.9375,24.9375,0.0764488
233,-20.7,51.4,117.3,-2.4337,9.98758,0.3294,0.0227202,24.88,24.88,0.0848577,-0.05025,3.124,21.375,21.375,0.0811661
234,-21.06,51.04,117.8,-2.4172,9.98775,0.334,0.0234709,24.88,24.88,0.0757223,-0.084,3.4805,21.375,21.375,0.0847953
235,-21.42,50.7,118.3,-2.4007,9.98751,0.3238,0.0224199,21.36,21.36,0.0804365,-0.0515,3.001,21.375,21.375,0.0799569
236,-21.76,50.32,118.85,-2.3846,9.98754,0.3216,0.02254,21.36,21.36,0.084112,-0.09775,3.3555,21.375,21.375,0.0868525
237,-22.1,49.96,119.35,-2.3683,9.98525,0.3344,0.0234768,21.36,21.36,0.0792513,-0.1055,3.4235,24.9375,24.9375,0.0816855
238,-22.42,49.58,119.85,-2.3515,9.98511,0.332,0.022876,21.36,21.36,0.0861495,-0.08175,3.2155,24.9375,24.9375,0.0770535
239,-22.76,49.2,120.35,-2.3348,9.98281,0.3402,0.023723,24.88,24.88,0.0809825,-0.10475,3.566,28.5,28.5,0.0911767
240,-23.08,48.82,120.85,-2.3178,9.98522,0.3382,0.0233566,24.88,24.88,0.0763216,-0.05675,3.2145,24.9375,24.9375,0.0780499
241,-23.38,48.44,121.35,-2.3012,9.98497,0.3218,0.0222453,28.48,28.48,0.0904774,-0.04025,3.1555,24.9375,24.9375,0.0840803
242,-23.7,48.04,121.85,-2.2848,9.98546,0.3428,0.0243478,24.88,24.88,0.0773736,-0.10375,3.73,24.9375,24.9375,0.0842945
243,-24,47.64,122.35,-2.2676,9.98515,0.336,0.0230262,24.88,24.88,0.0833662,-0.04225,3.029,24.9375,24.9375,0.0803119
244,-24.28,47.24,122.85,-2.251,9.98518,0.3328,0.0231764,24.88,24.88,0.0835793,-0.0865,3.4855,24.9375,24.9375,0.0921494
245,-24.58,46.82,123.35,-2.2342,9.9853,0.3384,0.023687,24.88,24.88,0.0795709,-0.078,3.381,24.9375,24.9375,0.0804817
246,-24.86,46.4,123.9,-2.2174,9.98514,0.3324,0.0229962,24.88,24.88,0.0914629,-0.0665,3.2685,24.9375,24.9375,0.082811
247,-25.12,45.98,124.4,-2.2004,9.98555,0.352,0.0247082,24.88,24.88,0.0797973,-0.11575,3.7665,24.9375,24.9375,0.0834465
248,-25.38,45.56,124.85,-2.1828,9.98527,0.3442,0.0235368,24.88,24.88,0.0820745,-0.04925,3.14,24.9375,24.9375,0.0746873
249,-25.64,45.14,125.35,-2.1659,9.98518,0.334,0.0231764,24.88,24.88,0.082727,-0.074,3.3945,24.9375,24.9375,0.0874591
250,-25.9,44.7,125.9,-2.1492,9.98525,0.3348,0.0234768,24.88,24.88,0.0739512,-0.0665,3.315,24.9375,24.9375,0.0837308
251,-26.14,44.26,126.4,-2.1328,9.98742,0.318,0.0220295,24.88,24.88,0.0867887,-0.036,2.9745,21.375,21.375,0.0825005
252,-26.38,43.82,126.9,-2.1168,9.98776,0.3316,0.0235009,24.88,24.88,0.0830733,-0.11125,3.6445,21.375,21.375,0.0883078
253,-26.6,43.38,127.4,-2.0998,9.98531,0.3418,0.0237171,21.36,21.36,0.0817682,-0.085,3.3155,24.9375,24.9375,0.0785175
254,-26.82,42.94,127.9,-2.0828,9.9852,0.338,0.0232365,21.36,21.36,0.087601,-0.09425,3.371,24.9375,24.9375,0.0876354
255,-27.04,42.48,128.4,-2.0658,9.98292,0.3472,0.0242037,24.88,24.88,0.0777998,-0.10175,3.5825,28.5,28.5,0.0853573
256,-27.24,42.02,128.9,-2.0486,9.98513,0.3346,0.0229662,24.88,24.88,0.0869085,-0.048,3.1205,24.9375,24.9375,0.077446
257,-27.44,41.56,129.4,-2.0319,9.98534,0.34,0.0238672,28.48,28.48,0.0846713,-0.0945,3.6345,24.9375,24.9375,0.0890778
258,-27.64,41.1,129.9,-2.0147,9.9854,0.3466,0.0241075,24.88,24.88,0.0767211,-0.0625,3.3595,24.9375,24.9375,0.0788474
259,-27.82,40.64,130.4,-1.9977,9.98755,0.3292,0.0226001,24.88,24.88,0.0883601,-0.04525,3.1125,21.375,21.375,0.0814186
260,-27.98,40.16,130.9,-1.9811,9.98539,0.3402,0.0240475,24.88,24.88,0.078146,-0.104,3.66,24.9375,24.9375,0.0868052
261,-28.16,39.7,131.4,-1.9641,9.98766,0.3342,0.0230805,21.36,21.36,0.0806895,-0.0575,3.07,21.375,21.375,0.078267
262,-28.32,39.22,131.95,-1.9476,9.98509,0.3274,0.0227859,24.88,24.88,0.0860829,-0.0845,3.3605,24.9375,24.9375,0.0866495
263,-28.46,38.74,132.45,-1.931,9.98535,0.3398,0.0238973,21.36,21.36,0.0775601,-0.1,3.504,24.9375,24.9375,0.0787136
264,-28.6,38.26,132.95,-1.9141,9.98509,0.3312,0.0227859,24.88,24.88,0.0859231,-0.063,3.1095,24.9375,24.9375,0.0772405
265,-28.74,37.78,133.45,-1.8975,9.98529,0.3374,0.023627,24.88,24.88,0.0779862,-0.09175,3.55,24.9375,24.9375,0.0892088
266,-28.86,37.3,133.95,-1.8807,9.98511,0.3306,0.022876,24.88,24.88,0.076508,-0.0455,3.0775,24.9375,24.9375,0.0753639
267,-28.98,36.82,134.45,-1.8645,9.98743,0.317,0.0220595,24.88,24.88,0.0885065,-0.05675,3.1775,21.375,21.375,0.0836593
268,-29.1,36.32,134.95,-1.8483,9.98537,0.3378,0.0239874,24.88,24.88,0.0746836,-0.1015,3.623,24.9375,24.9375,0.0830126
269,-29.2,35.84,135.45,-1.8315,9.98751,0.3274,0.0224199,21.36,21.36,0.0829534,-0.0435,2.9245,21.375,21.375,0.0797299
270,-29.3,35.34,135.95,-1.8152,9.98511,0.3268,0.022846,24.88,24.88,0.0823142,-0.09775,3.4885,24.9375,24.9375,0.0949711
271,-29.38,34.86,136.45,-1.7987,9.98523,0.334,0.0233867,21.36,21.36,0.0789983,-0.08425,3.3205,24.9375,24.9375,0.079264
272,-29.46,34.36,136.95,-1.7821,9.98509,0.329,0.0227559,24.88,24.88,0.0942861,-0.0765,3.2785,24.9375,24.9375,0.0851566
273,-29.54,33.86,137.45,-1.7651,9.98315,0.3568,0.0251049,24.88,24.88,0.0785988,-0.12625,3.877,28.5,28.5,0.0869303
274,-29.6,33.38,137.95,-1.7473,9.98525,0.346,0.0234768,24.88,24.88,0.0844316,-0.04125,3.0735,24.9375,24.9375,0.0803623
275,-29.64,32.88,138.45,-1.7303,9.98525,0.338,0.0234768,28.48,28.48,0.086216,-0.07975,3.549,24.9375,24.9375,0.0908089
276,-29.68,32.38,138.95,-1.7132,9.98544,0.3458,0.0242577,24.88,24.88,0.0796242,-0.07725,3.484,24.9375,24.9375,0.0776416
277,-29.72,31.88,139.5,-1.6961,9.9852,0.3368,0.0232365,24.88,24.88,0.0900779,-0.0605,3.2245,24.9375,24.9375,0.0781584
278,-29.76,31.38,140,-1.679,9.9855,0.3496,0.024528,24.88,24.88,0.0769209,-0.10325,3.694,24.9375,24.9375,0.0889704
279,-29.76,30.88,140.5,-1.6617,9.98515,0.3358,0.0230262,24.88,24.88,0.0774269,-0.034,2.9845,24.9375,24.9375,0.0716588
280,-29.78,30.38,141,-1.6454,9.98746,0.3184,0.0221796,24.88,24.88,0.0882668,-0.055,3.2015,21.375,21.375,0.102502
281,-29.78,29.88,141.5,-1.6292,9.98538,0.3374,0.0240174,24.88,24.88,0.0709416,-0.09175,3.574,24.9375,24.9375,0.0903079
282,-29.78,29.38,142,-1.6126,9.98737,0.3192,0.0217892,21.36,21.36,0.10185,-0.0205,2.865,21.375,21.375,0.0843718
283,-29.76,28.88,142.5,-1.5959,9.98329,0.361,0.0256757,24.88,24.88,0.089785,-0.20475,4.3235,28.5,28.5,0.0871124
284,-29.74,28.38,143,-1.5772,9.98078,0.3776,0.0256521,21.36,21.36,0.0836326,-0.09375,3.486,32.0625,32.0625,0.0755685
285,-29.7,27.88,143.5,-1.5587,9.98039,0.3576,0.0240595,28.48,28.48,0.0863758,-0.06225,3.4055,32.0625,32.0625,0.0788696
286,-29.66,27.38,144,-1.5412,9.98295,0.349,0.0242938,32,32,0.0748168,-0.04475,3.5125,28.5,28.5,0.081823
287,-29.6,26.88,144.5,-1.5242,9.98754,0.3254,0.02257,32,32,0.0781727,0.01125,2.913,21.375,21.375,0.0711187
288,-29.56,26.38,145.05,-1.5083,9.98997,0.314,0.0222341,28.48,28.48,0.0811157,-0.03525,3.2195,17.8125,17.8125,0.0863837
289,-29.48,25.9,145.5,-1.4925,9.99012,0.3226,0.0229246,21.36,21.36,0.0703823,-0.06475,3.2325,17.8125,17.8125,0.0755854
290,-29.42,25.4,146.05,-1.4766,9.99224,0.3068,0.021178,17.76,17.76,0.0857233,-0.0535,2.811,14.25,14.25,0.0797765
291,-29.34,24.9,146.55,-1.461,9.98763,0.3234,0.0229604,17.76,17.76,0.07491,-0.13975,3.5845,21.375,21.375,0.093426
292,-29.24,24.4,147.05,-1.4448,9.98745,0.3214,0.0221496,14.24,14.24,0.0790649,-0.08925,2.948,21.375,21.375,0.0783432
293,-29.14,23.92,147.55,-1.4288,9.98494,0.3182,0.0221251,21.36,21.36,0.0927413,-0.11725,3.3795,24.9375,24.9375,0.0847417
294,-29.04,23.44,148.05,-1.4122,9.98056,0.351,0.0247506,21.36,21.36,0.0776666,-0.141,3.799,32.0625,32.0625,0.0811779
295,-28.92,22.94,148.55,-1.3947,9.98017,0.3418,0.0231279,24.88,24.88,0.0840321,-0.04825,3.0435,32.0625,32.0625,0.075839
296,-28.8,22.46,149.05,-1.3778,9.98021,0.3354,0.0233082,32,32,0.0804632,-0.06325,3.5125,32.0625,32.0625,0.0909843
297,-28.68,21.98,149.55,-1.3611,9.9827,0.3322,0.0232423,32,32,0.0750965,-0.01725,3.202,28.5,28.5,0.0796462
298,-28.54,21.5,150.05,-1.3449,9.98743,0.317,0.0220595,32,32,0.090291,-0.007,3.0785,21.375,21.375,0.0848773
299,-28.4,21.02,150.55,-1.3286,9.98792,0.3402,0.0241916,28.48,28.48,0.0789717,-0.08875,3.738,21.375,21.375,0.0888146
300,-28.24,20.54,151.05,-1.3115,9.9902,0.3388,0.0232549,21.36,21.36,0.0841519,-0.0535,3.111,17.8125,17.8125,0.0798689
301,-28.08,20.06,151.6,-1.2946,9.98773,0.3374,0.0233808,21.36,21.36,0.0881203,-0.1125,3.5385,21.375,21.375,0.0937075
302,-27.9,19.6,152.1,-1.2774,9.98549,0.3506,0.0244679,17.76,17.76,0.0791581,-0.12475,3.576,24.9375,24.9375,0.0814968
303,-27.72,19.14,152.55,-1.2601,9.9852,0.3394,0.0232365,21.36,21.36,0.0929943,-0.0845,3.216,24.9375,24.9375,0.0794008
304,-27.54,18.66,153.1,-1.2428,9.98312,0.356,0.0249848,24.88,24.88,0.0808094,-0.1325,3.8555,28.5,28.5,0.0857665
305,-27.34,18.2,153.6,-1.2251,9.98284,0.3484,0.0238732,24.88,24.88,0.0786521,-0.0475,3.145,28.5,28.5,0.076701
306,-27.14,17.76,154.1,-1.2082,9.98507,0.3286,0.0226958,28.48,28.48,0.0850442,-0.04575,3.2325,24.9375,24.9375,0.0867282
307,-26.94,17.3,154.6,-1.1917,9.9853,0.3342,0.023687,28.48,28.48,0.076002,-0.0645,3.4675,24.9375,24.9375,0.0847933
308,-26.72,16.84,155.1,-1.1751,9.98754,0.3246,0.02254,24.88,24.88,0.0860296,-0.0355,3.0295,21.375,21.375,0.0804391
309,-26.5,16.4,155.6,-1.1588,9.98777,0.3344,0.023531,24.88,24.88,0.084112,-0.10475,3.599,21.375,21.375,0.0929406
310,-26.26,15.96,156.1,-1.1418,9.98534,0.3438,0.0238672,21.36,21.36,0.0797041,-0.08725,3.3675,24.9375,24.9375,0.0768065
311,-26.02,15.52,156.6,-1.1248,9.98514,0.3348,0.0229962,21.36,21.36,0.0922353,-0.08475,3.2905,24.9375,24.9375,0.0815557
312,-25.78,15.08,157.1,-1.1077,9.98308,0.354,0.0248346,24.88,24.88,0.0761219,-0.1205,3.7795,28.5,28.5,0.0890038
313,-25.52,14.66,157.6,-1.0902,9.98513,0.3376,0.0229662,24.88,24.88,0.0808493,-0.02975,2.95,24.9375,24.9375,0.0753137
314,-25.26,14.22,158.1,-1.0737,9.98507,0.325,0.0226958,28.48,28.48,0.0883068,-0.0685,3.4175,24.9375,24.9375,0.0869028
315,-24.98,13.8,158.65,-1.0571,9.98546,0.3434,0.0243478,24.88,24.88,0.0746037,-0.084,3.5635,24.9375,24.9375,0.0778007
316,-24.7,13.38,159.15,-1.0401,9.98752,0.3284,0.0224499,24.88,24.88,0.086216,-0.03125,2.9375,21.375,21.375,0.0787459
317,-24.42,12.98,159.65,-1.0237,9.98524,0.3334,0.0234467,24.88,24.88,0.077094,-0.0955,3.593,24.9375,24.9375,0.0869293
318,-24.14,12.56,160.15,-1.0071,9.98758,0.3278,0.0227202,21.36,21.36,0.0780262,-0.055,3.037,21.375,21.375,0.0781563
319,-23.84,12.16,160.65,-0.991,9.98747,0.319,0.0222397,24.88,24.88,0.0862427,-0.07375,3.2395,21.375,21.375,0.08581
320,-23.54,11.76,161.15,-0.9747,9.9853,0.3354,0.023687,21.36,21.36,0.0774402,-0.1055,3.535,24.9375,24.9375,0.0833326
321,-23.24,11.38,161.65,-0.9579,9.98508,0.3304,0.0227259,21.36,21.36,0.0851107,-0.06975,3.097,24.9375,24.9375,0.0787614
322,-22.92,10.98,162.15,-0.9414,9.98524,0.3356,0.0234167,24.88,24.88,0.0826338,-0.10475,3.5525,24.9375,24.9375,0.0938513
323,-22.6,10.6,162.65,-0.9244,9.98527,0.3396,0.0235669,24.88,24.88,0.0780262,-0.06875,3.31,24.9375,24.9375,0.0780487
324,-22.26,10.22,163.15,-0.9077,9.98506,0.3282,0.0226358,24.88,24.88,0.0931674,-0.0595,3.2305,24.9375,24.9375,0.0844503
325,-21.92,9.86,163.65,-0.8908,9.98309,0.3524,0.0248947,24.88,24.88,0.0773736,-0.1205,3.829,28.5,28.5,0.0810741
326,-21.58,9.5,164.15,-0.8733,9.98519,0.341,0.0232065,24.88,24.88,0.0837391,-0.03725,3.012,24.9375,24.9375,0.0740622
327,-21.24,9.14,164.65,-0.8565,9.9852,0.334,0.0232665,28.48,28.48,0.0803566,-0.072,3.485,24.9375,24.9375,0.0892234
328,-20.88,8.78,165.2,-0.8399,9.98518,0.3314,0.0231764,24.88,24.88,0.0733386,-0.04525,3.1855,24.9375,24.9375,0.0785343
329,-20.52,8.42,165.7,-0.8237,9.98736,0.3132,0.0217292,24.88,24.88,0.0885465,-0.03625,2.984,21.375,21.375,0.0834784
330,-20.16,8.08,166.2,-0.8077,9.98781,0.3334,0.0237412,24.88,24.88,0.0778797,-0.11225,3.6805,21.375,21.375,0.0915619
331,-19.8,7.74,166.7,-0.7909,9.98763,0.333,0.0229304,21.36,21.36,0.0827403,-0.06025,3.0685,21.375,21.375,0.0824605
332,-19.42,7.42,167.2,-0.7743,9.98765,0.3322,0.0230205,21.36,21.36,0.0908769,-0.11075,3.503,21.375,21.375,0.0897896
333,-19.04,7.1,167.7,-0.7572,9.98307,0.354,0.0248045,21.36,21.36,0.0817682,-0.13375,3.724,28.5,28.5,0.0877354
334,-18.64,6.78,168.2,-0.7395,9.98283,0.349,0.0238131,21.36,21.36,0.0890525,-0.08325,3.2825,28.5,28.5,0.0787671
335,-18.26,6.48,168.7,-0.7221,9.9805,0.3528,0.0245102,28.48,28.48,0.0870284,-0.10925,3.725,32.0625,32.0625,0.0849007
336,-17.86,6.16,169.2,-0.7043,9.98305,0.3566,0.0247144,28.48,28.48,0.0780128,-0.05775,3.463,28.5,28.5,0.0784075
337,-17.46,5.88,169.7,-0.6869,9.98515,0.3362,0.0230563,32,32,0.0841919,-0.01325,3.117,24.9375,24.9375,0.0824511
338,-17.04,5.58,170.2,-0.6703,9.98776,0.3334,0.0235009,28.48,28.48,0.0776932,-0.0525,3.458,21.375,21.375,0.0857181
339,-16.64,5.3,170.7,-0.6537,9.9876,0.3264,0.0228103,24.88,24.88,0.0817416,-0.0425,3.0935,21.375,21.375,0.0777612
340,-16.22,5.02,171.2,-0.6374,9.98763,0.3272,0.0229604,21.36,21.36,0.0850175,-0.093,3.385,21.375,21.375,0.0888597
341,-15.8,4.76,171.7,-0.6208,9.98781,0.3394,0.0237412,21.36,21.36,0.077054,-0.10275,3.4355,21.375,21.375,0.0781944
342,-15.36,4.5,172.25,-0.604,9.98755,0.3292,0.0226001,21.36,21.36,0.088147,-0.0695,3.1235,21.375,21.375,0.0772788
343,-14.94,4.24,172.75,-0.5873,9.98536,0.3412,0.0239273,21.36,21.36,0.0774935,-0.12125,3.65,24.9375,24.9375,0.0901302
344,-14.5,4,173.25,-0.5703,9.98512,0.333,0.0229061,21.36,21.36,0.0765347,-0.05975,3.0305,24.9375,24.9375,0.0745908
345,-14.06,3.76,173.75,-0.5541,9.98492,0.317,0.022035,24.88,24.88,0.0894387,-0.06575,3.199,24.9375,24.9375,0.0835294
346,-13.62,3.52,174.25,-0.5378,9.98292,0.3396,0.0241736,24.88,24.88,0.0739113,-0.1035,3.6555,28.5,28.5,0.0819072
347,-13.18,3.3,174.75,-0.521,9.985,0.3272,0.0223654,24.88,24.88,0.0828336,-0.02725,2.874,24.9375,24.9375,0.0777822
348,-12.72,3.08,175.25,-0.5048,9.98509,0.3254,0.0227859,28.48,28.48,0.0811956,-0.07675,3.4845,24.9375,24.9375,0.0928189
349,-12.28,2.86,175.75,-0.4884,9.98768,0.3308,0.0231706,24.88,24.88,0.0770407,-0.0575,3.256,21.375,21.375,0.0820372
350,-11.82,2.66,176.25,-0.472,9.9875,0.3228,0.0223598,24.88,24.88,0.0921287,-0.058,3.1815,21.375,21.375,0.0866049
351,-11.36,2.46,176.75,-0.4553,9.98552,0.3484,0.0245881,21.36,21.36,0.0813687,-0.13725,3.826,24.9375,24.9375,0.0882554
352,-10.88,2.28,177.3,-0.4378,9.98532,0.3478,0.0237471,21.36,21.36,0.0858831,-0.08,3.226,24.9375,24.9375,0.0778453
353,-10.42,2.1,177.75,-0.4205,9.98284,0.3458,0.0238732,24.88,24.88,0.087561,-0.105,3.593,28.5,28.5,0.0902387
354,-9.96,1.94,178.25,-0.403,9.98301,0.3528,0.0245642,24.88,24.88,0.0771206,-0.0845,3.5235,28.5,28.5,0.07905
355,-9.48,1.78,178.75,-0.3857,9.98513,0.3342,0.0229361,28.48,28.48,0.0895319,-0.032,3.101,24.9375,24.9375,0.0783901
356,-9,1.62,179.3,-0.3689,9.98545,0.3442,0.0242877,28.48,28.48,0.0783591,-0.08725,3.707,24.9375,24.9375,0.0833487
357,-8.52,1.46,179.8,-0.3518,9.98769,0.3366,0.0232307,24.88,24.88,0.0776533,-0.0335,3.047,21.375,21.375,0.0788717
358,-8.04,1.34,180.3,-0.3354,9.98748,0.3212,0.0222998,24.88,24.88,0.0826205,-0.056,3.1865,21.375,21.375,0.087742
359,-7.56,1.2,180.8,-0.3193,9.98767,0.3268,0.0231106,21.36,21.36,0.0781593,-0.09125,3.3855,21.375,21.375,0.0839721
360,-7.08,1.08,181.3,-0.3029,9.98756,0.3256,0.0226301,21.36,21.36,0.0870284,-0.08075,3.169,21.375,21.375,0.0791872
361,-6.6,0.96,181.8,-0.2863,9.98532,0.34,0.0237771,21.36,21.36,0.0832863,-0.1255,3.6175,24.9375,24.9375,0.0921868
362,-6.1,0.86,182.3,-0.2691,9.98532,0.3448,0.0237471,21.36,21.36,0.0784523,-0.08825,3.324,24.9375,24.9375,0.0760102
363,-5.62,0.76,182.8,-0.2522,9.98509,0.331,0.0227559,24.88,24.88,0.0914895,-0.06775,3.2455,24.9375,24.9375,0.0820283
364,-5.12,0.66,183.3,-0.2353,9.98303,0.3496,0.0246543,24.88,24.88,0.0753228,-0.1085,3.749,28.5,28.5,0.0895515
365,-4.62,0.58,183.8,-0.218,9.98509,0.334,0.0227859,24.88,24.88,0.0813421,-0.02825,2.9155,24.9375,24.9375,0.0793602
366,-4.14,0.5,184.3,-0.2017,9.98507,0.3246,0.0226958,28.48,28.48,0.0888528,-0.0735,3.449,24.9375,24.9375,0.08835
367,-3.64,0.44,184.8,-0.185,9.98298,0.3454,0.024444,24.88,24.88,0.0786654,-0.09375,3.61,28.5,28.5,0.0823413
368,-3.14,0.38,185.35,-0.1678,9.98517,0.3382,0.0231464,24.88,24.88,0.0876276,-0.05175,3.1345,24.9375,24.9375,0.0843285
369,-2.64,0.34,185.85,-0.1508,9.98537,0.3438,0.0239874,28.48,28.48,0.0816484,-0.0915,3.65,24.9375,24.9375,0.0822481
370,-2.14,0.3,186.35,-0.1336,9.98529,0.3416,0.023627,24.88,24.88,0.0835926,-0.0565,3.2735,24.9375,24.9375,0.0801225
371,-1.64,0.26,186.85,-0.1166,9.98527,0.3392,0.0235669,24.88,24.88,0.0815285,-0.0785,3.416,24.9375,24.9375,0.0995119
372,-1.14,0.24,187.35,-0.0998,9.98522,0.3358,0.0233566,24.88,24.88,0.0793845,-0.06575,3.2865,24.9375,24.9375,0.0614079
373,-0.64,0.24,187.85,-0.0831,9.98761,0.3284,0.0228703,24.88,24.88,0.0988271,-0.072,3.3385,21.375,21.375,0.0246191
374,-0.14,0.22,188.35,-0.0659,9.98334,0.3664,0.025886,24.88,24.88,0.0607142,-0.091,3.893,28.5,28.5,0.0281079
0,0.36,0.24,0.35,-0.0485,9.98715,0.3164,0.0207381,21.36,21.36,0.0242527,0.0845,1.837,21.375,21.375,0.10468
1,0.86,0.24,0.85,-0.0358,9.99069,0.182,0.0117212,28.48,28.48,0.0284342,0.098,0.471,14.25,14.25,0.105096
2,1.36,0.22,1.35,-0.0291,9.99792,0.1026,0.00919204,21.36,21.36,0.104527,0.2245,1.4695,3.5625,3.5625,0.118372
3,1.86,0.24,1.85,-0.021,9.98468,0.246,0.0208935,14.24,14.24,0.105073,-0.36775,4.2405,24.9375,24.9375,0.115698
4,2.36,0.26,2.4,-0.0051,9.97316,0.377,0.0251903,3.52,3.52,0.117977,-0.34225,4.1265,42.75,42.75,0.126347
5,2.86,0.3,2.9,0.0158,9.95899,0.4502,0.0282998,24.88,24.88,0.115207,-0.349,5.0635,64.125,64.125,0.0960642
6,3.34,0.36,3.35,0.039,9.95452,0.4704,0.0301215,42.72,42.72,0.125754,-0.1985,4.9885,71.25,71.25,0.0894336
7,3.84,0.42,3.85,0.063,9.95276,0.4928,0.0325093,64.08,64.08,0.095418,-0.06025,5.0185,74.8125,74.8125,0.0888719
8,4.34,0.5,4.4,0.0867,9.96654,0.444,0.0284892,71.2,71.2,0.088653,0.19225,3.607,53.4375,53.4375,0.0721202
9,4.82,0.58,4.85,0.1073,9.98076,0.3844,0.025562,74.8,74.8,0.0881203,0.20675,3.5865,32.0625,32.0625,0.0809808
10,5.32,0.68,5.4,0.1258,9.99565,0.3596,0.0251036,53.36,53.36,0.0713677,0.15425,3.486,10.6875,10.6875,0.0791167
11,5.8,0.78,5.9,0.1429,10.005,0.3202,0.0222608,32,32,0.0803566,0.0845,2.712,-3.5625,-3.5625,0.0732704
12,6.3,0.88,6.4,0.1585,10.01,0.312,0.0223995,10.64,10.64,0.078399,-0.10075,3.327,-10.6875,-10.6875,0.0849648
13,6.78,1,6.9,0.1743,10.0051,0.3192,0.0225905,-3.6,-3.6,0.0725396,-0.17675,3.087,-3.5625,-3.5625,0.0738636
14,7.28,1.12,7.4,0.19,9.99976,0.309,0.0212821,-10.72,-10.72,0.0842718,-0.2155,2.935,3.5625,3.5625,0.0840107
15,7.76,1.24,7.9,0.2057,9.98759,0.3242,0.0227802,-3.6,-3.6,0.0731522,-0.26675,3.499,21.375,21.375,0.0852689
16,8.24,1.38,8.4,0.2219,9.98235,0.317,0.02171,3.52,3.52,0.083313,-0.17025,2.921,28.5,28.5,0.0764007
17,8.72,1.52,8.9,0.2378,9.97507,0.3244,0.0226885,21.36,21.36,0.0845781,-0.16475,3.5395,39.1875,39.1875,0.0871867
18,9.2,1.66,9.4,0.2545,9.9728,0.3394,0.0236866,28.48,28.48,0.0756558,-0.07725,3.4025,42.75,42.75,0.0796327
19,9.66,1.82,9.9,0.2712,9.97499,0.3256,0.0223277,39.12,39.12,0.0864691,0.01025,3.06,39.1875,39.1875,0.0791956
20,10.14,2,10.4,0.2875,9.97778,0.334,0.0236147,42.72,42.72,0.078945,-0.0095,3.601,35.625,35.625,0.0890974
21,10.6,2.16,10.9,0.3043,9.98516,0.332,0.0230863,39.12,39.12,0.0784523,0.03625,3.113,24.9375,24.9375,0.0770773
22,11.08,2.36,11.45,0.3206,9.99002,0.3228,0.0224743,35.6,35.6,0.0883867,0.00225,3.2545,17.8125,17.8125,0.0832717
23,11.54,2.54,11.95,0.3371,9.99041,0.3412,0.0241255,24.88,24.88,0.0763749,-0.072,3.6135,17.8125,17.8125,0.0814452
24,12,2.74,12.45,0.3541,9.99258,0.3316,0.0227088,17.76,17.76,0.0825539,-0.06125,3.005,14.25,14.25,0.0770496
25,12.46,2.94,12.95,0.3705,9.99012,0.3288,0.0229246,17.76,17.76,0.0807295,-0.1215,3.44,17.8125,17.8125,0.0935611
26,12.9,3.16,13.45,0.387,9.98766,0.3308,0.0230805,14.24,14.24,0.0763216,-0.11325,3.238,21.375,21.375,0.0768802
27,13.36,3.38,13.95,0.4034,9.98746,0.3206,0.0222097,17.76,17.76,0.0928745,-0.1025,3.1615,21.375,21.375,0.0843614
28,13.8,3.6,14.45,0.4199,9.98303,0.3488,0.0246543,21.36,21.36,0.0762018,-0.15025,3.8225,28.5,28.5,0.0850436
29,14.24,3.84,14.95,0.4373,9.98263,0.3378,0.0229419,21.36,21.36,0.0836459,-0.05275,2.9655,28.5,28.5,0.0775807
30,14.68,4.08,15.45,0.4539,9.98267,0.332,0.0231221,28.48,28.48,0.0843384,-0.088,3.5265,28.5,28.5,0.0917835
31,15.1,4.34,15.95,0.4707,9.98284,0.3396,0.0238432,28.48,28.48,0.0768543,-0.057,3.3895,28.5,28.5,0.0785979
32,15.54,4.6,16.45,0.4875,9.98505,0.3276,0.0226057,28.48,28.48,0.09109,-0.03025,3.1255,24.9375,24.9375,0.0804096
33,15.96,4.86,16.95,0.5042,9.98299,0.3464,0.0244741,28.48,28.48,0.0779063,-0.09475,3.7635,28.5,28.5,0.0837322
34,16.38,5.14,17.5,0.5215,9.98518,0.3384,0.0231764,24.88,24.88,0.0796908,-0.0315,3.032,24.9375,24.9375,0.0751558
35,16.8,5.42,18,0.538,9.98755,0.3254,0.0226001,28.48,28.48,0.08302,-0.05575,3.302,21.375,21.375,0.0888301
36,17.2,5.7,18.5,0.5544,9.98772,0.331,0.0233208,24.88,24.88,0.0744306,-0.06425,3.3585,21.375,21.375,0.0814223
37,17.62,5.98,19,0.5707,9.98993,0.3188,0.022054,21.36,21.36,0.0881337,-0.051,3.003,17.8125,17.8125,0.0824379
38,18.02,6.28,19.5,0.5869,9.98781,0.3358,0.0237412,21.36,21.36,0.0807561,-0.1325,3.684,21.375,21.375,0.0947367
39,18.4,6.6,20,0.6039,9.98523,0.3392,0.0233867,17.76,17.76,0.0817016,-0.09175,3.2065,24.9375,24.9375,0.0752804
40,18.8,6.9,20.5,0.6207,9.98516,0.3344,0.0230863,21.36,21.36,0.0940464,-0.1115,3.4455,24.9375,24.9375,0.0841168
41,19.18,7.22,21,0.638,9.98068,0.3602,0.0252615,24.88,24.88,0.0745771,-0.12175,3.8135,32.0625,32.0625,0.0867276
42,19.56,7.56,21.5,0.6557,9.9826,0.338,0.0228217,24.88,24.88,0.0834461,-0.0195,2.8765,28.5,28.5,0.074905
43,19.94,7.88,22,0.6722,9.98265,0.3284,0.023032,32,32,0.0860296,-0.071,3.544,28.5,28.5,0.0860263
44,20.3,8.22,22.5,0.6889,9.98541,0.3418,0.0241376,28.48,28.48,0.0741643,-0.051,3.432,24.9375,24.9375,0.0777985
45,20.66,8.56,23,0.7057,9.98747,0.3244,0.0222397,28.48,28.48,0.0853371,-0.01125,2.935,21.375,21.375,0.0793558
46,21.02,8.92,23.5,0.7219,9.98771,0.3298,0.0232907,24.88,24.88,0.077094,-0.08375,3.5535,21.375,21.375,0.0879493
47,21.38,9.28,24.05,0.7384,9.99006,0.3262,0.0226544,21.36,21.36,0.0786121,-0.0575,3.044,17.8125,17.8125,0.0775714
48,21.72,9.64,24.55,0.7545,9.98998,0.3202,0.0222942,21.36,21.36,0.0872548,-0.08875,3.275,17.8125,17.8125,0.0853787
49,22.06,10,25.05,0.7709,9.98534,0.339,0.0238672,17.76,17.76,0.0768543,-0.12775,3.571,24.9375,24.9375,0.0820654
50,22.4,10.38,25.55,0.7878,9.98506,0.3312,0.0226658,17.76,17.76,0.0846713,-0.08425,3.062,24.9375,24.9375,0.0801261
51,22.72,10.76,26.05,0.8044,9.98271,0.334,0.0233024,24.88,24.88,0.0813554,-0.111,3.536,28.5,28.5,0.0917359
52,23.04,11.14,26.55,0.8212,9.98272,0.3356,0.0233324,24.88,24.88,0.0793845,-0.06575,3.2645,28.5,28.5,0.0772382
53,23.36,11.52,27.05,0.8378,9.98509,0.3286,0.0227859,28.48,28.48,0.0910367,-0.05775,3.291,24.9375,24.9375,0.0859863
54,23.66,11.92,27.55,0.8546,9.98303,0.3496,0.0246243,28.48,28.48,0.076548,-0.08875,3.7215,28.5,28.5,0.0837871
55,23.96,12.32,28.05,0.872,9.98513,0.3364,0.0229662,24.88,24.88,0.0852705,-0.028,3.009,24.9375,24.9375,0.0780283
56,24.26,12.72,28.55,0.8886,9.98524,0.3354,0.0234467,28.48,28.48,0.0830866,-0.08525,3.5755,24.9375,24.9375,0.0939007
57,24.54,13.14,29.05,0.9055,9.98781,0.3398,0.0237412,24.88,24.88,0.0773071,-0.06025,3.313,21.375,21.375,0.0784709
58,24.82,13.54,29.55,0.9223,9.98754,0.3272,0.02257,24.88,24.88,0.0932207,-0.0545,3.1805,21.375,21.375,0.0820285
59,25.1,13.96,30.05,0.9391,9.98559,0.3516,0.0248584,21.36,21.36,0.0777998,-0.13275,3.842,24.9375,24.9375,0.0891984
60,25.36,14.38,30.55,0.9566,9.9852,0.3418,0.0232665,21.36,21.36,0.0813154,-0.05725,3.015,24.9375,24.9375,0.0777678
61,25.62,14.82,31.1,0.9733,9.98511,0.3296,0.022846,24.88,24.88,0.0884932,-0.08775,3.4265,24.9375,24.9375,0.0884098
62,25.88,15.24,31.55,0.9901,9.98547,0.3456,0.0243778,24.88,24.88,0.077054,-0.09775,3.5965,24.9375,24.9375,0.088412
63,26.12,15.68,32.1,1.0073,9.98512,0.334,0.0229061,24.88,24.88,0.0876809,-0.0435,3.064,24.9375,24.9375,0.0819922
64,26.36,16.12,32.6,1.024,9.98535,0.341,0.0238973,24.88,24.88,0.0877208,-0.114,3.7075,24.9375,24.9375,0.0904598
65,26.58,16.58,33.1,1.0414,9.98303,0.3544,0.0246543,24.88,24.88,0.0812622,-0.09125,3.5195,28.5,28.5,0.0760003
66,26.8,17.02,33.6,1.059,9.98527,0.3444,0.0235669,24.88,24.88,0.0897317,-0.0645,3.3005,24.9375,24.9375,0.0837113
67,27.02,17.48,34.1,1.0763,9.98302,0.352,0.0245942,28.48,28.48,0.0752696,-0.0845,3.6625,28.5,28.5,0.083219
68,27.22,17.92,34.6,1.0935,9.98758,0.332,0.0227502,24.88,24.88,0.08302,-0.02075,2.945,21.375,21.375,0.0753106
69,27.42,18.38,35.1,1.1099,9.98765,0.3272,0.0230205,28.48,28.48,0.0825006,-0.076,3.4665,21.375,21.375,0.0863098
70,27.6,18.86,35.6,1.1264,9.98775,0.3342,0.0234709,21.36,21.36,0.0745904,-0.0685,3.281,21.375,21.375,0.0737976
71,27.78,19.32,36.1,1.1428,9.98743,0.3196,0.0220595,21.36,21.36,0.0856168,-0.05875,3.0035,21.375,21.375,0.0756367
72,27.96,19.78,36.6,1.159,9.98522,0.3304,0.0233266,21.36,21.36,0.0730856,-0.108,3.5255,24.9375,24.9375,0.088231
73,28.14,20.26,37.15,1.1753,9.98741,0.3186,0.0219694,21.36,21.36,0.07495,-0.04525,2.834,21.375,21.375,0.0790764
74,28.3,20.72,37.6,1.1909,9.98728,0.3054,0.0213688,24.88,24.88,0.0875477,-0.0655,3.1595,21.375,21.375,0.0891765
75,28.46,21.2,38.15,1.2067,9.98529,0.3316,0.023627,21.36,21.36,0.0784124,-0.12,3.6195,24.9375,24.9375,0.0866941
76,28.6,21.68,38.65,1.2234,9.98511,0.3334,0.022876,21.36,21.36,0.0884666,-0.07675,3.143,24.9375,24.9375,0.0811768
77,28.74,22.16,39.15,1.2403,9.98287,0.3456,0.0239934,24.88,24.88,0.086003,-0.12375,3.7275,28.5,28.5,0.0950635
78,28.86,22.64,39.65,1.2578,9.98296,0.353,0.0243539,24.88,24.88,0.0804498,-0.0805,3.453,28.5,28.5,0.078054
79,28.98,23.14,40.15,1.2752,9.98272,0.34,0.0233324,28.48,28.48,0.0943526,-0.0545,3.323,28.5,28.5,0.0831036
80,29.08,23.62,40.65,1.2926,9.98321,0.36,0.0253453,28.48,28.48,0.0773736,-0.09925,3.8635,28.5,28.5,0.0798963
81,29.18,24.1,41.15,1.3104,9.98523,0.3434,0.0233867,28.48,28.48,0.0823808,-0.0125,2.9885,24.9375,24.9375,0.0729798
82,29.28,24.6,41.65,1.3271,9.98766,0.331,0.0230805,28.48,28.48,0.0791847,-0.05375,3.4055,21.375,21.375,0.0880502
83,29.36,25.1,42.15,1.3435,9.98763,0.3262,0.0229304,24.88,24.88,0.0722466,-0.04125,3.1315,21.375,21.375,0.07748
84,29.44,25.58,42.65,1.3595,9.98981,0.3082,0.0214836,21.36,21.36,0.0873879,-0.04375,2.928,17.8125,17.8125,0.0814778
85,29.52,26.08,43.15,1.3752,9.98774,0.3288,0.0234409,21.36,21.36,0.0768143,-0.1275,3.631,21.375,21.375,0.0875985
86,29.58,26.58,43.65,1.3918,9.98756,0.3288,0.0226301,17.76,17.76,0.0807561,-0.076,3.02,21.375,21.375,0.0803085
87,29.64,27.08,44.2,1.4081,9.98504,0.3258,0.0225757,21.36,21.36,0.0868952,-0.109,3.4,24.9375,24.9375,0.094216
88,29.68,27.58,44.7,1.4248,9.98287,0.3418,0.0239633,21.36,21.36,0.0795976,-0.117,3.5635,28.5,28.5,0.0833852
89,29.72,28.08,45.2,1.4418,9.98268,0.3372,0.0231522,24.88,24.88,0.0935004,-0.0725,3.2535,28.5,28.5,0.0808326
90,29.76,28.58,45.7,1.4591,9.98063,0.3578,0.0250511,28.48,28.48,0.082727,-0.1185,3.8855,32.0625,32.0625,0.0930486
91,29.76,29.08,46.2,1.477,9.98292,0.3536,0.0241736,28.48,28.48,0.0800903,-0.0365,3.2425,28.5,28.5,0.0724878
92,29.78,29.58,46.7,1.4942,9.98516,0.335,0.0230863,32,32,0.0923551,-0.03475,3.3345,24.9375,24.9375,0.111829
93,29.78,30.08,47.2,1.5113,9.98562,0.3532,0.0250086,28.48,28.48,0.0717806,-0.07125,3.733,24.9375,24.9375,0.0888573
94,29.78,30.58,47.7,1.5285,9.98749,0.3284,0.0223298,24.88,24.88,0.111225,0.013,2.9185,21.375,21.375,0.0818788
95,29.76,31.08,48.2,1.5459,9.9812,0.3818,0.0272446,24.88,24.88,0.0883734,-0.22625,4.6165,32.0625,32.0625,0.0817533
96,29.72,31.56,48.7,1.5655,9.98087,0.387,0.0259826,21.36,21.36,0.0811024,-0.069,3.3195,32.0625,32.0625,0.0668345
97,29.7,32.06,49.2,1.584,9.98277,0.3522,0.0235427,32,32,0.0809825,-0.03225,3.273,28.5,28.5,0.071542
98,29.66,32.56,49.7,1.601,9.98519,0.3316,0.0232065,32,32,0.0660809,-0.00375,3.234,24.9375,24.9375,0.0810263
99,29.6,33.06,50.2,1.6168,9.98964,0.2962,0.0207029,28.48,28.48,0.0709549,0.03275,2.4935,17.8125,17.8125,0.0711803
100,29.56,33.56,50.7,1.631,9.99205,0.2808,0.0202475,24.88,24.88,0.0803433,-0.0365,2.962,14.25,14.25,0.086692
101,29.5,34.06,51.25,1.6456,9.99244,0.3054,0.0221085,17.76,17.76,0.0704755,-0.09825,3.258,14.25,14.25,0.0838686
102,29.42,34.56,51.75,1.661,9.99219,0.304,0.0209379,14.24,14.24,0.0860163,-0.08075,2.823,14.25,14.25,0.0818614
103,29.34,35.04,52.25,1.6766,9.9876,0.3256,0.0228103,14.24,14.24,0.0832197,-0.1755,3.677,21.375,21.375,0.0929714
104,29.26,35.54,52.75,1.6933,9.98275,0.3408,0.0234827,14.24,14.24,0.0811556,-0.1375,3.359,28.5,28.5,0.0791072
105,29.16,36.04,53.25,1.7103,9.98015,0.3372,0.0230378,21.36,21.36,0.0922752,-0.11375,3.3945,32.0625,32.0625,0.0859904
106,29.06,36.52,53.75,1.7276,9.97809,0.3564,0.0249071,28.48,28.48,0.0784124,-0.11325,3.8,35.625,35.625,0.0845073
107,28.94,37,54.25,1.7452,9.98023,0.343,0.0233984,32,32,0.0852839,-0.012,3.093,32.0625,32.0625,0.0770542
108,28.82,37.5,54.75,1.7621,9.98279,0.3386,0.0236629,35.6,35.6,0.0838057,-0.0425,3.56,28.5,28.5,0.0927907
109,28.68,37.98,55.25,1.7792,9.98536,0.3416,0.0239273,32,32,0.0763216,-0.02075,3.334,24.9375,24.9375,0.0768186
110,28.54,38.46,55.75,1.7959,9.99004,0.3258,0.0225344,28.48,28.48,0.0920888,-0.01825,3.111,17.8125,17.8125,0.0799106
111,28.4,38.94,56.25,1.8126,9.98802,0.3474,0.024612,24.88,24.88,0.0761485,-0.10625,3.7885,21.375,21.375,0.0856617
112,28.24,39.4,56.75,1.8299,9.99012,0.336,0.0229246,17.76,17.76,0.079198,-0.05275,2.93,17.8125,17.8125,0.0736679
113,28.08,39.88,57.25,1.8462,9.9875,0.3218,0.0223598,21.36,21.36,0.0849509,-0.09675,3.3165,21.375,21.375,0.0876541
114,27.92,40.36,57.8,1.8626,9.98778,0.3338,0.023591,17.76,17.76,0.0729524,-0.11075,3.437,21.375,21.375,0.0864621
115,27.74,40.82,58.3,1.879,9.9874,0.319,0.0219094,21.36,21.36,0.0869751,-0.05775,2.9025,21.375,21.375,0.0827779
116,27.56,41.28,58.8,1.8951,9.98524,0.3316,0.0234167,21.36,21.36,0.0857899,-0.13675,3.6985,24.9375,24.9375,0.0908423
117,27.36,41.74,59.3,1.9121,9.98292,0.3476,0.0241736,21.36,21.36,0.0820612,-0.10725,3.445,28.5,28.5,0.0783289
118,27.16,42.2,59.8,1.9295,9.98275,0.3432,0.0234827,24.88,24.88,0.0901312,-0.0825,3.3705,28.5,28.5,0.0869868
119,26.96,42.66,60.3,1.9468,9.98054,0.354,0.0246905,28.48,28.48,0.0776133,-0.0905,3.694,32.0625,32.0625,0.0867007
120,26.74,43.1,60.8,1.9643,9.98268,0.3382,0.0231522,28.48,28.48,0.0862826,-0.022,3.0785,28.5,28.5,0.0768178
121,26.52,43.56,61.3,1.981,9.98282,0.3386,0.0237831,32,32,0.086003,-0.07225,3.6165,28.5,28.5,0.0907178
122,26.28,44,61.8,1.9982,9.98545,0.348,0.0243178,28.48,28.48,0.0760819,-0.048,3.416,24.9375,24.9375,0.0769728
123,26.04,44.44,62.3,2.0153,9.98755,0.3296,0.0226001,28.48,28.48,0.0900113,-0.02075,3.07,21.375,21.375,0.0793049
124,25.8,44.88,62.8,2.0319,9.98794,0.3432,0.0242516,24.88,24.88,0.0762817,-0.098,3.723,21.375,21.375,0.0909336
125,25.54,45.3,63.3,2.049,9.99011,0.3326,0.0228646,21.36,21.36,0.0786121,-0.045,2.953,17.8125,17.8125,0.075687
126,25.28,45.74,63.85,2.0652,9.98998,0.32,0.0222642,21.36,21.36,0.0902377,-0.089,3.3135,17.8125,17.8125,0.0866476
127,25.02,46.16,64.35,2.0817,9.98548,0.3446,0.0244379,17.76,17.76,0.0750032,-0.136,3.675,24.9375,24.9375,0.0824602
128,24.74,46.58,64.85,2.0988,9.98504,0.3318,0.0225757,17.76,17.76,0.0859497,-0.07075,2.9395,24.9375,24.9375,0.0784531
129,24.46,46.98,65.35,2.1154,9.98273,0.3344,0.0233925,24.88,24.88,0.0817682,-0.11925,3.6215,28.5,28.5,0.0907346
130,24.16,47.4,65.85,2.1322,9.98276,0.3376,0.0235127,24.88,24.88,0.0777332,-0.06425,3.2545,28.5,28.5,0.0766032
131,23.88,47.8,66.35,2.1488,9.98504,0.3262,0.0225456,28.48,28.48,0.0900513,-0.04675,3.1985,24.9375,24.9375,0.0848218
132,23.58,48.2,66.85,2.1655,9.98296,0.3448,0.0243539,28.48,28.48,0.0759088,-0.086,3.697,28.5,28.5,0.0848922
133,23.26,48.58,67.35,2.1826,9.98509,0.3328,0.0227859,24.88,24.88,0.0841253,-0.02675,2.977,24.9375,24.9375,0.0758669
134,22.94,48.98,67.85,2.1991,9.98519,0.3316,0.0232065,28.48,28.48,0.0841786,-0.08275,3.5345,24.9375,24.9375,0.0906676
135,22.62,49.36,68.35,2.2159,9.98783,0.3402,0.0238012,24.88,24.88,0.0751231,-0.06375,3.3605,21.375,21.375,0.0779653
136,22.3,49.74,68.85,2.2326,9.98748,0.324,0.0222697,24.88,24.88,0.0899581,-0.04,3.046,21.375,21.375,0.0840836
137,21.96,50.1,69.35,2.2491,9.98791,0.3412,0.0241315,21.36,21.36,0.0772671,-0.12225,3.7365,21.375,21.375,0.0838614
138,21.62,50.48,69.85,2.2661,9.98764,0.3346,0.0229904,21.36,21.36,0.0833662,-0.06275,3.036,21.375,21.375,0.0792421
139,21.28,50.84,70.35,2.2827,9.98517,0.3324,0.0231464,21.36,21.36,0.0831665,-0.106,3.4785,24.9375,24.9375,0.0933349
140,20.92,51.2,70.9,2.2995,9.98527,0.3376,0.0235669,21.36,21.36,0.0785056,-0.09425,3.356,24.9375,24.9375,0.0834922
141,20.56,51.54,71.4,2.3162,9.98509,0.3294,0.0227859,24.88,24.88,0.0926348,-0.07075,3.234,24.9375,24.9375,0.0806376
142,20.2,51.88,71.9,2.3331,9.98308,0.3526,0.0248346,24.88,24.88,0.0828336,-0.1285,3.844,28.5,28.5,0.0904444
143,19.84,52.22,72.4,2.3509,9.98289,0.3522,0.0240835,24.88,24.88,0.0799038,-0.05875,3.2465,28.5,28.5,0.0779306
144,19.46,52.54,72.9,2.3681,9.98514,0.335,0.0229962,28.48,28.48,0.0897317,-0.0525,3.312,24.9375,24.9375,0.0829997
145,19.08,52.86,73.4,2.385,9.98301,0.3476,0.0245642,28.48,28.48,0.0772272,-0.083,3.675,28.5,28.5,0.0856755
146,18.68,53.18,73.9,2.4022,9.98515,0.3354,0.0230563,24.88,24.88,0.0822742,-0.03075,3.0175,24.9375,24.9375,0.0756782
147,18.3,53.5,74.4,2.4187,9.98765,0.3294,0.0230205,28.48,28.48,0.0849643,-0.07225,3.4375,21.375,21.375,0.0876247
148,17.9,53.8,74.9,2.4354,9.98784,0.3394,0.0238613,24.88,24.88,0.0749367,-0.069,3.4125,21.375,21.375,0.0791366
149,17.5,54.1,75.4,2.4521,9.98748,0.3244,0.0222998,21.36,21.36,0.0869218,-0.0485,3.0015,21.375,21.375,0.0843894
150,17.08,54.38,75.9,2.4685,9.98778,0.3346,0.023591,21.36,21.36,0.078439,-0.12125,3.621,21.375,21.375,0.0864795
151,16.68,54.66,76.4,2.4852,9.98513,0.3322,0.0229662,21.36,21.36,0.0836725,-0.07375,3.125,24.9375,24.9375,0.0754242
152,16.26,54.94,76.9,2.5018,9.9852,0.3342,0.0232665,21.36,21.36,0.0857766,-0.11,3.489,24.9375,24.9375,0.0840381
153,15.84,55.22,77.4,2.5188,9.98288,0.3444,0.0240234,24.88,24.88,0.074697,-0.08775,3.4465,28.5,28.5,0.0800833
154,15.42,55.48,77.9,2.5357,9.98498,0.3258,0.0223053,24.88,24.88,0.0833396,-0.033,2.973,24.9375,24.9375,0.0793564
155,14.98,55.74,78.45,2.5518,9.98514,0.326,0.0229962,28.48,28.48,0.0793845,-0.0765,3.475,24.9375,24.9375,0.0937079
156,14.54,55.98,78.95,2.5682,9.98763,0.3278,0.0229304,24.88,24.88,0.0786121,-0.0505,3.1665,21.375,21.375,0.0770684
157,14.1,56.22,79.45,2.5845,9.98752,0.3234,0.0224799,24.88,24.88,0.0930076,-0.07,3.2845,21.375,21.375,0.0839615
158,13.66,56.46,79.95,2.6013,9.98558,0.3524,0.0248284,21.36,21.36,0.0764148,-0.12825,3.802,24.9375,24.9375,0.0827971
159,13.22,56.68,80.45,2.6188,9.98513,0.3394,0.0229662,21.36,21.36,0.0832464,-0.052,2.974,24.9375,24.9375,0.0769583
160,12.78,56.9,80.95,2.6355,9.98515,0.3316,0.0230563,24.88,24.88,0.0820878,-0.0935,3.494,24.9375,24.9375,0.0932731
161,12.32,57.12,81.45,2.6521,9.98524,0.3342,0.0234467,24.88,24.88,0.0762151,-0.06725,3.2885,24.9375,24.9375,0.081546
162,11.86,57.32,81.95,2.6686,9.98499,0.3224,0.0223354,24.88,24.88,0.0925815,-0.051,3.1285,24.9375,24.9375,0.0844228
163,11.4,57.52,82.45,2.6852,9.98303,0.348,0.0246543,24.88,24.88,0.0809159,-0.129,3.8445,28.5,28.5,0.0888635
164,10.94,57.7,82.95,2.7027,9.98531,0.347,0.0237171,24.88,24.88,0.0836991,-0.056,3.179,24.9375,24.9375,0.0772756
165,10.48,57.88,83.45,2.7198,9.98525,0.3402,0.0234768,28.48,28.48,0.0881337,-0.0755,3.503,24.9375,24.9375,0.08848
166,10,58.04,83.95,2.7371,9.9855,0.35,0.024498,24.88,24.88,0.0765347,-0.08,3.564,24.9375,24.9375,0.0804229
167,9.52,58.22,84.5,2.7543,9.98511,0.333,0.022846,24.88,24.88,0.0877741,-0.03975,3.05,24.9375,24.9375,0.0812034
168,9.06,58.36,84.95,2.7709,9.98536,0.3398,0.0239273,24.88,24.88,0.0797174,-0.103,3.6495,24.9375,24.9375,0.0850928
169,8.58,58.52,85.5,2.7879,9.98522,0.3366,0.0233266,24.88,24.88,0.0804765,-0.0545,3.149,24.9375,24.9375,0.0788977
170,8.1,58.66,86,2.8046,9.98761,0.3292,0.0228703,24.88,24.88,0.0843783,-0.07025,3.3135,21.375,21.375,0.0881295
171,7.62,58.78,86.5,2.8212,9.98528,0.3362,0.0235969,24.88,24.88,0.0781727,-0.08325,3.439,24.9375,24.9375,0.08382
172,7.12,58.92,87,2.8379,9.98759,0.3296,0.0227802,21.36,21.36,0.0874279,-0.0675,3.166,21.375,21.375,0.0796713
173,6.64,59.02,87.5,2.8545,9.98536,0.341,0.0239273,24.88,24.88,0.0831265,-0.1155,3.637,24.9375,24.9375,0.0874513
174,6.16,59.14,88,2.8718,9.98533,0.3446,0.0238072,21.36,21.36,0.0789317,-0.07825,3.308,24.9375,24.9375,0.078222
175,5.66,59.24,88.5,2.8887,9.98511,0.3318,0.022846,24.88,24.88,0.0867221,-0.0675,3.232,24.9375,24.9375,0.0812944
176,5.18,59.32,89,2.9054,9.98535,0.34,0.0238973,24.88,24.88,0.0775068,-0.09275,3.5605,24.9375,24.9375,0.0883984
177,4.68,59.4,89.5,2.9223,9.98511,0.3312,0.022876,24.88,24.88,0.0805564,-0.04525,3.062,24.9375,24.9375,0.0753695
178,4.18,59.48,90,2.9386,9.98508,0.3254,0.0227259,24.88,24.88,0.0877075,-0.078,3.371,24.9375,24.9375,0.0848102
179,3.68,59.54,90.55,2.9553,9.98542,0.3428,0.0241676,24.88,24.88,0.074657,-0.0915,3.545,24.9375,24.9375,0.0782211
180,3.2,59.6,91,2.9722,9.9875,0.3278,0.0223898,24.88,24.88,0.084112,-0.032,2.9445,21.375,21.375,0.0757297
181,2.7,59.66,91.5,2.9885,9.98516,0.3288,0.0230863,24.88,24.88,0.0775201,-0.08725,3.5035,24.9375,24.9375,0.0926698
182,2.2,59.7,92.05,3.0049,9.98756,0.3252,0.0226601,21.36,21.36,0.0749899,-0.057,3.059,21.375,21.375,0.0795695
183,1.7,59.74,92.55,3.0208,9.98736,0.3124,0.0217592,24.88,24.88,0.0919689,-0.0605,3.1285,21.375,21.375,0.0891265
184,1.2,59.76,93.05,3.0371,9.98547,0.3432,0.0244079,21.36,21.36,0.0789184,-0.1365,3.8085,24.9375,24.9375,0.0858289
185,0.7,59.78,93.55,3.0544,9.9852,0.3416,0.0232665,21.36,21.36,0.0884,-0.0715,3.1245,24.9375,24.9375,0.0809222
186,0.2,59.78,94.05,3.0715,9.98289,0.3474,0.0240835,24.88,24.88,0.0851241,-0.119,3.7195,28.5,28.5,0.0914275
187,-0.3,59.78,94.55,3.089,9.98294,0.3506,0.0242638,24.88,24.88,0.0801835,-0.07575,3.41,28.5,28.5,0.0779813
188,-0.8,59.76,95.05,3.1062,9.9827,0.3378,0.0232724,28.48,28.48,0.0907171,-0.0525,3.2855,28.5,28.5,0.0797151
189,-1.3,59.74,95.55,3.1233,9.98305,0.3512,0.0247144,28.48,28.48,0.0772804,-0.08575,3.7155,28.5,28.5,0.0807813
190,-1.8,59.72,96.05,3.1407,9.98517,0.3374,0.0231464,28.48,28.48,0.0789983,-0.01575,2.997,24.9375,24.9375,0.0756861
191,-2.3,59.68,96.55,-3.126,9.98752,0.3224,0.0224799,28.48,28.48,0.0800636,-0.041,3.249,21.375,21.375,0.08945
192,-2.8,59.64,97.05,-3.11,9.9901,0.3226,0.0228046,24.88,24.88,0.0749766,-0.05425,3.227,17.8125,17.8125,0.0808505
193,-3.3,59.6,97.6,-3.094,9.98991,0.3146,0.0219639,21.36,21.36,0.0887462,-0.06,3.059,17.8125,17.8125,0.0836891
194,-3.8,59.54,98.1,-3.0778,9.98784,0.3374,0.0238312,17.76,17.76,0.0801968,-0.145,3.689,21.375,21.375,0.0932152
195,-4.28,59.48,98.55,-3.0607,9.98521,0.3396,0.0232966,17.76,17.76,0.0829534,-0.09875,3.188,24.9375,24.9375,0.0805076
196,-4.78,59.4,99.1,-3.0439,9.9852,0.3368,0.0232365,21.36,21.36,0.0925282,-0.11825,3.5075,24.9375,24.9375,0.0876011
197,-5.28,59.32,99.6,-3.0266,9.98065,0.3588,0.0251112,24.88,24.88,0.0798239,-0.12525,3.781,32.0625,32.0625,0.0894042
198,-5.76,59.22,100.1,-3.0087,9.98279,0.3472,0.0236329,24.88,24.88,0.0868686,-0.0495,3.163,28.5,28.5,0.0779495
199,-6.26,59.12,100.6,-2.9916,9.98288,0.3448,0.0240234,32,32,0.0887063,-0.08325,3.659,28.5,28.5,0.0872529
200,-6.74,59,101.1,-2.974,9.98309,0.3556,0.0248646,28.48,28.48,0.0772272,-0.0585,3.544,28.5,28.5,0.0747669
201,-7.22,58.88,101.6,-2.9566,9.98515,0.3366,0.0230262,28.48,28.48,0.086549,-0.02,3.067,24.9375,24.9375,0.0782706
202,-7.72,58.76,102.1,-2.9399,9.98533,0.338,0.0238072,28.48,28.48,0.0740311,-0.066,3.55,24.9375,24.9375,0.0856777
203,-8.2,58.62,102.6,-2.9233,9.98999,0.3224,0.0223242,24.88,24.88,0.0775867,-0.0195,2.876,17.8125,17.8125,0.0755303
204,-8.68,58.48,103.1,-2.9075,9.98991,0.3124,0.0219639,24.88,24.88,0.0849909,-0.06625,3.2375,17.8125,17.8125,0.0872702
205,-9.16,58.34,103.65,-2.8915,9.98774,0.3306,0.0234409,17.76,17.76,0.0748301,-0.10875,3.4525,21.375,21.375,0.0819085
206,-9.62,58.18,104.1,-2.875,9.98745,0.3228,0.0221496,17.76,17.76,0.0865889,-0.07975,2.9945,21.375,21.375,0.0796247
207,-10.1,58.02,104.65,-2.8587,9.98524,0.3344,0.0234467,21.36,21.36,0.0812089,-0.13475,3.6385,24.9375,24.9375,0.0941363
208,-10.56,57.84,105.1,-2.8418,9.98522,0.338,0.0233566,21.36,21.36,0.0789051,-0.08225,3.2355,24.9375,24.9375,0.0762152
209,-11.04,57.66,105.65,-2.8251,9.98506,0.3284,0.0226358,24.88,24.88,0.0934338,-0.0755,3.2995,24.9375,24.9375,0.0856927
210,-11.5,57.46,106.15,-2.8082,9.98312,0.354,0.0249848,24.88,24.88,0.0755492,-0.1165,3.8205,28.5,28.5,0.080183
211,-11.96,57.28,106.65,-2.7907,9.98263,0.3378,0.0229419,24.88,24.88,0.0849909,-0.02775,2.9345,28.5,28.5,0.0786771
212,-12.42,57.06,107.15,-2.7741,9.98272,0.3336,0.0233324,28.48,28.48,0.0794644,-0.07925,3.554,28.5,28.5,0.0914698
213,-12.86,56.86,107.65,-2.7574,9.98517,0.3306,0.0231163,28.48,28.48,0.0779463,-0.03575,3.1575,24.9375,24.9375,0.0792845
214,-13.32,56.64,108.15,-2.7411,9.98752,0.322,0.0224499,28.48,28.48,0.0907704,-0.044,3.227,21.375,21.375,0.084741
215,-13.76,56.4,108.65,-2.7245,9.98549,0.346,0.0244679,24.88,24.88,0.0786121,-0.1055,3.73,24.9375,24.9375,0.0844553
216,-14.2,56.18,109.15,-2.7072,9.98769,0.3402,0.0232307,21.36,21.36,0.0840188,-0.05825,3.0985,21.375,21.375,0.0781732
217,-14.64,55.94,109.65,-2.6903,9.98522,0.3366,0.0233566,24.88,24.88,0.0837391,-0.09675,3.5095,24.9375,24.9375,0.0909719
218,-15.08,55.68,110.2,-2.6734,9.98532,0.3404,0.0237471,21.36,21.36,0.0774402,-0.084,3.368,24.9375,24.9375,0.0836918
219,-15.5,55.42,110.7,-2.6566,9.98756,0.3282,0.0226601,24.88,24.88,0.0902777,-0.06225,3.1605,21.375,21.375,0.0806492
220,-15.92,55.16,111.15,-2.6399,9.98547,0.3456,0.0243778,24.88,24.88,0.08302,-0.12025,3.7615,24.9375,24.9375,0.0852782
221,-16.34,54.88,111.7,-2.6225,9.98537,0.3484,0.0239874,21.36,21.36,0.0799172,-0.0745,3.2715,24.9375,24.9375,0.0741758
222,-16.76,54.62,112.2,-2.6054,9.98514,0.3346,0.0229962,24.88,24.88,0.0845647,-0.0695,3.269,24.9375,24.9375,0.0883482
223,-17.18,54.32,112.7,-2.5887,9.98529,0.3366,0.023627,24.88,24.88,0.0734452,-0.07525,3.4295,24.9375,24.9375,0.0838351
224,-17.58,54.04,113.2,-2.5722,9.98743,0.3192,0.0220595,24.88,24.88,0.0876809,-0.03175,2.936,21.375,21.375,0.0804765
225,-17.98,53.74,113.7,-2.556,9.98529,0.3332,0.023627,24.88,24.88,0.0831798,-0.11525,3.686,24.9375,24.9375,0.0911283
226,-18.38,53.44,114.2,-2.539,9.98533,0.343,0.0238072,21.36,21.36,0.0797574,-0.08175,3.298,24.9375,24.9375,0.0798748
227,-18.76,53.12,114.7,-2.5221,9.98513,0.334,0.0229361,24.88,24.88,0.0903975,-0.07475,3.295,24.9375,24.9375,0.0804866
228,-19.16,52.8,115.2,-2.5051,9.98301,0.3498,0.0245642,24.88,24.88,0.0791847,-0.11,3.7295,28.5,28.5,0.0892227
229,-19.54,52.48,115.7,-2.4877,9.98523,0.3412,0.0233867,24.88,24.88,0.0797574,-0.0455,3.1015,24.9375,24.9375,0.078543
230,-19.9,52.14,116.2,-2.471,9.98508,0.3274,0.0227259,28.48,28.48,0.0885199,-0.0585,3.3295,24.9375,24.9375,0.0830678
231,-20.28,51.8,116.75,-2.4543,9.98545,0.3434,0.0242877,24.88,24.88,0.0778397,-0.09175,3.616,24.9375,24.9375,0.0786614
232,-20.64,51.46,117.25,-2.4372,9.98515,0.3352,0.0230262,24.88,24.88,0.0823541,-0.045,3.063,24.9375,24.9375,0.076816
233,-21,51.12,117.7,-2.4206,9.98765,0.3306,0.0230505,24.88,24.88,0.0779329,-0.0745,3.3905,21.375,21.375,0.0914262
234,-21.34,50.76,118.2,-2.4042,9.98756,0.3244,0.0226301,24.88,24.88,0.0760819,-0.05025,3.1095,21.375,21.375,0.0764288
235,-21.7,50.4,118.75,-2.3883,9.98742,0.3148,0.0219995,21.36,21.36,0.0907438,-0.06825,3.161,21.375,21.375,0.0871592
236,-22.04,50.04,119.25,-2.372,9.98545,0.3424,0.0242877,21.36,21.36,0.0757623,-0.13275,3.7195,24.9375,24.9375,0.0853498
237,-22.36,49.66,119.75,-2.3549,9.98507,0.3336,0.0226958,21.36,21.36,0.0864424,-0.05575,2.9825,24.9375,24.9375,0.0775128
238,-22.7,49.28,120.25,-2.3382,9.98526,0.3372,0.0235068,24.88,24.88,0.0846446,-0.11475,3.659,24.9375,24.9375,0.0929557
239,-23.02,48.9,120.75,-2.3211,9.98288,0.3452,0.0240234,24.88,24.88,0.0767744,-0.07375,3.376,28.5,28.5,0.0782757
240,-23.34,48.5,121.25,-2.3042,9.98504,0.3292,0.0225757,24.88,24.88,0.0922619,-0.0475,3.1405,24.9375,24.9375,0.0845944
241,-23.64,48.12,121.75,-2.2874,9.98304,0.349,0.0246844,28.48,28.48,0.0776133,-0.1085,3.815,28.5,28.5,0.0852398
242,-23.94,47.72,122.25,-2.27,9.9852,0.3394,0.0232365,24.88,24.88,0.0838723,-0.0315,3.028,24.9375,24.9375,0.0786604
243,-24.24,47.3,122.8,-2.2533,9.98521,0.3344,0.0232966,28.48,28.48,0.0845115,-0.078,3.509,24.9375,24.9375,0.0919124
244,-24.52,46.9,123.25,-2.2364,9.98535,0.3412,0.0238973,24.88,24.88,0.0779196,-0.069,3.4025,24.9375,24.9375,0.079723
245,-24.8,46.48,123.8,-2.2195,9.9876,0.3304,0.0228103,24.88,24.88,0.0912232,-0.0555,3.176,21.375,21.375,0.0795966
246,-25.08,46.06,124.3,-2.2027,9.98551,0.3488,0.024558,24.88,24.88,0.0790249,-0.11575,3.768,24.9375,24.9375,0.0884379
247,-25.34,45.64,124.8,-2.1853,9.98773,0.3416,0.0233808,21.36,21.36,0.0788518,-0.0545,3.08,21.375,21.375,0.0756157
248,-25.6,45.22,125.3,-2.1686,9.98754,0.3258,0.02254,24.88,24.88,0.0877208,-0.0725,3.284,21.375,21.375,0.0866512
249,-25.84,44.78,125.8,-2.1521,9.98539,0.3402,0.0240775,21.36,21.36,0.0748967,-0.10425,3.5735,24.9375,24.9375,0.0842722
250,-26.1,44.34,126.3,-2.1353,9.98502,0.3272,0.0224856,21.36,21.36,0.0859497,-0.054,2.956,24.9375,24.9375,0.0800896
251,-26.34,43.9,126.8,-2.1189,9.98524,0.3334,0.0234167,24.88,24.88,0.0835793,-0.1135,3.6195,24.9375,24.9375,0.0887562
252,-26.56,43.46,127.3,-2.102,9.98533,0.3418,0.0238072,24.88,24.88,0.0793579,-0.0745,3.3415,24.9375,24.9375,0.0780131
253,-26.78,43.02,127.8,-2.085,9.98512,0.333,0.0229061,24.88,24.88,0.0880271,-0.062,3.246,24.9375,24.9375,0.0833543
254,-27,42.56,128.3,-2.0682,9.98291,0.344,0.0241436,24.88,24.88,0.0772937,-0.09725,3.6165,28.5,28.5,0.0865295
255,-27.2,42.1,128.8,-2.0512,9.98512,0.3332,0.0229061,24.88,24.88,0.0826471,-0.0435,3.0575,24.9375,24.9375,0.0751457
256,-27.4,41.64,129.3,-2.0347,9.98516,0.33,0.0230863,28.48,28.48,0.0858432,-0.07575,3.4575,24.9375,24.9375,0.0855808
257,-27.6,41.18,129.85,-2.0179,9.98537,0.342,0.0239874,24.88,24.88,0.074404,-0.07075,3.443,24.9375,24.9375,0.0787629
258,-27.78,40.72,130.3,-2.0011,9.98747,0.3248,0.0222397,24.88,24.88,0.0848843,-0.03275,2.9595,21.375,21.375,0.0791192
259,-27.96,40.26,130.8,-1.9849,9.98769,0.3292,0.0232006,24.88,24.88,0.0780528,-0.0925,3.5375,21.375,21.375,0.0931555
260,-28.12,39.78,131.35,-1.9684,9.98759,0.3276,0.0227802,21.36,21.36,0.078399,-0.062,3.092,21.375,21.375,0.0767561
261,-28.28,39.3,131.85,-1.9522,9.9875,0.3212,0.0223598,21.36,21.36,0.092475,-0.08925,3.2915,21.375,21.375,0.0843069
262,-28.44,38.84,132.35,-1.9355,9.98306,0.3504,0.0247444,21.36,21.36,0.0760819,-0.13625,3.779,28.5,28.5,0.082845
263,-28.58,38.36,132.85,-1.9181,9.98511,0.3378,0.022876,21.36,21.36,0.0835926,-0.05175,2.9645,24.9375,24.9375,0.0774303
264,-28.72,37.88,133.35,-1.9015,9.98266,0.3316,0.0230921,28.48,28.48,0.0821144,-0.0855,3.514,28.5,28.5,0.0933533
265,-28.84,37.38,133.85,-1.8848,9.98524,0.3346,0.0234467,24.88,24.88,0.0766945,-0.05825,3.2895,24.9375,24.9375,0.0771105
266,-28.96,36.9,134.35,-1.8683,9.98501,0.3234,0.0224255,28.48,28.48,0.0926614,-0.04275,3.153,24.9375,24.9375,0.0822265
267,-29.08,36.42,134.85,-1.8517,9.98554,0.349,0.0246782,24.88,24.88,0.0764415,-0.109,3.81,24.9375,24.9375,0.0856067
268,-29.18,35.92,135.35,-1.8343,9.98514,0.3378,0.0229962,24.88,24.88,0.0815152,-0.033,2.96,24.9375,24.9375,0.0773233
269,-29.28,35.44,135.85,-1.8178,9.98759,0.3276,0.0227802,24.88,24.88,0.0848843,-0.07925,3.426,21.375,21.375,0.0918027
270,-29.36,34.94,136.35,-1.8012,9.98532,0.3374,0.0237771,24.88,24.88,0.0766013,-0.0825,3.4355,24.9375,24.9375,0.0821148
271,-29.44,34.46,136.85,-1.7844,9.98754,0.3274,0.02257,21.36,21.36,0.0911166,-0.05975,3.105,21.375,21.375,0.0815873
272,-29.52,33.96,137.35,-1.7677,9.98547,0.3468,0.0244079,24.88,24.88,0.0814486,-0.13175,3.798,24.9375,24.9375,0.0879521
273,-29.58,33.46,137.9,-1.7503,9.98532,0.3462,0.0237471,21.36,21.36,0.0808493,-0.068,3.205,24.9375,24.9375,0.0789598
274,-29.64,32.96,138.4,-1.7333,9.98515,0.3342,0.0230262,24.88,24.88,0.0872281,-0.07875,3.35,24.9375,24.9375,0.0914344
275,-29.68,32.46,138.9,-1.7164,9.98291,0.3436,0.0241436,24.88,24.88,0.0782526,-0.09375,3.566,28.5,28.5,0.0842085
276,-29.72,31.96,139.4,-1.6994,9.98515,0.3344,0.0230563,24.88,24.88,0.0907305,-0.05375,3.155,24.9375,24.9375,0.0796498
277,-29.74,31.46,139.9,-1.6824,9.983,0.3492,0.0245342,28.48,28.48,0.0835393,-0.11,3.7795,28.5,28.5,0.0880882
278,-29.76,30.96,140.4,-1.6648,9.98541,0.3506,0.0241376,24.88,24.88,0.0788918,-0.05425,3.2895,24.9375,24.9375,0.0722454
279,-29.78,30.46,140.9,-1.6477,9.98512,0.3332,0.0229061,28.48,28.48,0.0873613,-0.04525,3.2295,24.9375,24.9375,-0.0113802
280,-29.78,29.96,141.4,-1.631,9.98539,0.341,0.0240475,24.88,24.88,0.0715009,-0.07425,3.5435,24.9375,24.9375,0.0758874
281,-29.78,29.46,141.9,-1.6143,9.98989,0.3186,0.0218739,24.88,24.88,-0.0120757,0.22475,2.1975,17.8125,17.8125,0.0820833
282,-29.78,28.96,142.4,-1.6027,9.99022,0.1196,0.00667658,24.88,24.88,0.0763616,0.32225,-0.738,14.25,14.25,0.121821
283,-29.78,28.46,142.9,-1.5972,9.99111,0.1512,0.0149338,17.76,17.76,0.0819546,-0.21125,3.9555,14.25,14.25,0.111111
284,-29.76,27.96,143.45,-1.5863,9.98231,0.2786,0.0214997,14.24,14.24,0.121506,-0.222,3.318,28.5,28.5,0.122349
285,-29.74,27.46,143.95,-1.569,9.96857,0.4088,0.0267673,14.24,14.24,0.110799,-0.38925,4.8495,49.875,49.875,0.121776
286,-29.68,26.98,144.4,-1.5471,9.95901,0.4538,0.0283902,28.48,28.48,0.121759,-0.25025,4.7895,64.125,64.125,0.0925464
287,-29.62,26.48,144.9,-1.5238,9.95231,0.4784,0.0310933,49.84,49.84,0.121226,-0.205,5.196,74.8125,74.8125,0.0912012
288,-29.56,25.98,145.45,-1.4995,9.95517,0.491,0.03223,64.08,64.08,0.0918224,0.00175,4.7685,71.25,71.25,0.0806598
289,-29.48,25.48,145.95,-1.4761,9.96882,0.4324,0.0276698,74.8,74.8,0.0904508,0.214,3.492,49.875,49.875,0.0735989
290,-29.38,25,146.45,-1.456,9.98577,0.3806,0.0255792,71.2,71.2,0.0798772,0.201,3.6515,24.9375,24.9375,0.0827886
291,-29.3,24.5,146.95,-1.4379,10.0003,0.3432,0.0238314,49.84,49.84,0.0728592,0.16025,3.0925,3.5625,3.5625,0.0728888
292,-29.2,24.02,147.45,-1.4216,10.0099,0.3098,0.0218601,24.88,24.88,0.0821011,0.033,2.887,-10.6875,-10.6875,0.0800649
293,-29.08,23.52,147.95,-1.4062,10.0076,0.316,0.0227947,3.52,3.52,0.0721801,-0.1405,3.3375,-7.125,-7.125,0.0812271
294,-28.96,23.04,148.45,-1.3904,10.0048,0.3104,0.0216012,-10.72,-10.72,0.0793712,-0.19275,2.823,-3.5625,-3.5625,0.0742531
295,-28.84,22.56,148.95,-1.3749,9.9949,0.3142,0.0219229,-7.2,-7.2,0.0805297,-0.26425,3.321,10.6875,10.6875,0.0883395
296,-28.72,22.06,149.45,-1.3588,9.98505,0.3254,0.0226057,-3.6,-3.6,0.0735251,-0.234,3.2525,24.9375,24.9375,0.0800482
297,-28.58,21.58,149.95,-1.3428,9.97981,0.3144,0.0215051,10.64,10.64,0.0876409,-0.15425,3.0195,32.0625,32.0625,0.0814128
298,-28.44,21.12,150.45,-1.3267,9.97276,0.333,0.0235062,24.88,24.88,0.0793579,-0.1495,3.684,42.75,42.75,0.0898023
299,-28.28,20.64,150.95,-1.3099,9.97516,0.3348,0.0231094,32,32,0.0807029,-0.03425,3.149,39.1875,39.1875,0.0758708
300,-28.12,20.16,151.45,-1.2933,9.9776,0.329,0.0228331,42.72,42.72,0.0891191,-0.00575,3.3795,35.625,35.625,0.0861715
301,-27.94,19.7,151.95,-1.2765,9.98048,0.3464,0.0244201,39.12,39.12,0.075163,-0.0075,3.618,32.0625,32.0625,0.082785
302,-27.76,19.22,152.5,-1.2594,9.98506,0.3304,0.0226358,35.6,35.6,0.0854703,0.03525,2.9595,24.9375,24.9375,0.0767462
303,-27.58,18.76,153,-1.243,9.98774,0.3324,0.0234108,32,32,0.0820878,-0.04925,3.582,21.375,21.375,0.0852802
304,-27.38,18.3,153.5,-1.2262,9.99027,0.3372,0.0235551,24.88,24.88,0.076002,-0.0455,3.2495,17.8125,17.8125,0.0751119
305,-27.18,17.84,154,-1.2097,9.99248,0.323,0.0222586,21.36,21.36,0.0845647,-0.05625,3.076,14.25,14.25,0.0826274
306,-26.98,17.38,154.5,-1.1935,9.99021,0.3302,0.0232849,17.76,17.76,0.0743907,-0.1145,3.4775,17.8125,17.8125,0.0874086
307,-26.76,16.94,155,-1.1771,9.98994,0.3202,0.022114,14.24,14.24,0.0819147,-0.08725,2.95,17.8125,17.8125,0.0766403
308,-26.54,16.5,155.5,-1.1611,9.98756,0.3228,0.0226601,17.76,17.76,0.0867354,-0.1395,3.459,21.375,21.375,0.0856557
309,-26.3,16.04,156,-1.1445,9.98287,0.3424,0.0239934,17.76,17.76,0.0759088,-0.129,3.5,28.5,28.5,0.0777012
310,-26.06,15.6,156.5,-1.1275,9.98252,0.3298,0.0224912,21.36,21.36,0.0849376,-0.068,3.033,28.5,28.5,0.0778605
311,-25.82,15.18,157,-1.1111,9.98271,0.3326,0.0233024,28.48,28.48,0.0769741,-0.087,3.5305,28.5,28.5,0.0887884
312,-25.58,14.74,157.5,-1.0946,9.98256,0.3258,0.0226414,28.48,28.48,0.0771206,-0.02425,3.0415,28.5,28.5,0.0790358
313,-25.32,14.32,158,-1.0785,9.98494,0.3162,0.0220951,28.48,28.48,0.088107,-0.0425,3.2095,24.9375,24.9375,0.0862495
314,-25.04,13.88,158.55,-1.0623,9.98537,0.3376,0.0239573,28.48,28.48,0.0783325,-0.08625,3.623,24.9375,24.9375,0.0839784
315,-24.78,13.48,159,-1.0453,9.98764,0.3348,0.0229904,24.88,24.88,0.0855236,-0.04375,3.118,21.375,21.375,0.0784138
316,-24.5,13.06,159.5,-1.0286,9.98527,0.3386,0.0235669,24.88,24.88,0.083273,-0.096,3.5715,24.9375,24.9375,0.0937386
317,-24.2,12.64,160.05,-1.0115,9.98532,0.3418,0.0237471,21.36,21.36,0.0776799,-0.08,3.335,24.9375,24.9375,0.0789628
318,-23.9,12.24,160.55,-0.9947,9.98756,0.3286,0.0226601,24.88,24.88,0.0930343,-0.06475,3.204,21.375,21.375,0.0828015
319,-23.6,11.84,161.05,-0.9779,9.98309,0.3518,0.0248646,24.88,24.88,0.0783058,-0.12225,3.835,28.5,28.5,0.0840328
320,-23.3,11.46,161.55,-0.9603,9.98522,0.3426,0.0233566,21.36,21.36,0.0820878,-0.05125,3.045,24.9375,24.9375,0.0755643
321,-22.98,11.06,162.05,-0.9435,9.98515,0.332,0.0230563,28.48,28.48,0.083313,-0.07525,3.419,24.9375,24.9375,0.0899135
322,-22.66,10.68,162.55,-0.9269,9.98528,0.3356,0.0235969,24.88,24.88,0.0748301,-0.06175,3.347,24.9375,24.9375,0.0821258
323,-22.34,10.3,163.05,-0.9104,9.98746,0.3208,0.0222097,24.88,24.88,0.0892256,-0.0405,3.0245,21.375,21.375,0.0839343
324,-22,9.92,163.55,-0.8941,9.98537,0.3388,0.0239874,24.88,24.88,0.0814486,-0.11775,3.7275,24.9375,24.9375,0.0888148
325,-21.66,9.56,164.05,-0.8769,9.98528,0.3424,0.0235969,21.36,21.36,0.0831931,-0.07475,3.2315,24.9375,24.9375,0.0789427
326,-21.32,9.2,164.55,-0.8599,9.98523,0.339,0.0233867,24.88,24.88,0.088107,-0.0935,3.464,24.9375,24.9375,0.0900457
327,-20.96,8.84,165.1,-0.8427,9.98547,0.3498,0.0244079,24.88,24.88,0.0782259,-0.0935,3.585,24.9375,24.9375,0.0834514
328,-20.6,8.5,165.6,-0.8254,9.98516,0.3368,0.0230863,24.88,24.88,0.0893322,-0.05,3.148,24.9375,24.9375,0.076972
329,-20.24,8.16,166.1,-0.8085,9.98545,0.3462,0.0243178,24.88,24.88,0.0827537,-0.11225,3.724,24.9375,24.9375,0.0880242
330,-19.86,7.82,166.6,-0.7911,9.98537,0.3464,0.0239573,24.88,24.88,0.0762284,-0.05875,3.246,24.9375,24.9375,0.0738831
331,-19.5,7.5,167.05,-0.7742,9.9875,0.3256,0.0223898,24.88,24.88,0.0873213,-0.044,3.106,21.375,21.375,0.0790355
332,-19.12,7.16,167.6,-0.7578,9.98534,0.3362,0.0238372,24.88,24.88,0.0731655,-0.09175,3.5775,24.9375,24.9375,0.0900181
333,-18.72,6.86,168.1,-0.7412,9.98745,0.3216,0.0221496,21.36,21.36,0.0783325,-0.0355,2.828,21.375,21.375,0.074745
334,-18.34,6.54,168.6,-0.7255,9.98741,0.3132,0.0219694,24.88,24.88,0.0893322,-0.08375,3.328,21.375,21.375,0.0871863
335,-17.94,6.24,169.1,-0.7092,9.98542,0.341,0.0241976,21.36,21.36,0.0740444,-0.11275,3.623,24.9375,24.9375,0.0791271
336,-17.54,5.94,169.6,-0.6923,9.98498,0.3284,0.0223053,21.36,21.36,0.0864824,-0.04825,2.912,24.9375,24.9375,0.0795423
337,-17.12,5.64,170.1,-0.6759,9.98523,0.3338,0.0233867,24.88,24.88,0.0784257,-0.10475,3.61,24.9375,24.9375,0.0902305
338,-16.72,5.36,170.6,-0.6592,9.98513,0.3306,0.0229361,24.88,24.88,0.0787985,-0.05125,3.1095,24.9375,24.9375,0.0785483
339,-16.3,5.08,171.1,-0.6429,9.98502,0.3228,0.0224555,24.88,24.88,0.0895453,-0.069,3.2855,24.9375,24.9375,0.0867808
340,-15.88,4.82,171.6,-0.6263,9.98295,0.3444,0.0243239,24.88,24.88,0.077853,-0.10775,3.6715,28.5,28.5,0.0806845
341,-15.46,4.54,172.15,-0.6091,9.98515,0.3368,0.0230262,24.88,24.88,0.0860562,-0.047,3.0895,24.9375,24.9375,0.0806672
342,-15.02,4.3,172.65,-0.5923,9.98529,0.3392,0.023657,28.48,28.48,0.0799704,-0.083,3.577,24.9375,24.9375,0.0896647
343,-14.6,4.04,173.15,-0.5754,9.9852,0.335,0.0232365,24.88,24.88,0.0799438,-0.04825,3.191,24.9375,24.9375,0.0785397
344,-14.16,3.8,173.65,-0.5588,9.9876,0.3278,0.0228103,24.88,24.88,0.0889593,-0.07175,3.315,21.375,21.375,0.0848857
345,-13.72,3.56,174.15,-0.5421,9.98545,0.3454,0.0243178,24.88,24.88,0.0778397,-0.10275,3.634,24.9375,24.9375,0.0864184
346,-13.26,3.34,174.65,-0.5249,9.98765,0.3362,0.0230205,21.36,21.36,0.0841652,-0.05625,3.0825,21.375,21.375,0.0781978
347,-12.82,3.12,175.15,-0.5082,9.98522,0.3348,0.0233566,24.88,24.88,0.0857233,-0.10175,3.5295,24.9375,24.9375,0.0928962
348,-12.36,2.9,175.65,-0.4912,9.98539,0.3446,0.0240775,21.36,21.36,0.0774669,-0.0925,3.4485,24.9375,24.9375,0.0813031
349,-11.92,2.7,176.15,-0.4742,9.98509,0.3316,0.0227859,24.88,24.88,0.0921953,-0.0595,3.1555,24.9375,24.9375,0.0827219
350,-11.46,2.5,176.65,-0.4573,9.98305,0.3506,0.0247144,24.88,24.88,0.0806496,-0.12325,3.8295,28.5,28.5,0.0908754
351,-10.98,2.32,177.15,-0.4397,9.98281,0.3462,0.023723,24.88,24.88,0.0819946,-0.0525,3.1615,28.5,28.5,0.0759847
352,-10.52,2.14,177.65,-0.4227,9.98519,0.3356,0.0232065,28.48,28.48,0.0901711,-0.0685,3.4305,24.9375,24.9375,0.0863312
353,-10.06,1.96,178.15,-0.4057,9.98306,0.3514,0.0247444,28.48,28.48,0.0752696,-0.07825,3.652,28.5,28.5,0.0867151
354,-9.58,1.8,178.65,-0.3884,9.98758,0.3332,0.0227502,24.88,24.88,0.0856301,-0.02125,2.9505,21.375,21.375,0.079572
355,-9.1,1.64,179.2,-0.3719,9.98774,0.3336,0.0234409,28.48,28.48,0.0860429,-0.09325,3.621,21.375,21.375,0.088356
356,-8.62,1.5,179.7,-0.3549,9.98794,0.3462,0.0242516,21.36,21.36,0.0788518,-0.0855,3.4435,21.375,21.375,0.0760992
357,-8.14,1.36,180.2,-0.3377,9.98765,0.3358,0.0230205,21.36,21.36,0.0876276,-0.0745,3.1845,21.375,21.375,0.0830508
358,-7.66,1.22,180.7,-0.3209,9.98538,0.3432,0.0240174,21.36,21.36,0.0753761,-0.1115,3.5965,24.9375,24.9375,0.0853306
359,-7.18,1.1,181.2,-0.3039,9.98504,0.3282,0.0225757,21.36,21.36,0.0823408,-0.05425,2.9695,24.9375,24.9375,0.0764188
360,-6.7,0.98,181.7,-0.2877,9.98511,0.3258,0.022876,24.88,24.88,0.0846446,-0.09925,3.4435,24.9375,24.9375,0.0876189
361,-6.2,0.88,182.2,-0.2711,9.98532,0.338,0.0237471,24.88,24.88,0.0756824,-0.07925,3.4,24.9375,24.9375,0.0766818
362,-5.72,0.78,182.7,-0.2544,9.985,0.3256,0.0223654,24.88,24.88,0.0869085,-0.04975,3.082,24.9375,24.9375,0.0775458
363,-5.22,0.68,183.2,-0.238,9.98529,0.3362,0.023657,24.88,24.88,0.0759621,-0.09,3.5595,24.9375,24.9375,0.0913604
364,-4.72,0.6,183.7,-0.2213,9.98504,0.3268,0.0225456,24.88,24.88,0.0768143,-0.03675,2.9705,24.9375,24.9375,0.0776792
365,-4.24,0.52,184.2,-0.2053,9.9874,0.3146,0.0219394,24.88,24.88,0.0906639,-0.06275,3.2345,21.375,21.375,0.0865917
366,-3.74,0.46,184.7,-0.189,9.98546,0.3424,0.0243478,24.88,24.88,0.0770008,-0.115,3.7185,24.9375,24.9375,0.0826864
367,-3.24,0.4,185.25,-0.1719,9.98512,0.336,0.0229061,21.36,21.36,0.0858698,-0.05275,3.0305,24.9375,24.9375,0.08073
368,-2.74,0.36,185.75,-0.1551,9.98526,0.338,0.0235068,24.88,24.88,0.081968,-0.10625,3.6025,24.9375,24.9375,0.0839339
369,-2.24,0.32,186.25,-0.1382,9.98527,0.3388,0.0235368,24.88,24.88,0.0799971,-0.06625,3.2815,24.9375,24.9375,0.0745482
370,-1.74,0.28,186.75,-0.1214,9.98513,0.3312,0.0229662,24.88,24.88,0.0832064,-0.06575,3.2655,24.9375,24.9375,0.0951353
371,-1.24,0.26,187.25,-0.1048,9.98523,0.3338,0.0233867,24.88,24.88,0.073818,-0.071,3.364,24.9375,24.9375,0.0711125
372,-0.74,0.24,187.75,-0.0884,9.98742,0.3182,0.0220295,24.88,24.88,0.0944592,-0.0525,3.085,21.375,21.375,0.0395532
373,-0.24,0.22,188.25,-0.0719,9.98558,0.3492,0.0248284,24.88,24.88,0.0704489,-0.1145,3.8525,24.9375,24.9375,0.0200608
