0,0,0,0,-3.14159,9.9927,-0.3306,-0.0232591,35.6,35.6,-0.0782738,0.0145,-3.1205,14.25,14.25,-0.0777149
1,-0.48,0,0.5,-3.14159,9.9927,-0.3306,-0.0232591,35.6,35.6,-0.0782738,0.0145,-3.1205,14.25,14.25,-0.0777149
2,-0.98,0,1,3.1402,9.98784,-0.2932,-0.0203787,0,0,-0.0730137,-0.336,-3.6715,17.8125,17.8125,-0.050997
3,-1.48,0.02,1.5,3.1305,9.9927,-0.3306,-0.0232591,35.6,35.6,-0.0782738,0.0145,-3.1205,14.25,14.25,-0.0777149
4,-1.98,0.06,2,3.1132,9.9927,-0.3306,-0.0232591,35.6,35.6,-0.0782738,0.0145,-3.1205,14.25,14.25,-0.0777149
5,-2.48,0.12,2.5,3.0975,9.9927,-0.3306,-0.0232591,35.6,35.6,-0.0782738,0.0145,-3.1205,14.25,14.25,-0.0777149
6,-2.98,0.18,3,3.0801,9.9927,-0.3306,-0.0232591,35.6,35.6,-0.0782738,0.0145,-3.1205,14.25,14.25,-0.0777149
7,-3.48,0.24,3.5,3.0606,9.9927,-0.3306,-0.0232591,35.6,35.6,-0.0782738,0.0145,-3.1205,14.25,14.25,-0.0777149
8,-3.96,0.32,4,3.04,9.9927,-0.3306,-0.0232591,35.6,35.6,-0.0782738,0.0145,-3.1205,14.25,14.25,-0.0777149
9,-4.46,0.42,4.5,3.0212,9.98789,-0.3548,-0.0240514,46.24,46.24,-0.0830945,0.0675,-3.352,21.375,21.375,-0.0688873
10,-4.94,0.52,5,3.0041,9.9927,-0.3306,-0.0232591,35.6,35.6,-0.0782738,0.0145,-3.1205,14.25,14.25,-0.0777149
11,-5.44,0.62,5.5,2.9881,9.99479,-0.3056,-0.0214228,21.36,21.36,-0.0682862,-0.0225,-2.575,10.6875,10.6875,-0.0705603
12,-5.92,0.72,6,2.9733,9.99471,-0.294,-0.0210327,14.24,14.24,-0.0770487,-0.12675,-3.1995,10.6875,10.6875,-0.0713849
13,-6.42,0.84,6.5,2.9584,9.99222,-0.2978,-0.021068,10.64,10.64,-0.0698842,-0.1055,-2.7425,14.25,14.25,-0.0756243
14,-6.9,0.96,7,2.9437,9.98955,-0.2902,-0.0202626,10.64,10.64,-0.0706966,-0.112,-2.8455,17.8125,17.8125,-0.0690922
15,-7.38,1.08,7.5,2.9292,9.98715,-0.2938,-0.0207481,14.24,14.24,-0.0749579,-0.12,-3.118,21.375,21.375,-0.0805691
16,-7.86,1.22,8,2.9144,9.9846,-0.2938,-0.020513,17.76,17.76,-0.0684194,-0.06025,-2.7025,24.9375,24.9375,-0.0751484
17,-8.34,1.36,8.5,2.8997,9.98473,-0.2986,-0.0211138,21.36,21.36,-0.0799251,-0.109,-3.3915,24.9375,24.9375,-0.0707023
18,-8.82,1.52,9,2.8844,9.98487,-0.3112,-0.0217747,24.88,24.88,-0.0744652,-0.047,-2.992,24.9375,24.9375,-0.0804598
19,-9.3,1.68,9.5,2.869,9.98465,-0.301,-0.0207533,24.88,24.88,-0.070044,-0.02225,-2.787,24.9375,24.9375,-0.0688907
20,-9.76,1.84,10,2.8541,9.98728,-0.3014,-0.0213788,24.88,24.88,-0.0798053,-0.086,-3.3855,21.375,21.375,-0.0728761
21,-10.24,2,10.5,2.8388,9.98724,-0.3028,-0.0211686,24.88,24.88,-0.0682462,-0.01425,-2.641,21.375,21.375,-0.0843239
22,-10.7,2.18,11,2.8241,9.98706,-0.29,-0.0202977,21.36,21.36,-0.0721747,-0.06025,-2.956,21.375,21.375,-0.0759244
23,-11.16,2.38,11.5,2.8093,9.98743,-0.3076,-0.0220395,21.36,21.36,-0.0837071,-0.13275,-3.5665,21.375,21.375,-0.0789649
24,-11.62,2.56,12,2.7934,9.98499,-0.3224,-0.0223454,21.36,21.36,-0.0752376,-0.06275,-2.9585,24.9375,24.9375,-0.075736
25,-12.08,2.78,12.55,2.7774,9.98488,-0.317,-0.0218347,21.36,21.36,-0.0782738,-0.082,-3.234,24.9375,24.9375,-0.0724506
26,-12.54,2.98,13.05,2.7616,9.98488,-0.3132,-0.0218347,24.88,24.88,-0.0750512,-0.04575,-3.0535,24.9375,24.9375,-0.0853913
27,-12.98,3.2,13.55,2.7462,9.98724,-0.3028,-0.0211686,24.88,24.88,-0.0717619,-0.03025,-2.8635,21.375,21.375,-0.0733812
28,-13.44,3.42,14.05,2.731,9.98747,-0.312,-0.0222497,24.88,24.88,-0.0847725,-0.11425,-3.605,21.375,21.375,-0.0818522
29,-13.88,3.64,14.55,2.715,9.98497,-0.3206,-0.0222553,21.36,21.36,-0.0726808,-0.04775,-2.8195,24.9375,24.9375,-0.0814343
30,-14.32,3.88,15.05,2.6992,9.98491,-0.3156,-0.0219549,21.36,21.36,-0.0811636,-0.10175,-3.399,24.9375,24.9375,-0.0790601
31,-14.76,4.12,15.55,2.6832,9.9851,-0.3258,-0.022826,24.88,24.88,-0.0807641,-0.0765,-3.3195,24.9375,24.9375,-0.0925929
32,-15.18,4.38,16.05,2.6668,9.98505,-0.3264,-0.0226157,24.88,24.88,-0.0783671,-0.0565,-3.155,24.9375,24.9375,-0.0751798
33,-15.62,4.64,16.55,2.6503,9.98536,-0.3408,-0.0239373,24.88,24.88,-0.0920168,-0.14675,-3.922,24.9375,24.9375,-0.0807605
34,-16.04,4.9,17.05,2.6329,9.98524,-0.3428,-0.0234267,24.88,24.88,-0.0745052,-0.02175,-2.8505,24.9375,24.9375,-0.0823233
35,-16.46,5.18,17.55,2.6164,9.98746,-0.3216,-0.0221896,24.88,24.88,-0.0800583,-0.065,-3.313,21.375,21.375,-0.0783935
36,-16.88,5.46,18.1,2.6003,9.98514,-0.3246,-0.0229762,24.88,24.88,-0.081643,-0.081,-3.3695,24.9375,24.9375,-0.0923556
37,-17.28,5.74,18.55,2.584,9.98508,-0.3258,-0.0227359,21.36,21.36,-0.0776746,-0.071,-3.085,24.9375,24.9375,-0.081396
38,-17.68,6.04,19.05,2.5676,9.98535,-0.3394,-0.0238773,24.88,24.88,-0.0917638,-0.1455,-3.9015,24.9375,24.9375,-0.0785376
39,-18.08,6.34,19.6,2.5501,9.9854,-0.3506,-0.0240875,24.88,24.88,-0.0806709,-0.0555,-3.1785,24.9375,24.9375,-0.085071
40,-18.48,6.64,20.1,2.533,9.98507,-0.3322,-0.0226758,24.88,24.88,-0.0778211,-0.044,-3.1325,24.9375,24.9375,-0.0779005
41,-18.88,6.96,20.6,2.5166,9.98516,-0.328,-0.0230963,24.88,24.88,-0.0843996,-0.09525,-3.537,24.9375,24.9375,-0.0886729
42,-19.26,7.28,21.1,2.5001,9.98514,-0.3292,-0.0230062,24.88,24.88,-0.0771952,-0.04625,-3.045,24.9375,24.9375,-0.0879006
43,-19.64,7.6,21.6,2.4837,9.98524,-0.3342,-0.0234267,24.88,24.88,-0.0880218,-0.11825,-3.7,24.9375,24.9375,-0.0825043
44,-20,7.94,22.1,2.4665,9.98549,-0.3518,-0.024478,24.88,24.88,-0.0872095,-0.10125,-3.5625,24.9375,24.9375,-0.0852392
45,-20.38,8.28,22.6,2.4488,9.98534,-0.3492,-0.0238472,24.88,24.88,-0.0818028,-0.06025,-3.2715,24.9375,24.9375,-0.0780512
46,-20.74,8.62,23.1,2.4316,9.98529,-0.3414,-0.023637,24.88,24.88,-0.0845594,-0.085,-3.5005,24.9375,24.9375,-0.0841745
47,-21.08,8.98,23.6,2.4147,9.98517,-0.333,-0.0231264,24.88,24.88,-0.077355,-0.04275,-3.069,24.9375,24.9375,-0.0830346
48,-21.44,9.34,24.1,2.3983,9.98764,-0.3276,-0.0230004,24.88,24.88,-0.0835074,-0.0875,-3.4535,21.375,21.375,-0.0761567
49,-21.78,9.7,24.6,2.3817,9.98525,-0.335,-0.0234868,24.88,24.88,-0.0823621,-0.07775,-3.341,24.9375,24.9375,-0.0837934
50,-22.12,10.06,25.1,2.365,9.98754,-0.3272,-0.02255,21.36,21.36,-0.0754773,-0.055,-2.975,21.375,21.375,-0.0790735
51,-22.46,10.44,25.65,2.3489,9.98755,-0.3226,-0.0226101,24.88,24.88,-0.0831212,-0.09025,-3.4785,21.375,21.375,-0.0808055
52,-22.78,10.82,26.15,2.3326,9.98512,-0.3274,-0.0229161,21.36,21.36,-0.0783804,-0.07625,-3.139,24.9375,24.9375,-0.091453
53,-23.1,11.2,26.65,2.3163,9.98505,-0.3248,-0.0225857,21.36,21.36,-0.0801116,-0.0875,-3.2675,24.9375,24.9375,-0.0800356
54,-23.4,11.6,27.15,2.2998,9.98538,-0.3412,-0.0239974,24.88,24.88,-0.090845,-0.1375,-3.839,24.9375,24.9375,-0.0813934
55,-23.72,12,27.65,2.2823,9.98284,-0.3482,-0.0238532,24.88,24.88,-0.0793126,-0.0475,-3.109,28.5,28.5,-0.0802603
56,-24.02,12.4,28.15,2.2654,9.98511,-0.3326,-0.022856,24.88,24.88,-0.0806842,-0.06275,-3.305,24.9375,24.9375,-0.0775763
57,-24.3,12.8,28.65,2.2489,9.98511,-0.3264,-0.0228861,28.48,28.48,-0.0795789,-0.043,-3.247,24.9375,24.9375,-0.0902424
58,-24.6,13.22,29.15,2.2327,9.98752,-0.3204,-0.0224599,24.88,24.88,-0.0768889,-0.04875,-3.073,21.375,21.375,-0.0805626
59,-24.88,13.62,29.65,2.2166,9.98777,-0.3328,-0.023541,24.88,24.88,-0.0896198,-0.1335,-3.7885,21.375,21.375,-0.0853731
60,-25.14,14.04,30.15,2.1994,9.98532,-0.3442,-0.0237571,21.36,21.36,-0.0798586,-0.0745,-3.1455,24.9375,24.9375,-0.0847529
61,-25.4,14.46,30.65,2.1824,9.98522,-0.339,-0.0233366,21.36,21.36,-0.0846926,-0.10775,-3.5125,24.9375,24.9375,-0.0771426
62,-25.66,14.9,31.15,2.1654,9.98533,-0.3422,-0.0238172,24.88,24.88,-0.0840534,-0.08375,-3.4485,24.9375,24.9375,-0.0881644
63,-25.92,15.34,31.7,2.1484,9.98513,-0.3326,-0.0229461,24.88,24.88,-0.0764628,-0.037,-3.0135,24.9375,24.9375,-0.0819351
64,-26.16,15.76,32.15,2.132,9.98522,-0.3314,-0.0233366,24.88,24.88,-0.0875157,-0.11525,-3.6975,24.9375,24.9375,-0.083154
65,-26.4,16.2,32.65,2.1151,9.98532,-0.341,-0.0237871,24.88,24.88,-0.0812169,-0.0655,-3.2375,24.9375,24.9375,-0.0878962
66,-26.62,16.66,33.2,2.0981,9.9852,-0.3368,-0.0232765,24.88,24.88,-0.082442,-0.07375,-3.3585,24.9375,24.9375,-0.0782713
67,-26.84,17.1,33.7,2.0812,9.98536,-0.3428,-0.0239373,24.88,24.88,-0.0872228,-0.10625,-3.6305,24.9375,24.9375,-0.0883118
68,-27.06,17.56,34.2,2.064,9.98523,-0.3396,-0.0233967,24.88,24.88,-0.0775681,-0.0405,-3.046,24.9375,24.9375,-0.0840298
69,-27.26,18.02,34.7,2.0473,9.98525,-0.3362,-0.0234868,24.88,24.88,-0.0876622,-0.11175,-3.689,24.9375,24.9375,-0.0789226
70,-27.46,18.48,35.2,2.0302,9.98539,-0.3452,-0.0240575,24.88,24.88,-0.0833209,-0.07675,-3.3575,24.9375,24.9375,-0.0906275
71,-27.64,18.94,35.7,2.0131,9.98516,-0.3354,-0.0230663,24.88,24.88,-0.0782073,-0.0455,-3.1095,24.9375,24.9375,-0.0757848
72,-27.82,19.4,36.2,1.9964,9.98533,-0.3386,-0.0238172,24.88,24.88,-0.090006,-0.1295,-3.817,24.9375,24.9375,-0.0789844
73,-28,19.88,36.7,1.9792,9.98523,-0.3388,-0.0233666,24.88,24.88,-0.0751177,-0.027,-2.8875,24.9375,24.9375,-0.0860337
74,-28.16,20.34,37.2,1.9628,9.98744,-0.3192,-0.0220996,24.88,24.88,-0.0783005,-0.05525,-3.197,21.375,21.375,-0.078162
75,-28.32,20.82,37.7,1.9468,9.98769,-0.3266,-0.0232107,24.88,24.88,-0.0853851,-0.1065,-3.58,21.375,21.375,-0.0848055
76,-28.48,21.3,38.25,1.9302,9.98516,-0.3324,-0.0230963,21.36,21.36,-0.0774615,-0.06625,-3.041,24.9375,24.9375,-0.0813596
77,-28.62,21.78,38.75,1.9138,9.98513,-0.3304,-0.0229461,21.36,21.36,-0.0841199,-0.11125,-3.504,24.9375,24.9375,-0.0820182
78,-28.76,22.26,39.25,1.8971,9.9852,-0.3348,-0.0232765,24.88,24.88,-0.0806576,-0.06675,-3.268,24.9375,24.9375,-0.0916441
79,-28.88,22.74,39.75,1.8804,9.98515,-0.332,-0.0230362,24.88,24.88,-0.0813367,-0.0705,-3.313,24.9375,24.9375,-0.0790588
80,-29,23.22,40.25,1.8636,9.98543,-0.3452,-0.0242377,24.88,24.88,-0.0910314,-0.13425,-3.8315,24.9375,24.9375,-0.0839288
81,-29.1,23.72,40.75,1.846,9.98534,-0.3478,-0.0238472,24.88,24.88,-0.0783404,-0.04075,-3.054,24.9375,24.9375,-0.0786243
82,-29.2,24.2,41.25,1.8291,9.98516,-0.334,-0.0230663,24.88,24.88,-0.0832277,-0.07925,-3.4475,24.9375,24.9375,-0.0766865
83,-29.3,24.7,41.75,1.8125,9.98514,-0.3288,-0.0229762,24.88,24.88,-0.0779143,-0.0505,-3.127,24.9375,24.9375,-0.0912441
84,-29.38,25.18,42.25,1.7963,9.98745,-0.3174,-0.0221596,24.88,24.88,-0.0759833,-0.044,-3.037,21.375,21.375,-0.0779364
85,-29.46,25.68,42.75,1.7803,9.98527,-0.3312,-0.0235469,24.88,24.88,-0.0906585,-0.1435,-3.8575,24.9375,24.9375,-0.0830067
86,-29.54,26.18,43.25,1.7632,9.98527,-0.3418,-0.0235469,21.36,21.36,-0.0772085,-0.0595,-2.992,24.9375,24.9375,-0.08581
87,-29.6,26.68,43.75,1.7465,9.98508,-0.3304,-0.0227359,24.88,24.88,-0.0823222,-0.07675,-3.4115,24.9375,24.9375,-0.0820404
88,-29.64,27.16,44.25,1.7299,9.98529,-0.3368,-0.023637,24.88,24.88,-0.085132,-0.09675,-3.536,24.9375,24.9375,-0.0914324
89,-29.7,27.66,44.75,1.7129,9.98528,-0.34,-0.0235769,24.88,24.88,-0.0813234,-0.06525,-3.2555,24.9375,24.9375,-0.0824592
90,-29.72,28.16,45.25,1.6958,9.98543,-0.3478,-0.0242377,24.88,24.88,-0.0907917,-0.12875,-3.8175,24.9375,24.9375,-0.0783629
91,-29.76,28.66,45.75,1.6782,9.98543,-0.3524,-0.0242377,24.88,24.88,-0.0817495,-0.0595,-3.243,24.9375,24.9375,-0.0867243
92,-29.76,29.16,46.3,1.661,9.98511,-0.3334,-0.022856,24.88,24.88,-0.077648,-0.04125,-3.1035,24.9375,24.9375,-0.0722344
93,-29.78,29.66,46.8,1.6446,9.98522,-0.3304,-0.0233366,24.88,24.88,-0.0860642,-0.10525,-3.614,24.9375,24.9375,-0.0988897
94,-29.78,30.16,47.3,1.6279,9.98754,-0.325,-0.02255,24.88,24.88,-0.0715755,-0.01475,-2.7235,21.375,21.375,-0.0904354
95,-29.78,30.66,47.8,1.6118,9.98537,-0.3376,-0.0239674,24.88,24.88,-0.0984089,-0.19925,-4.282,24.9375,24.9375,-0.0841323
96,-29.76,31.16,48.3,1.5939,9.9833,-0.3714,-0.0257158,21.36,21.36,-0.089753,-0.12575,-3.5855,28.5,28.5,-0.0866259
97,-29.74,31.66,48.8,1.5754,9.98296,-0.3628,-0.0243639,24.88,24.88,-0.0834008,-0.05875,-3.328,28.5,28.5,-0.0772155
98,-29.7,32.16,49.3,1.5577,9.98288,-0.3486,-0.0240334,28.48,28.48,-0.0859444,-0.06775,-3.583,28.5,28.5,-0.0824919
99,-29.66,32.66,49.8,1.5405,9.98521,-0.3352,-0.0233066,28.48,28.48,-0.0765293,-0.01425,-3.0005,24.9375,24.9375,-0.083103
100,-29.6,33.16,50.3,1.5241,9.98759,-0.3236,-0.0227602,28.48,28.48,-0.0817895,-0.05675,-3.3585,21.375,21.375,-0.0744834
101,-29.54,33.66,50.8,1.5078,9.98772,-0.3304,-0.0233308,24.88,24.88,-0.0824154,-0.0815,-3.3585,21.375,21.375,-0.0840105
102,-29.48,34.16,51.35,1.4913,9.9875,-0.3238,-0.0223698,21.36,21.36,-0.0738127,-0.04775,-2.8765,21.375,21.375,-0.0776545
103,-29.4,34.64,51.8,1.4754,9.98751,-0.3194,-0.0223999,21.36,21.36,-0.0833476,-0.11375,-3.504,21.375,21.375,-0.077075
104,-29.32,35.14,52.35,1.4592,9.98757,-0.325,-0.0227002,21.36,21.36,-0.0769688,-0.0695,-3.0685,21.375,21.375,-0.0891202
105,-29.24,35.64,52.85,1.4431,9.98741,-0.3168,-0.0219494,21.36,21.36,-0.0763695,-0.068,-3.0825,21.375,21.375,-0.0803452
106,-29.14,36.12,53.35,1.4272,9.9852,-0.329,-0.0232765,21.36,21.36,-0.0885012,-0.14875,-3.7635,24.9375,24.9375,-0.08512
107,-29.04,36.6,53.85,1.4102,9.98278,-0.3412,-0.0235828,21.36,21.36,-0.0796588,-0.0755,-3.1455,28.5,28.5,-0.0829623
108,-28.92,37.1,54.35,1.3933,9.9827,-0.3374,-0.0232523,24.88,24.88,-0.0844262,-0.088,-3.5035,28.5,28.5,-0.0788847
109,-28.8,37.58,54.85,1.3764,9.98528,-0.339,-0.0235769,28.48,28.48,-0.0822689,-0.0535,-3.357,24.9375,24.9375,-0.0922676
110,-28.66,38.06,55.35,1.3596,9.98512,-0.3308,-0.0229161,28.48,28.48,-0.0781806,-0.02925,-3.126,24.9375,24.9375,-0.0778816
111,-28.52,38.54,55.85,1.343,9.98538,-0.34,-0.0239974,24.88,24.88,-0.0916573,-0.14225,-3.89,24.9375,24.9375,-0.0806117
112,-28.38,39.02,56.35,1.3256,9.98532,-0.3452,-0.0237571,24.88,24.88,-0.0771685,-0.036,-2.981,24.9375,24.9375,-0.0833002
113,-28.22,39.5,56.85,1.3089,9.98753,-0.3272,-0.02252,24.88,24.88,-0.0799251,-0.0605,-3.2695,21.375,21.375,-0.0790218
114,-28.06,39.96,57.35,1.2926,9.98767,-0.3278,-0.0231206,24.88,24.88,-0.0826285,-0.0845,-3.4205,21.375,21.375,-0.0908213
115,-27.88,40.44,57.85,1.2761,9.98763,-0.3286,-0.0229404,21.36,21.36,-0.0783138,-0.073,-3.115,21.375,21.375,-0.0809552
116,-27.72,40.9,58.35,1.2596,9.98532,-0.339,-0.0237871,21.36,21.36,-0.0902058,-0.152,-3.8095,24.9375,24.9375,-0.0835748
117,-27.52,41.38,58.9,1.2422,9.98285,-0.3472,-0.0239133,21.36,21.36,-0.0802581,-0.07425,-3.1715,28.5,28.5,-0.0859396
118,-27.32,41.84,59.4,1.2252,9.98269,-0.3374,-0.0232223,24.88,24.88,-0.0828682,-0.07525,-3.4065,28.5,28.5,-0.0789909
119,-27.12,42.28,59.9,1.2083,9.98532,-0.34,-0.0237871,28.48,28.48,-0.0852652,-0.07375,-3.526,24.9375,24.9375,-0.0876763
120,-26.92,42.74,60.4,1.1913,9.9852,-0.3362,-0.0232765,28.48,28.48,-0.0782872,-0.02675,-3.096,24.9375,24.9375,-0.083667
121,-26.7,43.2,60.9,1.1746,9.98525,-0.3354,-0.0234868,24.88,24.88,-0.087023,-0.10825,-3.6445,24.9375,24.9375,-0.0811949
122,-26.48,43.64,61.4,1.1576,9.98537,-0.344,-0.0239674,24.88,24.88,-0.0829481,-0.075,-3.3395,24.9375,24.9375,-0.0931693
123,-26.24,44.08,61.9,1.1405,9.9852,-0.3376,-0.0232765,24.88,24.88,-0.0804978,-0.0595,-3.238,24.9375,24.9375,-0.0779941
124,-26,44.52,62.4,1.1236,9.98546,-0.3472,-0.0243578,24.88,24.88,-0.0925628,-0.14375,-3.924,24.9375,24.9375,-0.0816603
125,-25.74,44.96,62.9,1.1059,9.98535,-0.3488,-0.0239073,24.88,24.88,-0.0772884,-0.03325,-2.979,24.9375,24.9375,-0.0849646
126,-25.5,45.38,63.4,1.089,9.98757,-0.3292,-0.0227002,24.88,24.88,-0.0809639,-0.06525,-3.325,21.375,21.375,-0.0783235
127,-25.24,45.8,63.9,1.0726,9.98775,-0.332,-0.0234509,24.88,24.88,-0.0842931,-0.093,-3.493,21.375,21.375,-0.0841449
128,-24.96,46.22,64.4,1.0559,9.98516,-0.3318,-0.0230663,21.36,21.36,-0.0776213,-0.066,-3.057,24.9375,24.9375,-0.0775639
129,-24.68,46.64,64.9,1.0394,9.98513,-0.3288,-0.0229461,21.36,21.36,-0.0834541,-0.10725,-3.462,24.9375,24.9375,-0.0789218
130,-24.4,47.06,65.45,1.0229,9.98509,-0.3278,-0.022796,24.88,24.88,-0.0768489,-0.046,-3.0635,24.9375,24.9375,-0.0884181
131,-24.12,47.46,65.9,1.0068,9.98747,-0.319,-0.0222197,24.88,24.88,-0.0782206,-0.05825,-3.182,21.375,21.375,-0.079447
132,-23.82,47.88,66.45,0.9907,9.98525,-0.3314,-0.0234568,24.88,24.88,-0.0877821,-0.1215,-3.696,24.9375,24.9375,-0.0881799
133,-23.52,48.26,66.95,0.9737,9.98524,-0.3396,-0.0234267,21.36,21.36,-0.0787399,-0.07,-3.1,24.9375,24.9375,-0.0816619
134,-23.2,48.66,67.45,0.9569,9.98526,-0.3394,-0.0235168,24.88,24.88,-0.0875157,-0.10975,-3.6785,24.9375,24.9375,-0.0789836
135,-22.9,49.04,67.95,0.9397,9.98531,-0.343,-0.0237271,24.88,24.88,-0.0809505,-0.06175,-3.249,24.9375,24.9375,-0.0913749
136,-22.56,49.42,68.45,0.9228,9.98509,-0.3302,-0.022796,24.88,24.88,-0.0782872,-0.04925,-3.1435,24.9375,24.9375,-0.0754856
137,-22.24,49.8,68.95,0.9063,9.98535,-0.3382,-0.0239073,24.88,24.88,-0.0907784,-0.13675,-3.851,24.9375,24.9375,-0.0821267
138,-21.9,50.18,69.45,0.8891,9.98523,-0.34,-0.0233967,24.88,24.88,-0.0747981,-0.02475,-2.857,24.9375,24.9375,-0.0834414
139,-21.56,50.54,69.95,0.8726,9.98751,-0.3234,-0.0223999,24.88,24.88,-0.0814433,-0.074,-3.3775,21.375,21.375,-0.0802139
140,-21.22,50.9,70.45,0.8564,9.9852,-0.3296,-0.0232765,24.88,24.88,-0.0827616,-0.0855,-3.411,24.9375,24.9375,-0.0945355
141,-20.86,51.26,70.95,0.8398,9.98516,-0.3318,-0.0230663,21.36,21.36,-0.0795123,-0.07875,-3.1745,24.9375,24.9375,-0.0825504
142,-20.5,51.6,71.45,0.823,9.98546,-0.3472,-0.0243578,24.88,24.88,-0.0939744,-0.15625,-3.9975,24.9375,24.9375,-0.0815606
143,-20.14,51.94,71.95,0.8051,9.983,-0.3578,-0.0245141,24.88,24.88,-0.0818428,-0.05725,-3.218,28.5,28.5,-0.0858894
144,-19.76,52.28,72.5,0.7877,9.98519,-0.34,-0.0232165,24.88,24.88,-0.0808307,-0.05725,-3.281,24.9375,24.9375,-0.0775075
145,-19.38,52.6,73,0.7709,9.98528,-0.3362,-0.0236069,28.48,28.48,-0.0852119,-0.0745,-3.547,24.9375,24.9375,-0.0856761
146,-19,52.92,73.5,0.754,9.98768,-0.3324,-0.0231506,24.88,24.88,-0.0767957,-0.04025,-3.0095,21.375,21.375,-0.0839477
147,-18.62,53.24,74,0.7376,9.98766,-0.3292,-0.0230905,24.88,24.88,-0.0850122,-0.09775,-3.5415,21.375,21.375,-0.0808138
148,-18.22,53.56,74.5,0.7209,9.98531,-0.3394,-0.0237271,21.36,21.36,-0.0832677,-0.101,-3.3805,24.9375,24.9375,-0.0883887
149,-17.82,53.86,75,0.7039,9.98519,-0.3366,-0.0232165,21.36,21.36,-0.0800983,-0.07825,-3.213,24.9375,24.9375,-0.0800509
150,-17.42,54.16,75.5,0.6871,9.98531,-0.3398,-0.0237271,24.88,24.88,-0.0877288,-0.112,-3.6815,24.9375,24.9375,-0.0885679
151,-17.02,54.44,76,0.6699,9.98528,-0.3416,-0.0236069,24.88,24.88,-0.0793525,-0.05125,-3.143,24.9375,24.9375,-0.0865102
152,-16.6,54.72,76.5,0.653,9.98531,-0.3406,-0.0237271,24.88,24.88,-0.0879153,-0.1105,-3.68,24.9375,24.9375,-0.0764363
153,-16.18,55,77,0.6357,9.98298,-0.3506,-0.024424,24.88,24.88,-0.0858245,-0.09025,-3.4915,28.5,28.5,-0.0858598
154,-15.76,55.26,77.5,0.6183,9.98516,-0.3376,-0.0230963,24.88,24.88,-0.0757436,-0.0285,-2.954,24.9375,24.9375,-0.0759504
155,-15.34,55.52,78,0.6019,9.98514,-0.3278,-0.0230062,28.48,28.48,-0.0851986,-0.07925,-3.585,24.9375,24.9375,-0.0776161
156,-14.9,55.78,78.55,0.5854,9.98761,-0.327,-0.0228803,24.88,24.88,-0.0752642,-0.036,-2.9465,21.375,21.375,-0.0896914
157,-14.46,56.02,79.05,0.5694,9.9874,-0.3144,-0.0219194,24.88,24.88,-0.0769155,-0.0515,-3.1115,21.375,21.375,-0.0779662
158,-14.02,56.26,79.55,0.5535,9.98774,-0.3294,-0.0234209,21.36,21.36,-0.0891005,-0.15325,-3.779,21.375,21.375,-0.08287
159,-13.58,56.5,80.05,0.5365,9.98523,-0.3394,-0.0233666,21.36,21.36,-0.0772351,-0.06125,-3.0055,24.9375,24.9375,-0.0813507
160,-13.14,56.72,80.55,0.5199,9.98507,-0.3296,-0.0226758,21.36,21.36,-0.082189,-0.09675,-3.41,24.9375,24.9375,-0.078414
161,-12.68,56.94,81.05,0.5034,9.98516,-0.3304,-0.0230663,24.88,24.88,-0.0806709,-0.0695,-3.2995,24.9375,24.9375,-0.0918521
162,-12.24,57.16,81.55,0.4869,9.98506,-0.3254,-0.0226458,24.88,24.88,-0.0777012,-0.051,-3.1125,24.9375,24.9375,-0.0827908
163,-11.78,57.36,82.05,0.4706,9.98534,-0.3376,-0.0238472,24.88,24.88,-0.0912578,-0.14225,-3.8755,24.9375,24.9375,-0.0861184
164,-11.32,57.54,82.55,0.4532,9.98543,-0.3512,-0.0242377,24.88,24.88,-0.0820958,-0.0645,-3.247,24.9375,24.9375,-0.0828243
165,-10.86,57.74,83.05,0.4358,9.98531,-0.3456,-0.0237271,24.88,24.88,-0.0854383,-0.088,-3.5275,24.9375,24.9375,-0.0795155
166,-10.38,57.92,83.55,0.4185,9.98531,-0.3424,-0.0237271,24.88,24.88,-0.0821224,-0.0685,-3.334,24.9375,24.9375,-0.0918852
167,-9.92,58.08,84.05,0.4016,9.98515,-0.332,-0.0230362,24.88,24.88,-0.0788198,-0.05175,-3.1565,24.9375,24.9375,-0.0804986
168,-9.44,58.24,84.55,0.3851,9.98539,-0.3406,-0.0240575,24.88,24.88,-0.0912844,-0.13825,-3.858,24.9375,24.9375,-0.0810549
169,-8.96,58.4,85.1,0.3676,9.98538,-0.3484,-0.0240274,24.88,24.88,-0.079792,-0.05,-3.1185,24.9375,24.9375,-0.0833318
170,-8.48,58.54,85.6,0.3506,9.98511,-0.3332,-0.0228861,24.88,24.88,-0.080338,-0.0595,-3.266,24.9375,24.9375,-0.0773126
171,-8,58.68,86.1,0.3341,9.98518,-0.3304,-0.0231864,24.88,24.88,-0.0826418,-0.08175,-3.415,24.9375,24.9375,-0.0898154
172,-7.52,58.82,86.6,0.3175,9.98759,-0.3266,-0.0227602,24.88,24.88,-0.0766092,-0.0435,-3.029,21.375,21.375,-0.0836612
173,-7.04,58.94,87.1,0.3012,9.98525,-0.3336,-0.0234868,24.88,24.88,-0.0891804,-0.128,-3.7705,24.9375,24.9375,-0.0816191
174,-6.56,59.04,87.6,0.2841,9.9854,-0.3476,-0.0240875,21.36,21.36,-0.0829614,-0.093,-3.318,24.9375,24.9375,-0.0886969
175,-6.06,59.16,88.1,0.2668,9.9852,-0.3398,-0.0232765,24.88,24.88,-0.0809239,-0.06075,-3.2695,24.9375,24.9375,-0.0780351
176,-5.58,59.26,88.6,0.2499,9.98535,-0.3416,-0.0238773,24.88,24.88,-0.0880351,-0.11225,-3.697,24.9375,24.9375,-0.0843359
177,-5.08,59.34,89.1,0.2327,9.98525,-0.3396,-0.0234568,24.88,24.88,-0.0773283,-0.039,-3.0245,24.9375,24.9375,-0.0865622
178,-4.58,59.42,89.6,0.2161,9.98514,-0.3302,-0.0230062,24.88,24.88,-0.0836539,-0.08575,-3.4695,24.9375,24.9375,-0.0783032
179,-4.1,59.5,90.1,0.1994,9.98536,-0.3404,-0.0239373,24.88,24.88,-0.0858911,-0.09925,-3.538,24.9375,24.9375,-0.085755
180,-3.6,59.56,90.6,0.1823,9.9852,-0.3374,-0.0232465,24.88,24.88,-0.0775947,-0.042,-3.048,24.9375,24.9375,-0.0790183
181,-3.1,59.62,91.1,0.1657,9.98518,-0.332,-0.0231564,24.88,24.88,-0.0850788,-0.09625,-3.558,24.9375,24.9375,-0.0824243
182,-2.6,59.66,91.65,0.1489,9.98518,-0.3328,-0.0231864,24.88,24.88,-0.0783138,-0.0515,-3.1205,24.9375,24.9375,-0.0869911
183,-2.1,59.7,92.15,0.1325,9.98761,-0.328,-0.0228503,24.88,24.88,-0.0817362,-0.07575,-3.351,21.375,21.375,-0.0770655
184,-1.6,59.74,92.65,0.1159,9.98531,-0.3378,-0.0237271,24.88,24.88,-0.0863172,-0.1045,-3.5825,24.9375,24.9375,-0.0861061
185,-1.1,59.76,93.15,0.0989,9.98516,-0.3356,-0.0230963,21.36,21.36,-0.0763695,-0.056,-2.9905,24.9375,24.9375,-0.0813099
186,-0.6,59.76,93.65,0.0824,9.98515,-0.3302,-0.0230362,24.88,24.88,-0.0854383,-0.10025,-3.59,24.9375,24.9375,-0.0764296
187,-0.1,59.78,94.15,0.0657,9.98525,-0.3362,-0.0234568,24.88,24.88,-0.0806043,-0.065,-3.242,24.9375,24.9375,-0.0915926
188,0.4,59.78,94.65,0.0491,9.98751,-0.3248,-0.0223999,24.88,24.88,-0.0757436,-0.03775,-3.005,21.375,21.375,-0.0796012
189,0.9,59.76,95.15,0.0329,9.98528,-0.333,-0.0235769,24.88,24.88,-0.0910048,-0.1435,-3.894,24.9375,24.9375,-0.0830022
190,1.4,59.74,95.65,0.0157,9.98533,-0.3444,-0.0238172,21.36,21.36,-0.0788997,-0.06775,-3.078,24.9375,24.9375,-0.0818008
191,1.9,59.72,96.15,-0.0012,9.98514,-0.334,-0.0229762,24.88,24.88,-0.0823222,-0.07375,-3.385,24.9375,24.9375,-0.0784035
192,2.4,59.68,96.65,-0.0179,9.98518,-0.3322,-0.0231864,24.88,24.88,-0.081097,-0.07025,-3.3185,24.9375,24.9375,-0.0919544
193,2.9,59.64,97.15,-0.0344,9.98757,-0.3262,-0.0227002,24.88,24.88,-0.0777012,-0.05,-3.107,21.375,21.375,-0.0812453
194,3.38,59.58,97.65,-0.0508,9.98535,-0.338,-0.0238773,24.88,24.88,-0.0913643,-0.1425,-3.8765,24.9375,24.9375,-0.0799868
195,3.88,59.52,98.15,-0.0682,9.98539,-0.3492,-0.0240575,21.36,21.36,-0.080551,-0.07475,-3.164,24.9375,24.9375,-0.0839986
196,4.38,59.46,98.7,-0.0852,9.9851,-0.3336,-0.022826,24.88,24.88,-0.0792593,-0.05275,-3.208,24.9375,24.9375,-0.078891
197,4.88,59.38,99.2,-0.1017,9.98518,-0.3296,-0.0231564,24.88,24.88,-0.0833209,-0.08675,-3.4655,24.9375,24.9375,-0.0902305
198,5.36,59.28,99.7,-0.1183,9.98514,-0.3294,-0.0230062,24.88,24.88,-0.0781806,-0.052,-3.108,24.9375,24.9375,-0.0829697
199,5.86,59.2,100.2,-0.1348,9.98531,-0.3378,-0.0237271,24.88,24.88,-0.0896065,-0.128,-3.773,24.9375,24.9375,-0.0819312
200,6.34,59.1,100.7,-0.1521,9.9854,-0.3486,-0.0240875,24.88,24.88,-0.0822556,-0.06725,-3.2795,24.9375,24.9375,-0.0868787
201,6.84,58.98,101.2,-0.1693,9.9852,-0.3388,-0.0232465,24.88,24.88,-0.0812169,-0.06275,-3.294,24.9375,24.9375,-0.0788327
202,7.32,58.86,101.7,-0.1862,9.98531,-0.339,-0.0237271,24.88,24.88,-0.0861974,-0.10025,-3.592,24.9375,24.9375,-0.0856869
203,7.8,58.74,102.2,-0.2032,9.98523,-0.337,-0.0233666,24.88,24.88,-0.0781274,-0.04575,-3.082,24.9375,24.9375,-0.0852107
204,8.28,58.6,102.7,-0.2198,9.9852,-0.333,-0.0232465,24.88,24.88,-0.0849989,-0.09475,-3.5335,24.9375,24.9375,-0.0775599
205,8.76,58.46,103.2,-0.2367,9.98535,-0.342,-0.0239073,24.88,24.88,-0.0845195,-0.088,-3.4505,24.9375,24.9375,-0.087579
206,9.24,58.3,103.7,-0.2538,9.98764,-0.3346,-0.0230004,24.88,24.88,-0.0768623,-0.0385,-3.0275,21.375,21.375,-0.076692
207,9.72,58.14,104.25,-0.2702,9.9877,-0.3322,-0.0232707,24.88,24.88,-0.0869165,-0.11025,-3.6675,21.375,21.375,-0.0785235
208,10.18,57.98,104.7,-0.2871,9.98517,-0.3328,-0.0231264,21.36,21.36,-0.07601,-0.0565,-2.9735,24.9375,24.9375,-0.0893171
209,10.66,57.8,105.25,-0.3033,9.98744,-0.3186,-0.0220996,21.36,21.36,-0.0778211,-0.0735,-3.1615,21.375,21.375,-0.0796053
210,11.12,57.62,105.75,-0.3193,9.98526,-0.3312,-0.0235168,24.88,24.88,-0.0887143,-0.12875,-3.754,24.9375,24.9375,-0.0850927
211,11.58,57.44,106.25,-0.3364,9.98528,-0.3412,-0.0235769,21.36,21.36,-0.0788997,-0.06975,-3.0915,24.9375,24.9375,-0.0826222
212,12.04,57.24,106.75,-0.3532,9.98518,-0.336,-0.0231864,24.88,24.88,-0.0843996,-0.08875,-3.509,24.9375,24.9375,-0.079452
213,12.5,57.02,107.25,-0.3701,9.98526,-0.3378,-0.0235168,24.88,24.88,-0.0819227,-0.072,-3.3365,24.9375,24.9375,-0.0897294
214,12.94,56.82,107.75,-0.3869,9.98513,-0.331,-0.0229461,24.88,24.88,-0.0787399,-0.053,-3.1555,24.9375,24.9375,-0.0787756
215,13.4,56.6,108.25,-0.4034,9.98532,-0.3374,-0.0237571,24.88,24.88,-0.0890871,-0.12425,-3.7545,24.9375,24.9375,-0.0849922
216,13.84,56.36,108.75,-0.4206,9.98528,-0.3416,-0.0236069,24.88,24.88,-0.0780741,-0.04375,-3.057,24.9375,24.9375,-0.0818803
217,14.28,56.12,109.25,-0.4374,9.98517,-0.3338,-0.0231264,24.88,24.88,-0.0842931,-0.08825,-3.5,24.9375,24.9375,-0.076659
218,14.72,55.88,109.75,-0.4541,9.98524,-0.3358,-0.0234267,24.88,24.88,-0.0811769,-0.06825,-3.2885,24.9375,24.9375,-0.0904602
219,15.16,55.64,110.25,-0.4707,9.98753,-0.3254,-0.02252,24.88,24.88,-0.0759567,-0.03875,-3.0095,21.375,21.375,-0.0819986
220,15.58,55.38,110.75,-0.4869,9.98525,-0.3322,-0.0234868,24.88,24.88,-0.0898728,-0.13475,-3.8245,24.9375,24.9375,-0.0838763
221,16,55.12,111.25,-0.5041,9.98538,-0.3458,-0.0239974,21.36,21.36,-0.0813101,-0.08275,-3.215,24.9375,24.9375,-0.0855647
222,16.42,54.84,111.75,-0.5212,9.98522,-0.3398,-0.0233366,24.88,24.88,-0.0831611,-0.07625,-3.4065,24.9375,24.9375,-0.0780795
223,16.84,54.56,112.3,-0.5382,9.98532,-0.3412,-0.0237571,24.88,24.88,-0.0848923,-0.09,-3.509,24.9375,24.9375,-0.0905084
224,17.26,54.28,112.8,-0.5552,9.98517,-0.3346,-0.0231264,24.88,24.88,-0.0773816,-0.042,-3.0565,24.9375,24.9375,-0.0836313
225,17.66,53.98,113.3,-0.5718,9.98531,-0.3374,-0.0237271,24.88,24.88,-0.0898728,-0.129,-3.8035,24.9375,24.9375,-0.0807138
226,18.06,53.68,113.8,-0.5891,9.98543,-0.349,-0.0242377,24.88,24.88,-0.0829214,-0.07125,-3.305,24.9375,24.9375,-0.0891057
227,18.46,53.38,114.3,-0.6063,9.98519,-0.3386,-0.0232165,24.88,24.88,-0.0800184,-0.0545,-3.2135,24.9375,24.9375,-0.0797996
228,18.84,53.06,114.8,-0.6231,9.98534,-0.3402,-0.0238472,24.88,24.88,-0.0884612,-0.1165,-3.7255,24.9375,24.9375,-0.0843096
229,19.22,52.74,115.3,-0.6404,9.9853,-0.3422,-0.023697,24.88,24.88,-0.0790862,-0.04875,-3.1085,24.9375,24.9375,-0.0853001
230,19.6,52.42,115.8,-0.6572,9.98519,-0.3344,-0.0232165,24.88,24.88,-0.0836272,-0.083,-3.449,24.9375,24.9375,-0.0786935
231,19.98,52.08,116.3,-0.674,9.98532,-0.3398,-0.0237871,24.88,24.88,-0.084626,-0.08975,-3.4755,24.9375,24.9375,-0.0848859
232,20.34,51.74,116.8,-0.691,9.98518,-0.3352,-0.0231564,24.88,24.88,-0.0779942,-0.0455,-3.0855,24.9375,24.9375,-0.0772039
233,20.7,51.4,117.3,-0.7076,9.98516,-0.3308,-0.0230963,24.88,24.88,-0.0841998,-0.091,-3.5025,24.9375,24.9375,-0.0812374
234,21.06,51.04,117.8,-0.7242,9.98761,-0.3288,-0.0228803,24.88,24.88,-0.0765027,-0.0425,-3.031,21.375,21.375,-0.0856659
235,21.42,50.7,118.3,-0.7403,9.98753,-0.3218,-0.0224899,24.88,24.88,-0.0805377,-0.07175,-3.308,21.375,21.375,-0.0807842
236,21.76,50.32,118.85,-0.7566,9.98523,-0.3322,-0.0233967,21.36,21.36,-0.0850122,-0.11925,-3.5245,24.9375,24.9375,-0.0863017
237,22.1,49.96,119.35,-0.7735,9.98522,-0.3374,-0.0233366,21.36,21.36,-0.0800716,-0.0795,-3.197,24.9375,24.9375,-0.0810008
238,22.42,49.58,119.85,-0.7903,9.98525,-0.338,-0.0234568,24.88,24.88,-0.0856114,-0.09725,-3.565,24.9375,24.9375,-0.0762161
239,22.76,49.2,120.35,-0.8073,9.98525,-0.3388,-0.0234568,24.88,24.88,-0.0802847,-0.05975,-3.2265,24.9375,24.9375,-0.090803
240,23.08,48.82,120.85,-0.8239,9.9875,-0.324,-0.0223698,24.88,24.88,-0.0755306,-0.03625,-3.006,21.375,21.375,-0.079474
241,23.38,48.44,121.35,-0.84,9.98525,-0.3308,-0.0234868,24.88,24.88,-0.0901924,-0.1385,-3.848,24.9375,24.9375,-0.0834867
242,23.7,48.04,121.85,-0.8571,9.98531,-0.3424,-0.0237271,21.36,21.36,-0.0787666,-0.0685,-3.0735,24.9375,24.9375,-0.0840461
243,24,47.64,122.35,-0.8739,9.98514,-0.334,-0.0230062,24.88,24.88,-0.0828016,-0.07775,-3.4115,24.9375,24.9375,-0.0806211
244,24.28,47.24,122.85,-0.8907,9.98526,-0.3366,-0.0235168,24.88,24.88,-0.0833609,-0.0835,-3.4345,24.9375,24.9375,-0.0916118
245,24.58,46.82,123.35,-0.9075,9.98519,-0.3346,-0.0232165,24.88,24.88,-0.0799118,-0.059,-3.2015,24.9375,24.9375,-0.0808029
246,24.86,46.4,123.9,-0.9243,9.9854,-0.3438,-0.0241175,24.88,24.88,-0.0909914,-0.134,-3.8375,24.9375,24.9375,-0.0823479
247,25.12,45.98,124.4,-0.9418,9.98538,-0.3494,-0.0240274,24.88,24.88,-0.0800849,-0.05125,-3.149,24.9375,24.9375,-0.0831329
248,25.38,45.56,124.85,-0.9589,9.98516,-0.3354,-0.0230963,24.88,24.88,-0.081643,-0.06675,-3.3365,24.9375,24.9375,-0.0755024
249,25.64,45.14,125.35,-0.9756,9.98522,-0.333,-0.0233366,24.88,24.88,-0.0824287,-0.078,-3.3845,24.9375,24.9375,-0.0876746
250,25.9,44.7,125.9,-0.9921,9.98754,-0.3246,-0.02255,24.88,24.88,-0.0748115,-0.033,-2.9325,21.375,21.375,-0.0849055
251,26.14,44.26,126.4,-1.0082,9.98765,-0.3262,-0.0230305,24.88,24.88,-0.0870363,-0.11675,-3.681,21.375,21.375,-0.0826461
252,26.38,43.82,126.9,-1.025,9.98538,-0.3434,-0.0239974,21.36,21.36,-0.0842265,-0.106,-3.4055,24.9375,24.9375,-0.0866753
253,26.6,43.38,127.4,-1.0422,9.98525,-0.3426,-0.0234868,21.36,21.36,-0.081936,-0.08625,-3.3045,24.9375,24.9375,-0.0780265
254,26.82,42.94,127.9,-1.0593,9.98281,-0.3422,-0.023733,24.88,24.88,-0.0859843,-0.0965,-3.5785,28.5,28.5,-0.0864739
255,27.04,42.48,128.4,-1.0764,9.9852,-0.3362,-0.0232465,24.88,24.88,-0.0773283,-0.041,-3.0545,24.9375,24.9375,-0.0850832
256,27.24,42.02,128.9,-1.0929,9.9852,-0.332,-0.0232465,28.48,28.48,-0.0858112,-0.08125,-3.5855,24.9375,24.9375,-0.0778278
257,27.44,41.56,129.4,-1.1098,9.98538,-0.3426,-0.0239974,24.88,24.88,-0.0844129,-0.08675,-3.4315,24.9375,24.9375,-0.0886876
258,27.64,41.1,129.9,-1.1269,9.98515,-0.3352,-0.0230362,24.88,24.88,-0.0771153,-0.03975,-3.0395,24.9375,24.9375,-0.0799169
259,27.82,40.64,130.4,-1.1434,9.98525,-0.3344,-0.0234568,24.88,24.88,-0.0880484,-0.1175,-3.727,24.9375,24.9375,-0.0817259
260,27.98,40.16,130.9,-1.1605,9.98528,-0.3398,-0.0236069,24.88,24.88,-0.0792193,-0.05275,-3.13,24.9375,24.9375,-0.0869217
261,28.16,39.7,131.4,-1.1772,9.98761,-0.3308,-0.0228803,24.88,24.88,-0.0810438,-0.0675,-3.304,21.375,21.375,-0.0790691
262,28.32,39.22,131.95,-1.1938,9.9853,-0.3368,-0.023667,24.88,24.88,-0.086264,-0.10425,-3.5955,24.9375,24.9375,-0.085395
263,28.46,38.74,132.45,-1.2108,9.98522,-0.3376,-0.0233366,21.36,21.36,-0.0783671,-0.067,-3.0925,24.9375,24.9375,-0.0791791
264,28.6,38.26,132.95,-1.2275,9.98518,-0.3334,-0.0231864,24.88,24.88,-0.0847059,-0.09275,-3.5235,24.9375,24.9375,-0.0774607
265,28.74,37.78,133.45,-1.2442,9.98518,-0.333,-0.0231564,24.88,24.88,-0.0784736,-0.05225,-3.137,24.9375,24.9375,-0.0891798
266,28.86,37.3,133.95,-1.2606,9.98748,-0.321,-0.0222797,24.88,24.88,-0.0767424,-0.0465,-3.084,21.375,21.375,-0.077084
267,28.98,36.82,134.45,-1.2767,9.98773,-0.3302,-0.0233908,24.88,24.88,-0.0885545,-0.127,-3.749,21.375,21.375,-0.0821705
268,29.1,36.32,134.95,-1.2936,9.9852,-0.3368,-0.0232765,21.36,21.36,-0.0763695,-0.057,-2.967,24.9375,24.9375,-0.082778
269,29.2,35.84,135.45,-1.31,9.98503,-0.326,-0.0225256,21.36,21.36,-0.0814699,-0.09375,-3.3705,24.9375,24.9375,-0.0802352
270,29.3,35.34,135.95,-1.3264,9.98518,-0.3302,-0.0231564,24.88,24.88,-0.0820958,-0.08025,-3.3785,24.9375,24.9375,-0.0942724
271,29.38,34.86,136.45,-1.343,9.98514,-0.3306,-0.0229762,24.88,24.88,-0.0795389,-0.06025,-3.194,24.9375,24.9375,-0.0798745
272,29.46,34.36,136.95,-1.3597,9.98545,-0.3462,-0.0243278,24.88,24.88,-0.0937081,-0.15475,-3.9825,24.9375,24.9375,-0.0823179
273,29.54,33.86,137.45,-1.3775,9.98542,-0.3534,-0.0241776,24.88,24.88,-0.0791528,-0.04275,-3.079,24.9375,24.9375,-0.0860584
274,29.6,33.36,138,-1.3946,9.98514,-0.335,-0.0229762,24.88,24.88,-0.0816031,-0.06575,-3.349,24.9375,24.9375,-0.081894
275,29.64,32.88,138.45,-1.4113,9.9853,-0.3364,-0.023697,24.88,24.88,-0.0853851,-0.097,-3.547,24.9375,24.9375,-0.0907209
276,29.68,32.38,138.95,-1.4283,9.98529,-0.3394,-0.023637,24.88,24.88,-0.0811902,-0.06425,-3.2355,24.9375,24.9375,-0.0788923
277,29.72,31.88,139.5,-1.4453,9.98542,-0.3464,-0.0241776,24.88,24.88,-0.0900726,-0.124,-3.772,24.9375,24.9375,-0.077801
278,29.74,31.38,140,-1.4628,9.98532,-0.3458,-0.0237571,24.88,24.88,-0.0781806,-0.04075,-3.063,24.9375,24.9375,-0.0844289
279,29.76,30.88,140.5,-1.4796,9.98749,-0.3244,-0.0223398,24.88,24.88,-0.0770886,-0.0435,-3.1075,21.375,21.375,-0.0735943
280,29.78,30.38,141,-1.4956,9.98763,-0.3234,-0.0229404,24.88,24.88,-0.0837737,-0.09475,-3.4975,21.375,21.375,-0.102562
281,29.78,29.88,141.5,-1.5119,9.98751,-0.3216,-0.0223999,21.36,21.36,-0.0729072,-0.045,-2.816,21.375,21.375,-0.0928644
282,29.78,29.38,142,-1.5281,9.98299,-0.3446,-0.0244841,21.36,21.36,-0.102138,-0.246,-4.438,28.5,28.5,-0.0829208
283,29.76,28.88,142.5,-1.5466,9.97846,-0.3828,-0.0263298,21.36,21.36,-0.09219,-0.135,-3.6765,35.625,35.625,-0.0839538
284,29.74,28.38,143,-1.5656,9.98049,-0.3684,-0.0244902,28.48,28.48,-0.0821757,-0.0255,-3.247,32.0625,32.0625,-0.0756683
285,29.7,27.88,143.5,-1.5833,9.98278,-0.3438,-0.0235828,35.6,35.6,-0.083241,-0.01025,-3.451,28.5,28.5,-0.0795616
286,29.66,27.38,144,-1.6001,9.9876,-0.3258,-0.0228203,32,32,-0.0749713,0.009,-2.9455,21.375,21.375,-0.0841952
287,29.6,26.88,144.5,-1.616,9.98997,-0.3138,-0.0222441,28.48,28.48,-0.0788598,-0.04375,-3.206,17.8125,17.8125,-0.0743631
288,29.56,26.38,145.05,-1.6319,9.99016,-0.3246,-0.0230848,21.36,21.36,-0.083534,-0.114,-3.441,17.8125,17.8125,-0.0866267
289,29.48,25.88,145.55,-1.6483,9.98751,-0.3244,-0.0223999,17.76,17.76,-0.0736662,-0.06825,-2.862,21.375,21.375,-0.0777419
290,29.42,25.4,146.05,-1.6643,9.98756,-0.324,-0.0226401,17.76,17.76,-0.0859976,-0.15075,-3.6535,21.375,21.375,-0.0788746
291,29.34,24.9,146.55,-1.6808,9.98514,-0.331,-0.0229762,21.36,21.36,-0.0770487,-0.0665,-3.057,24.9375,24.9375,-0.0921582
292,29.24,24.4,147.05,-1.6971,9.98496,-0.321,-0.0221952,21.36,21.36,-0.0781806,-0.07575,-3.182,24.9375,24.9375,-0.0785145
293,29.14,23.92,147.55,-1.7133,9.98284,-0.337,-0.0238532,24.88,24.88,-0.0915641,-0.14675,-3.905,28.5,28.5,-0.0820424
294,29.04,23.44,148.05,-1.7307,9.98282,-0.3458,-0.0237631,24.88,24.88,-0.0777944,-0.04,-3.0145,28.5,28.5,-0.0807729
295,28.92,22.94,148.55,-1.7475,9.98508,-0.3306,-0.0227359,28.48,28.48,-0.0813367,-0.04875,-3.352,24.9375,24.9375,-0.0770988
296,28.8,22.46,149.05,-1.764,9.98763,-0.3276,-0.0229704,28.48,28.48,-0.0800849,-0.0465,-3.273,21.375,21.375,-0.0912566
297,28.68,21.98,149.55,-1.7802,9.98752,-0.3214,-0.0224599,24.88,24.88,-0.0763962,-0.04525,-3.0405,21.375,21.375,-0.0813335
298,28.54,21.5,150.05,-1.7964,9.98528,-0.3336,-0.0236069,21.36,21.36,-0.0906452,-0.16025,-3.85,24.9375,24.9375,-0.0830381
299,28.4,21.02,150.55,-1.8136,9.98536,-0.3472,-0.0239373,21.36,21.36,-0.0806309,-0.07775,-3.176,24.9375,24.9375,-0.087094
300,28.24,20.54,151.05,-1.8307,9.98518,-0.3378,-0.0231564,24.88,24.88,-0.0823355,-0.0715,-3.376,24.9375,24.9375,-0.0796561
301,28.08,20.06,151.6,-1.8476,9.98534,-0.341,-0.0238472,24.88,24.88,-0.0864104,-0.1015,-3.601,24.9375,24.9375,-0.0921887
302,27.9,19.6,152.1,-1.8647,9.98525,-0.3394,-0.0234868,24.88,24.88,-0.078953,-0.04925,-3.1215,24.9375,24.9375,-0.0825255
303,27.72,19.14,152.55,-1.8816,9.9854,-0.3442,-0.0241175,24.88,24.88,-0.0915508,-0.1365,-3.874,24.9375,24.9375,-0.0794821
304,27.54,18.66,153.1,-1.8992,9.98296,-0.3522,-0.0243339,24.88,24.88,-0.0818294,-0.0605,-3.235,28.5,28.5,-0.0855957
305,27.34,18.2,153.6,-1.9164,9.98514,-0.3354,-0.0230062,24.88,24.88,-0.0787533,-0.04725,-3.157,24.9375,24.9375,-0.0787056
306,27.14,17.76,154.1,-1.933,9.98521,-0.3314,-0.0233066,28.48,28.48,-0.0849323,-0.07625,-3.546,24.9375,24.9375,-0.0865516
307,26.94,17.3,154.6,-1.9497,9.98768,-0.3322,-0.0231806,24.88,24.88,-0.0779942,-0.049,-3.081,21.375,21.375,-0.0852731
308,26.72,16.84,155.1,-1.9662,9.98771,-0.3332,-0.0233007,24.88,24.88,-0.0858911,-0.10225,-3.576,21.375,21.375,-0.0805463
309,26.48,16.4,155.6,-1.9832,9.98537,-0.344,-0.0239674,21.36,21.36,-0.0845994,-0.107,-3.4475,24.9375,24.9375,-0.0883644
310,26.26,15.96,156.1,-2.0003,9.98522,-0.3396,-0.0233366,21.36,21.36,-0.0798319,-0.07375,-3.191,24.9375,24.9375,-0.0771921
311,26.02,15.52,156.6,-2.0172,9.98531,-0.34,-0.0237271,24.88,24.88,-0.0877022,-0.11075,-3.6825,24.9375,24.9375,-0.0798359
312,25.76,15.08,157.1,-2.0343,9.98521,-0.3372,-0.0233066,24.88,24.88,-0.0764894,-0.03575,-2.9905,24.9375,24.9375,-0.0862905
313,25.52,14.66,157.6,-2.0507,9.985,-0.3218,-0.0223754,24.88,24.88,-0.0791528,-0.06,-3.2315,24.9375,24.9375,-0.0782878
314,25.26,14.22,158.1,-2.0669,9.98523,-0.3296,-0.0233666,24.88,24.88,-0.0856381,-0.10575,-3.5745,24.9375,24.9375,-0.087055
315,24.98,13.8,158.65,-2.0836,9.98518,-0.3338,-0.0231564,24.88,24.88,-0.0775947,-0.04625,-3.0495,24.9375,24.9375,-0.0803292
316,24.72,13.38,159.15,-2.1002,9.9852,-0.334,-0.0232465,24.88,24.88,-0.0863971,-0.10575,-3.625,24.9375,24.9375,-0.081883
317,24.42,12.98,159.65,-2.1171,9.98524,-0.338,-0.0234267,24.88,24.88,-0.0796188,-0.057,-3.185,24.9375,24.9375,-0.0876242
318,24.14,12.56,160.15,-2.1338,9.98763,-0.331,-0.0229404,24.88,24.88,-0.0812036,-0.06925,-3.315,21.375,21.375,-0.0787773
319,23.84,12.16,160.65,-2.1504,9.98532,-0.3384,-0.0237571,24.88,24.88,-0.0869564,-0.10825,-3.6265,24.9375,24.9375,-0.0832745
320,23.54,11.76,161.15,-2.1675,9.98523,-0.3388,-0.0233666,21.36,21.36,-0.0780741,-0.0645,-3.074,24.9375,24.9375,-0.0823624
321,23.22,11.38,161.65,-2.1842,9.98512,-0.3302,-0.0229161,24.88,24.88,-0.0825885,-0.07925,-3.4155,24.9375,24.9375,-0.075266
322,22.92,10.98,162.15,-2.2007,9.98521,-0.3328,-0.0233066,24.88,24.88,-0.081683,-0.07425,-3.3295,24.9375,24.9375,-0.0931208
323,22.6,10.6,162.65,-2.2173,9.98751,-0.3236,-0.0223999,24.88,24.88,-0.0745851,-0.03225,-2.932,21.375,21.375,-0.0800156
324,22.26,10.22,163.15,-2.2334,9.98529,-0.3334,-0.023637,24.88,24.88,-0.0925362,-0.15525,-3.9735,24.9375,24.9375,-0.0842462
325,21.92,9.86,163.65,-2.2507,9.98538,-0.3474,-0.0239974,21.36,21.36,-0.0792859,-0.06875,-3.0885,24.9375,24.9375,-0.0817926
326,21.58,9.48,164.2,-2.2677,9.98518,-0.3374,-0.0231564,24.88,24.88,-0.0835473,-0.07975,-3.448,24.9375,24.9375,-0.0786442
327,21.24,9.12,164.7,-2.2846,9.98522,-0.3352,-0.0233366,24.88,24.88,-0.081097,-0.06775,-3.308,24.9375,24.9375,-0.093514
328,20.88,8.78,165.2,-2.3012,9.98759,-0.3272,-0.0227602,24.88,24.88,-0.0779409,-0.05025,-3.1185,21.375,21.375,-0.079731
329,20.52,8.42,165.7,-2.3176,9.9854,-0.3406,-0.0240875,24.88,24.88,-0.0929357,-0.15275,-3.952,24.9375,24.9375,-0.0810043
330,20.16,8.08,166.2,-2.3352,9.98539,-0.3502,-0.0240575,21.36,21.36,-0.0790196,-0.064,-3.0675,24.9375,24.9375,-0.0878344
331,19.8,7.74,166.7,-2.3522,9.98509,-0.3326,-0.022796,24.88,24.88,-0.0803113,-0.05925,-3.2765,24.9375,24.9375,-0.0809942
332,19.42,7.42,167.2,-2.3688,9.98531,-0.3362,-0.0237271,24.88,24.88,-0.0871828,-0.111,-3.661,24.9375,24.9375,-0.0872966
333,19.04,7.1,167.7,-2.3859,9.9853,-0.3412,-0.023697,24.88,24.88,-0.0802847,-0.0575,-3.172,24.9375,24.9375,-0.0870704
334,18.64,6.78,168.2,-2.4028,9.9853,-0.3406,-0.023667,24.88,24.88,-0.0866235,-0.10125,-3.6005,24.9375,24.9375,-0.0792154
335,18.26,6.48,168.7,-2.4201,9.98296,-0.3496,-0.0243339,24.88,24.88,-0.0863838,-0.095,-3.5375,28.5,28.5,-0.0840786
336,17.86,6.18,169.2,-2.4375,9.98525,-0.3418,-0.0234568,24.88,24.88,-0.0785002,-0.04325,-3.099,24.9375,24.9375,-0.0760565
337,17.46,5.88,169.7,-2.4542,9.98517,-0.3316,-0.0231264,28.48,28.48,-0.0833875,-0.0635,-3.4585,24.9375,24.9375,-0.0827484
338,17.04,5.58,170.2,-2.4708,9.98757,-0.3254,-0.0227002,24.88,24.88,-0.0753708,-0.03675,-2.972,21.375,21.375,-0.0866405
339,16.64,5.3,170.7,-2.4868,9.98754,-0.3206,-0.02255,24.88,24.88,-0.0820692,-0.08325,-3.3945,21.375,21.375,-0.0798641
340,16.22,5.02,171.2,-2.5031,9.9853,-0.336,-0.023667,21.36,21.36,-0.085971,-0.12425,-3.5525,24.9375,24.9375,-0.088803
341,15.8,4.76,171.7,-2.5202,9.98522,-0.3392,-0.0233366,21.36,21.36,-0.0791661,-0.07175,-3.139,24.9375,24.9375,-0.0793246
342,15.36,4.5,172.25,-2.537,9.98529,-0.3404,-0.023637,24.88,24.88,-0.0881283,-0.11425,-3.716,24.9375,24.9375,-0.0770415
343,14.94,4.24,172.75,-2.5542,9.98527,-0.341,-0.0235469,24.88,24.88,-0.0786068,-0.04725,-3.113,24.9375,24.9375,-0.0898649
344,14.5,4,173.25,-2.5708,9.98748,-0.3228,-0.0222797,24.88,24.88,-0.0763562,-0.041,-3.0615,21.375,21.375,-0.0766532
345,14.06,3.76,173.75,-2.5869,9.98525,-0.3302,-0.0234868,24.88,24.88,-0.0892603,-0.132,-3.7945,24.9375,24.9375,-0.0822317
346,13.62,3.52,174.25,-2.6038,9.98522,-0.337,-0.0233366,21.36,21.36,-0.0759434,-0.054,-2.928,24.9375,24.9375,-0.0821465
347,13.18,3.3,174.75,-2.6203,9.98503,-0.3256,-0.0225256,24.88,24.88,-0.0815498,-0.075,-3.3735,24.9375,24.9375,-0.0789505
348,12.72,3.08,175.25,-2.6367,9.98516,-0.3292,-0.0230963,24.88,24.88,-0.0814566,-0.07625,-3.344,24.9375,24.9375,-0.0921271
349,12.28,2.86,175.75,-2.6531,9.98759,-0.3274,-0.0227602,24.88,24.88,-0.0782339,-0.05375,-3.1295,21.375,21.375,-0.082637
350,11.82,2.66,176.25,-2.6696,9.98535,-0.34,-0.0239073,24.88,24.88,-0.0915241,-0.1425,-3.886,24.9375,24.9375,-0.0845609
351,11.36,2.46,176.75,-2.6871,9.98293,-0.352,-0.0242437,21.36,21.36,-0.081936,-0.082,-3.2415,28.5,28.5,-0.086838
352,10.88,2.28,177.3,-2.7045,9.98526,-0.3432,-0.0235168,24.88,24.88,-0.0838536,-0.07775,-3.4435,24.9375,24.9375,-0.0780401
353,10.42,2.1,177.75,-2.7216,9.98538,-0.3446,-0.0240274,28.48,28.48,-0.0861707,-0.07625,-3.5665,24.9375,24.9375,-0.0894446
354,9.96,1.94,178.25,-2.7388,9.98521,-0.3374,-0.0233066,24.88,24.88,-0.0773417,-0.03925,-3.035,24.9375,24.9375,-0.0809253
355,9.48,1.78,178.75,-2.7554,9.98529,-0.3364,-0.023637,24.88,24.88,-0.0887942,-0.1205,-3.7465,24.9375,24.9375,-0.0788971
356,9,1.62,179.3,-2.7726,9.98534,-0.343,-0.0238472,24.88,24.88,-0.0802314,-0.057,-3.1745,24.9375,24.9375,-0.0827781
357,8.52,1.46,179.8,-2.7894,9.98757,-0.3296,-0.0227002,24.88,24.88,-0.0781806,-0.04875,-3.137,21.375,21.375,-0.0800521
358,8.04,1.32,180.3,-2.8057,9.98761,-0.3254,-0.0228503,24.88,24.88,-0.0820958,-0.08125,-3.4025,21.375,21.375,-0.092526
359,7.56,1.2,180.8,-2.8221,9.98763,-0.328,-0.0229704,21.36,21.36,-0.0793791,-0.081,-3.187,21.375,21.375,-0.0845626
360,7.08,1.08,181.3,-2.8387,9.9854,-0.3432,-0.0240875,21.36,21.36,-0.0919236,-0.1625,-3.88,24.9375,24.9375,-0.0776875
361,6.6,0.96,181.8,-2.8564,9.98299,-0.3566,-0.0244841,21.36,21.36,-0.0838536,-0.092,-3.342,28.5,28.5,-0.0887407
362,6.1,0.86,182.3,-2.8738,9.98263,-0.338,-0.0229519,24.88,24.88,-0.0769821,-0.03475,-3.059,28.5,28.5,-0.075773
363,5.62,0.76,182.8,-2.8904,9.98525,-0.3334,-0.0234868,28.48,28.48,-0.0881017,-0.09775,-3.742,24.9375,24.9375,-0.0800463
364,5.12,0.66,183.3,-2.9073,9.98519,-0.3334,-0.0232165,28.48,28.48,-0.0750778,-0.01025,-2.8965,24.9375,24.9375,-0.0898876
365,4.62,0.58,183.8,-2.9235,9.98747,-0.3192,-0.0222197,24.88,24.88,-0.0793658,-0.06325,-3.2465,21.375,21.375,-0.0815202
366,4.14,0.52,184.3,-2.9397,9.98532,-0.3346,-0.0237871,24.88,24.88,-0.0892736,-0.13075,-3.7645,24.9375,24.9375,-0.0833501
367,3.64,0.44,184.8,-2.9569,9.98535,-0.346,-0.0238773,21.36,21.36,-0.0808174,-0.0785,-3.18,24.9375,24.9375,-0.0817502
368,3.14,0.38,185.35,-2.974,9.98518,-0.338,-0.0231864,24.88,24.88,-0.0826551,-0.07425,-3.3985,24.9375,24.9375,-0.0838382
369,2.64,0.34,185.85,-2.9908,9.9852,-0.3342,-0.0232465,24.88,24.88,-0.0810704,-0.06775,-3.31,24.9375,24.9375,-0.0832552
370,2.14,0.3,186.35,-3.0074,9.98523,-0.3342,-0.0233666,24.88,24.88,-0.0831478,-0.08175,-3.403,24.9375,24.9375,-0.0819467
371,1.64,0.26,186.85,-3.0242,9.98525,-0.3372,-0.0234868,24.88,24.88,-0.0825619,-0.07625,-3.3545,24.9375,24.9375,-0.100412
372,1.14,0.24,187.35,-3.0411,9.9852,-0.3354,-0.0232765,24.88,24.88,-0.0812435,-0.06775,-3.293,24.9375,24.9375,-0.0624076
373,0.64,0.24,187.85,-3.0581,9.98319,-0.3588,-0.0252952,24.88,24.88,-0.0999004,-0.19575,-4.269,28.5,28.5,-0.0223424
374,0.14,0.22,188.35,-3.0763,9.98511,-0.3438,-0.0228861,24.88,24.88,-0.062014,0.044,-2.1115,24.9375,24.9375,-0.0295274
0,-0.36,0.22,0.35,-3.091,9.99099,-0.2238,-0.0140731,28.48,28.48,-0.0227425,0.117,-0.252,14.25,14.25,-0.116796
1,-0.86,0.22,0.85,-3.099,9.99542,-0.1136,-0.00920434,24.88,24.88,-0.0295075,0.069,-1.047,7.125,7.125,-0.109764
2,-1.36,0.2,1.35,-3.1056,9.98672,-0.2042,-0.0185857,14.24,14.24,-0.116946,-0.4825,-4.6125,21.375,21.375,-0.12271
3,-1.86,0.22,1.85,-3.1201,9.97077,-0.3636,-0.0255976,7.12,7.12,-0.109462,-0.37725,-4.077,46.3125,46.3125,-0.109684
4,-2.36,0.26,2.4,-3.1407,9.95897,-0.4512,-0.0282496,21.36,21.36,-0.122299,-0.345,-5.1625,64.125,64.125,-0.114255
5,-2.84,0.3,2.85,3.1191,9.95687,-0.4702,-0.029612,46.24,46.24,-0.108969,-0.057,-4.63,67.6875,67.6875,-0.0886293
6,-3.34,0.36,3.35,3.0959,9.96452,-0.4608,-0.0301314,64.08,64.08,-0.11363,0.006,-4.818,57,57,-0.0831122
7,-3.84,0.44,3.9,3.0734,9.97638,-0.4266,-0.0278995,67.68,67.68,-0.0879286,0.20775,-3.351,39.1875,39.1875,-0.0851936
8,-4.34,0.5,4.4,3.0536,9.98799,-0.3664,-0.0244718,56.96,56.96,-0.0824287,0.1455,-3.258,21.375,21.375,-0.078501
9,-4.82,0.58,4.85,3.0362,9.99536,-0.3394,-0.0239434,39.12,39.12,-0.0845195,0.00025,-3.477,10.6875,10.6875,-0.0871845
10,-5.32,0.68,5.4,3.0194,9.99773,-0.3308,-0.0233674,21.36,21.36,-0.0778078,-0.0645,-3.035,7.125,7.125,-0.0861896
11,-5.82,0.78,5.9,3.0029,9.99525,-0.3328,-0.0234633,10.64,10.64,-0.0865303,-0.186,-3.589,10.6875,10.6875,-0.0793306
12,-6.3,0.88,6.4,2.9859,9.98792,-0.3472,-0.0241716,7.12,7.12,-0.0854916,-0.191,-3.4765,21.375,21.375,-0.0842383
13,-6.78,0.98,6.9,2.9685,9.9852,-0.3414,-0.0232765,10.64,10.64,-0.0786201,-0.1245,-3.1195,24.9375,24.9375,-0.0779029
14,-7.28,1.1,7.4,2.9518,9.98265,-0.3324,-0.023042,21.36,21.36,-0.0835606,-0.10425,-3.4805,28.5,28.5,-0.0852701
15,-7.76,1.24,7.9,2.9352,9.98511,-0.3284,-0.0228861,24.88,24.88,-0.0771952,-0.04625,-3.077,24.9375,24.9375,-0.0845091
16,-8.24,1.38,8.4,2.9189,9.98516,-0.3282,-0.0230663,28.48,28.48,-0.0846127,-0.07625,-3.515,24.9375,24.9375,-0.0746055
17,-8.72,1.52,8.9,2.9022,9.98532,-0.3392,-0.0237571,24.88,24.88,-0.083827,-0.0855,-3.413,24.9375,24.9375,-0.0834114
18,-9.2,1.68,9.4,2.8853,9.98504,-0.3288,-0.0225557,24.88,24.88,-0.0739059,-0.02475,-2.881,24.9375,24.9375,-0.074993
19,-9.66,1.82,9.9,2.8693,9.98751,-0.3194,-0.0223999,24.88,24.88,-0.0827483,-0.08875,-3.476,21.375,21.375,-0.0780238
20,-10.14,2,10.4,2.8532,9.98751,-0.3196,-0.0223999,24.88,24.88,-0.0743054,-0.03625,-2.9285,21.375,21.375,-0.0893487
21,-10.6,2.16,10.9,2.8375,9.98737,-0.3116,-0.0217993,21.36,21.36,-0.0773417,-0.0775,-3.1515,21.375,21.375,-0.0796054
22,-11.08,2.36,11.45,2.8216,9.98523,-0.3296,-0.0233967,21.36,21.36,-0.0887409,-0.1515,-3.758,24.9375,24.9375,-0.0832475
23,-11.54,2.54,11.95,2.8046,9.98275,-0.3414,-0.0234927,21.36,21.36,-0.0788864,-0.0705,-3.1,28.5,28.5,-0.0817138
24,-12,2.74,12.45,2.7878,9.98512,-0.3336,-0.0229161,24.88,24.88,-0.0825619,-0.07725,-3.419,24.9375,24.9375,-0.0777897
25,-12.46,2.94,12.95,2.7711,9.98518,-0.3326,-0.0231864,28.48,28.48,-0.0810171,-0.0495,-3.313,24.9375,24.9375,-0.0928614
26,-12.9,3.16,13.45,2.7546,9.98506,-0.3254,-0.0226458,24.88,24.88,-0.0770886,-0.0465,-3.0785,24.9375,24.9375,-0.077837
27,-13.36,3.38,13.95,2.7383,9.98535,-0.3378,-0.0239073,24.88,24.88,-0.0922965,-0.15,-3.9295,24.9375,24.9375,-0.0823842
28,-13.8,3.6,14.45,2.7209,9.98532,-0.3458,-0.0237571,24.88,24.88,-0.0771419,-0.03625,-2.9765,24.9375,24.9375,-0.0843233
29,-14.24,3.84,14.95,2.7041,9.98507,-0.33,-0.0227058,24.88,24.88,-0.081683,-0.071,-3.3705,24.9375,24.9375,-0.0788474
30,-14.68,4.08,15.45,2.6876,9.98524,-0.333,-0.0234267,24.88,24.88,-0.0836405,-0.08825,-3.4595,24.9375,24.9375,-0.0911524
31,-15.1,4.34,15.95,2.6709,9.98766,-0.3318,-0.0230605,24.88,24.88,-0.078154,-0.04975,-3.097,21.375,21.375,-0.0797682
32,-15.54,4.6,16.45,2.6543,9.98534,-0.3396,-0.0238472,24.88,24.88,-0.090552,-0.13375,-3.833,24.9375,24.9375,-0.0798202
33,-15.96,4.86,16.95,2.6369,9.98534,-0.3458,-0.0238472,21.36,21.36,-0.0790462,-0.067,-3.1035,24.9375,24.9375,-0.0828121
34,-16.38,5.14,17.5,2.6201,9.98506,-0.3296,-0.0226458,24.88,24.88,-0.0791128,-0.05425,-3.2085,24.9375,24.9375,-0.0765844
35,-16.8,5.42,18,2.6037,9.98514,-0.3266,-0.0229762,24.88,24.88,-0.0821224,-0.081,-3.399,24.9375,24.9375,-0.0884208
36,-17.2,5.7,18.5,2.5874,9.98755,-0.3238,-0.0226101,24.88,24.88,-0.0758901,-0.0415,-2.998,21.375,21.375,-0.0830751
37,-17.62,5.98,19,2.5713,9.98769,-0.3296,-0.0232107,24.88,24.88,-0.0877821,-0.12075,-3.706,21.375,21.375,-0.0818732
38,-18.02,6.28,19.5,2.5543,9.98534,-0.3434,-0.0238472,21.36,21.36,-0.0823754,-0.0925,-3.304,24.9375,24.9375,-0.0932588
39,-18.4,6.6,20,2.5372,9.98519,-0.338,-0.0232165,21.36,21.36,-0.0811636,-0.08375,-3.289,24.9375,24.9375,-0.0751793
40,-18.8,6.9,20.5,2.5202,9.98298,-0.3486,-0.024424,24.88,24.88,-0.0926694,-0.144,-3.932,28.5,28.5,-0.0815654
41,-19.18,7.22,21,2.5026,9.98278,-0.3456,-0.0236128,24.88,24.88,-0.0745185,-0.018,-2.8295,28.5,28.5,-0.086651
42,-19.56,7.56,21.5,2.486,9.985,-0.3232,-0.0223754,28.48,28.48,-0.080884,-0.04875,-3.3515,24.9375,24.9375,-0.0769761
43,-19.94,7.88,22,2.4697,9.98529,-0.3324,-0.023637,28.48,28.48,-0.0860109,-0.0865,-3.5835,24.9375,24.9375,-0.0854807
44,-20.3,8.22,22.5,2.4529,9.98766,-0.3334,-0.0230905,24.88,24.88,-0.076263,-0.03725,-2.9605,21.375,21.375,-0.0792818
45,-20.66,8.56,23,2.4365,9.98763,-0.329,-0.0229404,24.88,24.88,-0.0848124,-0.097,-3.554,21.375,21.375,-0.0797405
46,-21.02,8.92,23.5,2.4198,9.98767,-0.3322,-0.0231206,21.36,21.36,-0.0785801,-0.074,-3.1455,21.375,21.375,-0.0874943
47,-21.38,9.28,24.05,2.4034,9.98753,-0.3248,-0.02252,21.36,21.36,-0.0790329,-0.079,-3.2035,21.375,21.375,-0.0783705
48,-21.72,9.64,24.55,2.3871,9.98525,-0.3332,-0.0234568,21.36,21.36,-0.0868499,-0.13175,-3.6445,24.9375,24.9375,-0.083493
49,-22.06,10,25.05,2.3702,9.9852,-0.3368,-0.0232465,21.36,21.36,-0.0776746,-0.0645,-3.058,24.9375,24.9375,-0.0816734
50,-22.4,10.38,25.55,2.3536,9.98511,-0.3298,-0.022856,24.88,24.88,-0.0828016,-0.08175,-3.434,24.9375,24.9375,-0.0801852
51,-22.72,10.76,26.05,2.337,9.98519,-0.3322,-0.0232165,24.88,24.88,-0.0809905,-0.07,-3.2955,24.9375,24.9375,-0.091351
52,-23.04,11.14,26.55,2.3205,9.98511,-0.329,-0.0228861,24.88,24.88,-0.0794857,-0.06025,-3.2045,24.9375,24.9375,-0.0784566
53,-23.36,11.52,27.05,2.3039,9.98538,-0.341,-0.0239974,24.88,24.88,-0.0907384,-0.13525,-3.8305,24.9375,24.9375,-0.0847122
54,-23.66,11.92,27.55,2.2865,9.9853,-0.3452,-0.023697,24.88,24.88,-0.0777545,-0.0395,-3.027,24.9375,24.9375,-0.0838244
55,-23.96,12.32,28.05,2.2696,9.98516,-0.3338,-0.0230663,24.88,24.88,-0.0840267,-0.0855,-3.4955,24.9375,24.9375,-0.0789963
56,-24.26,12.72,28.55,2.2529,9.9853,-0.3376,-0.023667,24.88,24.88,-0.0831212,-0.08075,-3.399,24.9375,24.9375,-0.0932576
57,-24.54,13.14,29.05,2.236,9.98514,-0.3322,-0.0230062,24.88,24.88,-0.0782872,-0.049,-3.11,24.9375,24.9375,-0.0795383
58,-24.82,13.54,29.55,2.2194,9.98542,-0.3432,-0.0241776,24.88,24.88,-0.0926694,-0.14875,-3.9455,24.9375,24.9375,-0.0805015
59,-25.1,13.96,30.05,2.2018,9.98538,-0.3494,-0.0239974,24.88,24.88,-0.0788065,-0.04275,-3.0605,24.9375,24.9375,-0.0882598
60,-25.36,14.4,30.6,2.1848,9.98507,-0.3308,-0.0227058,24.88,24.88,-0.0798053,-0.057,-3.25,24.9375,24.9375,-0.0773595
61,-25.62,14.82,31.1,2.1683,9.98531,-0.3354,-0.0237271,24.88,24.88,-0.0876223,-0.115,-3.6855,24.9375,24.9375,-0.0873624
62,-25.88,15.26,31.6,2.1513,9.9852,-0.3362,-0.0232765,24.88,24.88,-0.0766625,-0.0375,-2.975,24.9375,24.9375,-0.0865348
63,-26.12,15.68,32.1,2.1348,9.98519,-0.333,-0.0232165,24.88,24.88,-0.0867034,-0.1075,-3.644,24.9375,24.9375,-0.082756
64,-26.36,16.12,32.6,2.1178,9.98543,-0.3464,-0.0242076,24.88,24.88,-0.0858511,-0.095,-3.509,24.9375,24.9375,-0.0896003
65,-26.58,16.58,33.1,2.1004,9.98532,-0.3456,-0.0237571,24.88,24.88,-0.0820425,-0.06475,-3.2875,24.9375,24.9375,-0.0775298
66,-26.8,17.02,33.6,2.0832,9.98541,-0.3472,-0.0241476,24.88,24.88,-0.0889273,-0.114,-3.725,24.9375,24.9375,-0.0834085
67,-27.02,17.48,34.1,2.0658,9.98526,-0.3418,-0.0235168,24.88,24.88,-0.0768356,-0.034,-2.9965,24.9375,24.9375,-0.0838604
68,-27.22,17.92,34.6,2.0491,9.98511,-0.3282,-0.0228861,24.88,24.88,-0.0827217,-0.07975,-3.4225,24.9375,24.9375,-0.0773147
69,-27.42,18.38,35.1,2.0326,9.98526,-0.334,-0.0235168,24.88,24.88,-0.0831878,-0.08425,-3.4035,24.9375,24.9375,-0.0862652
70,-27.6,18.86,35.6,2.0159,9.9876,-0.3296,-0.0228203,24.88,24.88,-0.0766092,-0.04125,-3.0185,21.375,21.375,-0.0754309
71,-27.8,19.32,36.1,1.9996,9.98766,-0.329,-0.0230605,24.88,24.88,-0.0856114,-0.10375,-3.595,21.375,21.375,-0.0803551
72,-27.96,19.78,36.6,1.983,9.98759,-0.3284,-0.0227602,21.36,21.36,-0.0747316,-0.052,-2.923,21.375,21.375,-0.0888634
73,-28.14,20.26,37.15,1.9669,9.98745,-0.3178,-0.0221296,21.36,21.36,-0.0796588,-0.0875,-3.2805,21.375,21.375,-0.0800573
74,-28.3,20.72,37.6,1.9508,9.98529,-0.3338,-0.023637,21.36,21.36,-0.0882615,-0.1435,-3.7095,24.9375,24.9375,-0.0857227
75,-28.44,21.2,38.1,1.9337,9.98278,-0.3424,-0.0235828,21.36,21.36,-0.0793392,-0.07175,-3.122,28.5,28.5,-0.0803642
76,-28.6,21.68,38.65,1.9167,9.98271,-0.3376,-0.0233124,24.88,24.88,-0.0850521,-0.09225,-3.5455,28.5,28.5,-0.0788031
77,-28.72,22.16,39.15,1.8998,9.98522,-0.3362,-0.0233366,28.48,28.48,-0.0796455,-0.0375,-3.2065,24.9375,24.9375,-0.0896654
78,-28.86,22.64,39.65,1.8833,9.98755,-0.3254,-0.0226101,28.48,28.48,-0.0781007,-0.032,-3.1435,21.375,21.375,-0.0805589
79,-28.98,23.14,40.15,1.867,9.9853,-0.3344,-0.023667,24.88,24.88,-0.0890472,-0.127,-3.7565,24.9375,24.9375,-0.0835525
80,-29.08,23.62,40.65,1.8498,9.98532,-0.3434,-0.0237571,21.36,21.36,-0.0798586,-0.074,-3.1415,24.9375,24.9375,-0.0826154
81,-29.2,24.12,41.15,1.8329,9.98518,-0.336,-0.0231564,24.88,24.88,-0.0828548,-0.077,-3.408,24.9375,24.9375,-0.0798755
82,-29.28,24.6,41.65,1.8161,9.98523,-0.3352,-0.0233666,24.88,24.88,-0.0819227,-0.0735,-3.349,24.9375,24.9375,-0.0893485
83,-29.38,25.1,42.15,1.7994,9.98514,-0.3306,-0.0229762,24.88,24.88,-0.0791661,-0.0565,-3.1795,24.9375,24.9375,-0.0832096
84,-29.46,25.58,42.65,1.7829,9.98532,-0.3378,-0.0237571,24.88,24.88,-0.0887143,-0.12125,-3.727,24.9375,24.9375,-0.0842996
85,-29.52,26.08,43.15,1.7656,9.98539,-0.3474,-0.0240575,24.88,24.88,-0.0824953,-0.06925,-3.2935,24.9375,24.9375,-0.0852632
86,-29.58,26.58,43.65,1.7484,9.98528,-0.3422,-0.0235769,24.88,24.88,-0.0835873,-0.0775,-3.42,24.9375,24.9375,-0.0777927
87,-29.64,27.08,44.2,1.7313,9.98533,-0.3422,-0.0238172,24.88,24.88,-0.0845594,-0.08625,-3.4785,24.9375,24.9375,-0.0895277
88,-29.68,27.58,44.7,1.7143,9.98766,-0.3338,-0.0230905,24.88,24.88,-0.0770886,-0.04025,-3.0435,21.375,21.375,-0.0820216
89,-29.72,28.08,45.2,1.6977,9.98529,-0.3358,-0.023637,24.88,24.88,-0.0889007,-0.123,-3.757,24.9375,24.9375,-0.0790392
90,-29.74,28.58,45.7,1.6806,9.98536,-0.3446,-0.0239373,21.36,21.36,-0.0813234,-0.0825,-3.2265,24.9375,24.9375,-0.0873557
91,-29.76,29.08,46.2,1.6636,9.98509,-0.332,-0.022796,24.88,24.88,-0.0783404,-0.04825,-3.141,24.9375,24.9375,-0.0740293
92,-29.78,29.58,46.7,1.6472,9.98524,-0.333,-0.0234267,24.88,24.88,-0.0867034,-0.10925,-3.6485,24.9375,24.9375,-0.111393
93,-29.78,30.08,47.2,1.6304,9.98759,-0.3296,-0.0227902,24.88,24.88,-0.0733599,-0.02275,-2.8225,21.375,21.375,-0.0916767
94,-29.78,30.58,47.7,1.6137,9.9833,-0.361,-0.0257158,24.88,24.88,-0.111073,-0.2895,-4.8195,28.5,28.5,-0.0790686
95,-29.76,31.08,48.2,1.5943,9.97864,-0.3974,-0.027021,21.36,21.36,-0.0909648,-0.111,-3.5195,35.625,35.625,-0.0788937
96,-29.72,31.58,48.7,1.575,9.98036,-0.3648,-0.0239493,28.48,28.48,-0.0783937,0.001,-3.043,32.0625,32.0625,-0.0688464
97,-29.7,32.06,49.2,1.5579,9.98503,-0.327,-0.0225256,35.6,35.6,-0.0781806,0.01375,-3.226,24.9375,24.9375,-0.0741114
98,-29.66,32.56,49.7,1.5421,9.98979,-0.302,-0.0214035,32,32,-0.0682329,0.033,-2.6205,17.8125,17.8125,-0.0857273
99,-29.6,33.06,50.2,1.5275,9.99214,-0.2876,-0.0206777,24.88,24.88,-0.0734398,-0.04725,-2.9755,14.25,14.25,-0.0752364
100,-29.56,33.56,50.7,1.5127,9.99003,-0.311,-0.0224843,17.76,17.76,-0.085132,-0.16,-3.582,17.8125,17.8125,-0.0857406
101,-29.5,34.06,51.25,1.4965,9.98751,-0.3256,-0.0224299,14.24,14.24,-0.0745451,-0.09575,-2.895,21.375,21.375,-0.0826657
102,-29.42,34.56,51.75,1.4804,9.98503,-0.3266,-0.0224956,17.76,17.76,-0.0850654,-0.14325,-3.6115,24.9375,24.9375,-0.0794969
103,-29.34,35.04,52.25,1.4637,9.98273,-0.3372,-0.0234025,21.36,21.36,-0.0819759,-0.0955,-3.3525,28.5,28.5,-0.0899698
104,-29.26,35.54,52.75,1.4469,9.9826,-0.332,-0.0228317,24.88,24.88,-0.0787932,-0.0535,-3.1725,28.5,28.5,-0.0789167
105,-29.16,36.04,53.25,1.4303,9.98282,-0.3382,-0.0237631,28.48,28.48,-0.0893268,-0.106,-3.784,28.5,28.5,-0.0840429
106,-29.04,36.52,53.75,1.4131,9.98528,-0.3416,-0.0236069,28.48,28.48,-0.0782073,-0.02425,-3.0645,24.9375,24.9375,-0.0805753
107,-28.94,37,54.25,1.3964,9.98516,-0.3324,-0.0230663,28.48,28.48,-0.0833609,-0.0625,-3.4485,24.9375,24.9375,-0.0778126
108,-28.82,37.5,54.75,1.3797,9.98769,-0.3318,-0.0232107,24.88,24.88,-0.0798719,-0.062,-3.2255,21.375,21.375,-0.0933849
109,-28.68,37.98,55.25,1.3633,9.98753,-0.3234,-0.0224899,24.88,24.88,-0.0771153,-0.04775,-3.0835,21.375,21.375,-0.0802448
110,-28.54,38.46,55.75,1.347,9.98538,-0.3388,-0.0239974,21.36,21.36,-0.0928025,-0.17375,-3.9575,24.9375,24.9375,-0.0809035
111,-28.4,38.94,56.25,1.3295,9.9854,-0.3506,-0.0240875,21.36,21.36,-0.0795256,-0.0675,-3.093,24.9375,24.9375,-0.0854193
112,-28.24,39.4,56.75,1.3124,9.98509,-0.3338,-0.022796,24.88,24.88,-0.0802048,-0.05825,-3.272,24.9375,24.9375,-0.0750911
113,-28.08,39.88,57.25,1.2959,9.98524,-0.3332,-0.0234267,24.88,24.88,-0.0847325,-0.095,-3.536,24.9375,24.9375,-0.0866449
114,-27.92,40.36,57.8,1.2792,9.98509,-0.328,-0.0227659,24.88,24.88,-0.0744253,-0.029,-2.888,24.9375,24.9375,-0.0873022
115,-27.74,40.82,58.3,1.263,9.98511,-0.3254,-0.0228861,24.88,24.88,-0.0859843,-0.10825,-3.626,24.9375,24.9375,-0.0834795
116,-27.56,41.28,58.8,1.2463,9.98542,-0.3444,-0.0241776,24.88,24.88,-0.0866368,-0.1035,-3.5495,24.9375,24.9375,-0.0887277
117,-27.36,41.74,59.3,1.2289,9.98535,-0.348,-0.0238773,24.88,24.88,-0.0827616,-0.069,-3.318,24.9375,24.9375,-0.0780919
118,-27.16,42.2,59.8,1.2115,9.9854,-0.3482,-0.0240875,24.88,24.88,-0.0880617,-0.10675,-3.6785,24.9375,24.9375,-0.0852011
119,-26.96,42.66,60.3,1.1941,9.98525,-0.3414,-0.0234868,24.88,24.88,-0.0773949,-0.0375,-3.041,24.9375,24.9375,-0.0870894
120,-26.74,43.1,60.8,1.1774,9.98518,-0.3318,-0.0231864,24.88,24.88,-0.0845195,-0.0905,-3.5135,24.9375,24.9375,-0.0780228
121,-26.52,43.56,61.3,1.1606,9.9854,-0.3428,-0.0241175,24.88,24.88,-0.0864238,-0.10075,-3.549,24.9375,24.9375,-0.0899092
122,-26.28,44,61.8,1.1434,9.9852,-0.3382,-0.0232465,24.88,24.88,-0.0773283,-0.039,-3.0255,24.9375,24.9375,-0.0785036
123,-26.04,44.44,62.3,1.1267,9.9853,-0.3382,-0.023667,24.88,24.88,-0.0892736,-0.124,-3.7875,24.9375,24.9375,-0.0793591
124,-25.8,44.88,62.8,1.1095,9.98527,-0.3404,-0.0235469,24.88,24.88,-0.0778078,-0.0425,-3.046,24.9375,24.9375,-0.0907008
125,-25.54,45.3,63.3,1.0929,9.98752,-0.3248,-0.0224599,24.88,24.88,-0.07866,-0.0545,-3.189,21.375,21.375,-0.0773089
126,-25.28,45.74,63.85,1.0766,9.98535,-0.3366,-0.0238773,24.88,24.88,-0.0901125,-0.13475,-3.8175,24.9375,24.9375,-0.0845856
127,-25.02,46.16,64.35,1.0594,9.98526,-0.3416,-0.0235168,21.36,21.36,-0.0766092,-0.05425,-2.953,24.9375,24.9375,-0.0823729
128,-24.74,46.58,64.85,1.0427,9.98512,-0.3314,-0.0229161,24.88,24.88,-0.0838936,-0.08725,-3.501,24.9375,24.9375,-0.079154
129,-24.46,46.98,65.35,1.026,9.98524,-0.3348,-0.0234267,24.88,24.88,-0.0816963,-0.073,-3.3265,24.9375,24.9375,-0.0901966
130,-24.16,47.4,65.85,1.0094,9.98511,-0.3294,-0.022856,24.88,24.88,-0.078447,-0.05225,-3.1355,24.9375,24.9375,-0.0778868
131,-23.88,47.8,66.35,0.9929,9.98532,-0.3382,-0.0237871,24.88,24.88,-0.0895799,-0.1285,-3.7855,24.9375,24.9375,-0.0835727
132,-23.58,48.2,66.85,0.9756,9.98525,-0.341,-0.0234868,24.88,24.88,-0.0771685,-0.03825,-3.0045,24.9375,24.9375,-0.084437
133,-23.26,48.58,67.35,0.959,9.98761,-0.3302,-0.0228503,24.88,24.88,-0.0828815,-0.081,-3.44,21.375,21.375,-0.0764457
134,-22.94,48.98,67.85,0.9424,9.98528,-0.336,-0.0235769,24.88,24.88,-0.0837471,-0.087,-3.443,24.9375,24.9375,-0.089679
135,-22.62,49.36,68.35,0.9256,9.98759,-0.3298,-0.0227602,21.36,21.36,-0.0757436,-0.055,-2.9705,21.375,21.375,-0.0794851
136,-22.3,49.74,68.85,0.9092,9.98524,-0.333,-0.0234267,24.88,24.88,-0.0890472,-0.1275,-3.7875,24.9375,24.9375,-0.0831818
137,-21.96,50.1,69.35,0.8922,9.98528,-0.3404,-0.0235769,21.36,21.36,-0.0787666,-0.06925,-3.098,24.9375,24.9375,-0.0836658
138,-21.62,50.48,69.85,0.8754,9.98514,-0.3326,-0.0229762,24.88,24.88,-0.082482,-0.07675,-3.3935,24.9375,24.9375,-0.0794912
139,-21.28,50.84,70.35,0.8588,9.98524,-0.3352,-0.0234267,24.88,24.88,-0.0829614,-0.0815,-3.409,24.9375,24.9375,-0.0926243
140,-20.92,51.2,70.9,0.842,9.98515,-0.3318,-0.0230362,24.88,24.88,-0.0787932,-0.0535,-3.1475,24.9375,24.9375,-0.0843836
141,-20.56,51.54,71.4,0.8253,9.98541,-0.3432,-0.0241476,24.88,24.88,-0.0920302,-0.1435,-3.904,24.9375,24.9375,-0.079503
142,-20.2,51.88,71.9,0.8077,9.983,-0.3556,-0.0245141,24.88,24.88,-0.0836672,-0.071,-3.321,28.5,28.5,-0.0888643
143,-19.82,52.22,72.4,0.7902,9.98518,-0.3398,-0.0231564,24.88,24.88,-0.0787799,-0.045,-3.152,24.9375,24.9375,-0.0763842
144,-19.46,52.54,72.9,0.7735,9.98532,-0.3378,-0.0237571,28.48,28.48,-0.0882215,-0.096,-3.728,24.9375,24.9375,-0.0817903
145,-19.06,52.86,73.4,0.7564,9.9877,-0.3356,-0.0232707,24.88,24.88,-0.0756904,-0.0315,-2.9235,21.375,21.375,-0.0840893
146,-18.68,53.18,73.9,0.7401,9.98753,-0.323,-0.02252,24.88,24.88,-0.081097,-0.073,-3.343,21.375,21.375,-0.0777863
147,-18.3,53.5,74.4,0.7238,9.98772,-0.3306,-0.0233308,21.36,21.36,-0.0834008,-0.10875,-3.437,21.375,21.375,-0.0882637
148,-17.9,53.8,74.9,0.7072,9.9851,-0.3296,-0.022826,21.36,21.36,-0.0770886,-0.0645,-3.045,24.9375,24.9375,-0.0816633
149,-17.5,54.1,75.4,0.6908,9.98523,-0.3338,-0.0233666,21.36,21.36,-0.0876223,-0.136,-3.7025,24.9375,24.9375,-0.0841155
150,-17.08,54.38,75.9,0.6737,9.9853,-0.3418,-0.023667,24.88,24.88,-0.0809505,-0.06325,-3.2335,24.9375,24.9375,-0.0864182
151,-16.68,54.68,76.4,0.6568,9.98522,-0.3378,-0.0233366,24.88,24.88,-0.0834142,-0.08,-3.426,24.9375,24.9375,-0.0796291
152,-16.26,54.94,76.9,0.6398,9.98535,-0.3424,-0.0239073,24.88,24.88,-0.0857446,-0.0955,-3.5425,24.9375,24.9375,-0.0835027
153,-15.84,55.22,77.4,0.6227,9.98523,-0.3388,-0.0233967,24.88,24.88,-0.0789264,-0.04925,-3.1305,24.9375,24.9375,-0.080683
154,-15.4,55.48,77.95,0.606,9.98516,-0.3316,-0.0230963,24.88,24.88,-0.0828016,-0.08,-3.4165,24.9375,24.9375,-0.0777693
155,-14.98,55.74,78.45,0.5894,9.98518,-0.331,-0.0231564,24.88,24.88,-0.0799784,-0.06275,-3.2255,24.9375,24.9375,-0.0923498
156,-14.54,55.98,78.95,0.573,9.98753,-0.3232,-0.0224899,24.88,24.88,-0.077062,-0.04775,-3.084,21.375,21.375,-0.0774896
157,-14.1,56.22,79.45,0.5567,9.98535,-0.3374,-0.0238773,24.88,24.88,-0.0917905,-0.1475,-3.908,24.9375,24.9375,-0.0812879
158,-13.66,56.46,79.95,0.5394,9.98528,-0.344,-0.0236069,21.36,21.36,-0.0767957,-0.054,-2.9585,24.9375,24.9375,-0.0824396
159,-13.22,56.68,80.45,0.5227,9.98503,-0.3274,-0.0225256,24.88,24.88,-0.080591,-0.06575,-3.3215,24.9375,24.9375,-0.0787931
160,-12.78,56.9,80.95,0.5063,9.98516,-0.3278,-0.0230663,24.88,24.88,-0.0817495,-0.0785,-3.371,24.9375,24.9375,-0.093572
161,-12.32,57.12,81.45,0.4899,9.98509,-0.3268,-0.022796,24.88,24.88,-0.0780741,-0.053,-3.1125,24.9375,24.9375,-0.083024
162,-11.86,57.32,81.95,0.4734,9.9854,-0.3424,-0.0241175,24.88,24.88,-0.092989,-0.15275,-3.9555,24.9375,24.9375,-0.0834063
163,-11.4,57.52,82.45,0.4557,9.98297,-0.3552,-0.024394,24.88,24.88,-0.0823089,-0.06225,-3.244,28.5,28.5,-0.0870042
164,-10.94,57.7,82.95,0.4383,9.98525,-0.343,-0.0234568,24.88,24.88,-0.0827084,-0.069,-3.3805,24.9375,24.9375,-0.0775435
165,-10.46,57.88,83.5,0.4212,9.98537,-0.3426,-0.0239674,28.48,28.48,-0.0863305,-0.0785,-3.5885,24.9375,24.9375,-0.0877684
166,-10,58.04,83.95,0.4041,9.9877,-0.3358,-0.0232407,24.88,24.88,-0.0768623,-0.037,-3.0035,21.375,21.375,-0.08184
167,-9.52,58.22,84.5,0.3876,9.98773,-0.3334,-0.0233908,24.88,24.88,-0.0871029,-0.11025,-3.661,21.375,21.375,-0.0815109
168,-9.06,58.36,84.95,0.3706,9.98531,-0.3404,-0.0237271,21.36,21.36,-0.081137,-0.0845,-3.2395,24.9375,24.9375,-0.0849141
169,-8.58,58.52,85.5,0.3538,9.98516,-0.334,-0.0230663,21.36,21.36,-0.0808174,-0.08375,-3.271,24.9375,24.9375,-0.079437
170,-8.1,58.66,86,0.3371,9.98524,-0.3352,-0.0234267,24.88,24.88,-0.0842265,-0.09,-3.487,24.9375,24.9375,-0.0872293
171,-7.62,58.78,86.5,0.3203,9.98517,-0.3336,-0.0231264,24.88,24.88,-0.0787399,-0.0525,-3.138,24.9375,24.9375,-0.0840895
172,-7.12,58.92,87,0.3037,9.98525,-0.3356,-0.0234868,24.88,24.88,-0.0865569,-0.106,-3.617,24.9375,24.9375,-0.0791823
173,-6.64,59.02,87.5,0.2866,9.98536,-0.344,-0.0239373,24.88,24.88,-0.0833742,-0.078,-3.369,24.9375,24.9375,-0.0864958
174,-6.16,59.14,88,0.2696,9.98515,-0.3352,-0.0230362,24.88,24.88,-0.0784736,-0.04775,-3.1325,24.9375,24.9375,-0.0790682
175,-5.66,59.24,88.5,0.253,9.98523,-0.3336,-0.0233666,24.88,24.88,-0.0858511,-0.10175,-3.5955,24.9375,24.9375,-0.0803011
176,-5.16,59.32,89,0.2362,9.9852,-0.3346,-0.0232765,24.88,24.88,-0.0783671,-0.04975,-3.102,24.9375,24.9375,-0.0883266
177,-4.68,59.4,89.5,0.2197,9.98755,-0.3256,-0.0226101,24.88,24.88,-0.0796055,-0.06225,-3.239,21.375,21.375,-0.0769397
178,-4.18,59.48,90,0.2033,9.9853,-0.3356,-0.023667,24.88,24.88,-0.0876756,-0.11675,-3.679,24.9375,24.9375,-0.083826
179,-3.68,59.54,90.55,0.1863,9.98518,-0.3364,-0.0231564,21.36,21.36,-0.0762497,-0.05475,-2.9635,24.9375,24.9375,-0.07937
180,-3.18,59.6,91.05,0.1698,9.98509,-0.3276,-0.0227659,24.88,24.88,-0.0831212,-0.0855,-3.468,24.9375,24.9375,-0.0772759
181,-2.7,59.66,91.5,0.1533,9.98763,-0.3284,-0.0229404,24.88,24.88,-0.0786734,-0.05725,-3.168,21.375,21.375,-0.0926369
182,-2.2,59.7,92.05,0.1371,9.98747,-0.32,-0.0222497,24.88,24.88,-0.0765826,-0.047,-3.071,21.375,21.375,-0.0810954
183,-1.7,59.74,92.55,0.121,9.98533,-0.336,-0.0238172,21.36,21.36,-0.0920568,-0.17075,-3.9295,24.9375,24.9375,-0.0864696
184,-1.2,59.76,93.05,0.1036,9.98288,-0.3492,-0.0240334,21.36,21.36,-0.0803779,-0.07375,-3.1435,28.5,28.5,-0.0845158
185,-0.7,59.78,93.55,0.0864,9.98527,-0.343,-0.0235469,24.88,24.88,-0.0857846,-0.09275,-3.5705,24.9375,24.9375,-0.0804484
186,-0.2,59.78,94.05,0.0691,9.98536,-0.3444,-0.0239373,28.48,28.48,-0.0838137,-0.05975,-3.426,24.9375,24.9375,-0.090131
187,0.3,59.78,94.55,0.052,9.98521,-0.3368,-0.0233066,24.88,24.88,-0.079752,-0.0545,-3.1875,24.9375,24.9375,-0.079286
188,0.8,59.76,95.05,0.0353,9.98538,-0.3416,-0.0240274,24.88,24.88,-0.0894866,-0.12325,-3.762,24.9375,24.9375,-0.079262
189,1.3,59.74,95.55,0.0179,9.98531,-0.3434,-0.0237271,24.88,24.88,-0.0785801,-0.0445,-3.074,24.9375,24.9375,-0.0809949
190,1.8,59.72,96.05,0.0012,9.98754,-0.3266,-0.02255,24.88,24.88,-0.0785535,-0.0525,-3.181,21.375,21.375,-0.0773291
191,2.3,59.68,96.55,-0.015,9.98757,-0.3224,-0.0227002,24.88,24.88,-0.080298,-0.07125,-3.3,21.375,21.375,-0.089727
192,2.8,59.64,97.05,-0.0311,9.98751,-0.3204,-0.0224299,21.36,21.36,-0.0766359,-0.068,-3.054,21.375,21.375,-0.0822266
193,3.3,59.6,97.6,-0.0472,9.98525,-0.3328,-0.0234868,21.36,21.36,-0.0891138,-0.14975,-3.7665,24.9375,24.9375,-0.0823401
194,3.8,59.54,98.1,-0.0643,9.98284,-0.3456,-0.0238532,21.36,21.36,-0.0815232,-0.0845,-3.2425,28.5,28.5,-0.0913725
195,4.3,59.48,98.6,-0.0814,9.98518,-0.3378,-0.0231564,24.88,24.88,-0.081643,-0.0675,-3.3345,24.9375,24.9375,-0.0819169
196,4.78,59.4,99.1,-0.0984,9.98295,-0.3466,-0.0243038,28.48,28.48,-0.0907517,-0.1105,-3.8305,28.5,28.5,-0.0857229
197,5.28,59.3,99.6,-0.116,9.98292,-0.3508,-0.0241837,24.88,24.88,-0.0812169,-0.056,-3.197,28.5,28.5,-0.0850514
198,5.76,59.22,100.1,-0.1333,9.9853,-0.3424,-0.023667,28.48,28.48,-0.0850388,-0.06675,-3.5125,24.9375,24.9375,-0.0782533
199,6.26,59.12,100.6,-0.1504,9.98538,-0.3438,-0.0239974,28.48,28.48,-0.0843463,-0.0635,-3.4445,24.9375,24.9375,-0.0864547
200,6.74,59,101.1,-0.1675,9.98767,-0.3344,-0.0231206,24.88,24.88,-0.0775414,-0.04175,-3.0585,21.375,21.375,-0.0776555
201,7.24,58.88,101.6,-0.184,9.98771,-0.3318,-0.0233007,24.88,24.88,-0.0857979,-0.102,-3.588,21.375,21.375,-0.0819802
202,7.72,58.76,102.1,-0.2007,9.98766,-0.332,-0.0230905,21.36,21.36,-0.0769555,-0.06225,-3.029,21.375,21.375,-0.0870972
203,8.2,58.62,102.6,-0.217,9.98755,-0.3248,-0.0226101,21.36,21.36,-0.0812835,-0.094,-3.3435,21.375,21.375,-0.0770495
204,8.68,58.48,103.1,-0.2335,9.9853,-0.3366,-0.023667,21.36,21.36,-0.0864238,-0.12675,-3.596,24.9375,24.9375,-0.0847096
205,9.16,58.34,103.65,-0.2505,9.98515,-0.3352,-0.0230362,21.36,21.36,-0.0763429,-0.056,-2.9835,24.9375,24.9375,-0.0811061
206,9.62,58.18,104.1,-0.2669,9.98511,-0.3286,-0.022856,24.88,24.88,-0.08404,-0.09175,-3.521,24.9375,24.9375,-0.0788731
207,10.1,58.02,104.65,-0.2835,9.9852,-0.3328,-0.0232765,24.88,24.88,-0.0804179,-0.06575,-3.246,24.9375,24.9375,-0.0932696
208,10.56,57.84,105.1,-0.3,9.98506,-0.3266,-0.0226458,24.88,24.88,-0.0781806,-0.05275,-3.1385,24.9375,24.9375,-0.0775418
209,11.04,57.66,105.65,-0.3165,9.9854,-0.3414,-0.0241175,24.88,24.88,-0.092696,-0.1515,-3.9485,24.9375,24.9375,-0.0840481
210,11.5,57.46,106.15,-0.334,9.98531,-0.3464,-0.0237271,24.88,24.88,-0.0768489,-0.03275,-2.954,24.9375,24.9375,-0.0804633
211,11.96,57.28,106.65,-0.3508,9.98511,-0.332,-0.0228861,24.88,24.88,-0.0833609,-0.08175,-3.473,24.9375,24.9375,-0.0793562
212,12.42,57.06,107.15,-0.3674,9.98518,-0.3306,-0.0231564,24.88,24.88,-0.0797653,-0.062,-3.23,24.9375,24.9375,-0.0917101
213,12.86,56.86,107.65,-0.3839,9.98507,-0.325,-0.0226758,24.88,24.88,-0.07866,-0.05675,-3.1615,24.9375,24.9375,-0.0805097
214,13.32,56.64,108.15,-0.4003,9.98538,-0.3396,-0.0239974,24.88,24.88,-0.091098,-0.14025,-3.8545,24.9375,24.9375,-0.0830475
215,13.76,56.4,108.65,-0.4177,9.98535,-0.348,-0.0239073,24.88,24.88,-0.079792,-0.0505,-3.1245,24.9375,24.9375,-0.0836014
216,14.2,56.18,109.15,-0.4347,9.98516,-0.336,-0.0230963,24.88,24.88,-0.0823355,-0.07225,-3.3875,24.9375,24.9375,-0.0783425
217,14.64,55.94,109.65,-0.4515,9.98525,-0.3352,-0.0234568,24.88,24.88,-0.0829081,-0.08025,-3.409,24.9375,24.9375,-0.0904308
218,15.08,55.68,110.2,-0.4682,9.98762,-0.3298,-0.0229104,24.88,24.88,-0.077648,-0.047,-3.082,21.375,21.375,-0.0851751
219,15.5,55.42,110.7,-0.4847,9.98532,-0.3372,-0.0237571,24.88,24.88,-0.0897929,-0.13025,-3.797,24.9375,24.9375,-0.0804031
220,15.92,55.16,111.15,-0.502,9.98547,-0.3516,-0.0243879,21.36,21.36,-0.0844795,-0.1,-3.386,24.9375,24.9375,-0.084052
221,16.34,54.88,111.7,-0.5194,9.98521,-0.3414,-0.0233066,24.88,24.88,-0.0796987,-0.05075,-3.1885,24.9375,24.9375,-0.0751054
222,16.76,54.62,112.2,-0.5362,9.9852,-0.3334,-0.0232465,24.88,24.88,-0.0833609,-0.083,-3.4605,24.9375,24.9375,-0.0880985
223,17.18,54.32,112.7,-0.5528,9.98505,-0.3244,-0.0225857,24.88,24.88,-0.0744253,-0.0305,-2.9125,24.9375,24.9375,-0.0853642
224,17.58,54.04,113.2,-0.5688,9.98517,-0.3268,-0.0231264,24.88,24.88,-0.0874625,-0.11975,-3.6995,24.9375,24.9375,-0.0806532
225,17.98,53.74,113.7,-0.5857,9.9854,-0.345,-0.0241175,24.88,24.88,-0.0846793,-0.0885,-3.423,24.9375,24.9375,-0.0894674
226,18.38,53.44,114.2,-0.6029,9.98521,-0.3408,-0.0233066,24.88,24.88,-0.0799385,-0.05425,-3.1945,24.9375,24.9375,-0.0802317
227,18.76,53.12,114.7,-0.6199,9.98535,-0.3424,-0.0238773,24.88,24.88,-0.0888075,-0.118,-3.7525,24.9375,24.9375,-0.0791546
228,19.16,52.8,115.2,-0.6372,9.98532,-0.3436,-0.0237571,24.88,24.88,-0.0795389,-0.0505,-3.1385,24.9375,24.9375,-0.0887666
229,19.54,52.48,115.7,-0.654,9.98756,-0.328,-0.0226401,24.88,24.88,-0.078447,-0.051,-3.165,21.375,21.375,-0.0803187
230,19.9,52.14,116.2,-0.6703,9.9853,-0.3342,-0.023667,24.88,24.88,-0.0881283,-0.12025,-3.716,24.9375,24.9375,-0.0826586
231,20.28,51.8,116.75,-0.6874,9.9853,-0.341,-0.023667,21.36,21.36,-0.0796188,-0.07325,-3.1295,24.9375,24.9375,-0.0793174
232,20.64,51.46,117.25,-0.7042,9.98514,-0.3334,-0.0230062,24.88,24.88,-0.0819759,-0.07275,-3.361,24.9375,24.9375,-0.0777911
233,21,51.12,117.7,-0.7208,9.98511,-0.3282,-0.022856,24.88,24.88,-0.0786068,-0.0555,-3.1785,24.9375,24.9375,-0.0915965
234,21.34,50.76,118.2,-0.737,9.98749,-0.3198,-0.0223398,24.88,24.88,-0.077102,-0.0505,-3.103,21.375,21.375,-0.0776723
235,21.7,50.4,118.75,-0.7531,9.98532,-0.3352,-0.0237871,24.88,24.88,-0.0910048,-0.1435,-3.863,24.9375,24.9375,-0.0848359
236,22.04,50.02,119.25,-0.7704,9.98526,-0.3426,-0.0235168,21.36,21.36,-0.0769555,-0.05625,-2.9745,24.9375,24.9375,-0.0818618
237,22.36,49.66,119.75,-0.7871,9.98513,-0.3326,-0.0229461,24.88,24.88,-0.0841333,-0.08825,-3.5175,24.9375,24.9375,-0.0781373
238,22.7,49.28,120.25,-0.8038,9.98523,-0.3348,-0.0233967,24.88,24.88,-0.0811769,-0.06925,-3.3,24.9375,24.9375,-0.0924218
239,23.02,48.9,120.75,-0.8204,9.98757,-0.327,-0.0226701,24.88,24.88,-0.0774349,-0.04725,-3.0885,21.375,21.375,-0.0808228
240,23.34,48.5,121.25,-0.8368,9.98536,-0.3388,-0.0239373,24.88,24.88,-0.0918304,-0.146,-3.9115,24.9375,24.9375,-0.0834687
241,23.64,48.12,121.75,-0.8543,9.98538,-0.349,-0.0240274,21.36,21.36,-0.0801116,-0.0715,-3.133,24.9375,24.9375,-0.0848827
242,23.94,47.72,122.25,-0.8714,9.98518,-0.3376,-0.0231864,24.88,24.88,-0.0827616,-0.074,-3.402,24.9375,24.9375,-0.0797722
243,24.24,47.3,122.8,-0.8883,9.9853,-0.3384,-0.023667,24.88,24.88,-0.0841998,-0.087,-3.4745,24.9375,24.9375,-0.0913766
244,24.52,46.9,123.25,-0.9052,9.9852,-0.3348,-0.0232465,24.88,24.88,-0.0790595,-0.0525,-3.1435,24.9375,24.9375,-0.0809441
245,24.8,46.48,123.8,-0.9219,9.98538,-0.3418,-0.0239974,24.88,24.88,-0.0907517,-0.133,-3.831,24.9375,24.9375,-0.079362
246,25.08,46.06,124.3,-0.9393,9.98538,-0.3478,-0.0239974,24.88,24.88,-0.0802314,-0.05275,-3.1555,24.9375,24.9375,-0.0877225
247,25.34,45.64,124.8,-0.9563,9.98509,-0.3312,-0.0227659,24.88,24.88,-0.07866,-0.04975,-3.1725,24.9375,24.9375,-0.0771953
248,25.6,45.22,125.3,-0.9728,9.98527,-0.3336,-0.0235469,24.88,24.88,-0.0870763,-0.112,-3.6645,24.9375,24.9375,-0.0854164
249,25.84,44.78,125.8,-0.9897,9.98518,-0.3344,-0.0231864,24.88,24.88,-0.0765027,-0.038,-2.9765,24.9375,24.9375,-0.0846448
250,26.1,44.34,126.3,-1.0061,9.98514,-0.33,-0.0230062,24.88,24.88,-0.0847325,-0.0955,-3.539,24.9375,24.9375,-0.0800967
251,26.34,43.9,126.8,-1.0229,9.98532,-0.3398,-0.0237871,24.88,24.88,-0.0839601,-0.08625,-3.4305,24.9375,24.9375,-0.0872603
252,26.56,43.46,127.3,-1.0399,9.98518,-0.3364,-0.0231864,24.88,24.88,-0.0793791,-0.05375,-3.167,24.9375,24.9375,-0.0787436
253,26.78,43.02,127.8,-1.0566,9.98527,-0.3372,-0.0235469,24.88,24.88,-0.0865836,-0.105,-3.6265,24.9375,24.9375,-0.0819013
254,27,42.56,128.3,-1.0736,9.98521,-0.3366,-0.0233066,24.88,24.88,-0.0780475,-0.04625,-3.0855,24.9375,24.9375,-0.0865609
255,27.2,42.1,128.8,-1.0901,9.98759,-0.3276,-0.0227602,24.88,24.88,-0.0812036,-0.0715,-3.3325,21.375,21.375,-0.0765454
256,27.4,41.64,129.3,-1.1066,9.98779,-0.336,-0.0236311,24.88,24.88,-0.0858911,-0.10275,-3.566,21.375,21.375,-0.0849537
257,27.6,41.18,129.85,-1.1235,9.98763,-0.3332,-0.0229404,21.36,21.36,-0.0758502,-0.05375,-2.9585,21.375,21.375,-0.0801108
258,27.78,40.72,130.3,-1.1399,9.98511,-0.3274,-0.022856,21.36,21.36,-0.0842798,-0.114,-3.534,24.9375,24.9375,-0.0798375
259,27.96,40.26,130.8,-1.1565,9.98518,-0.3316,-0.0231564,21.36,21.36,-0.0794058,-0.07975,-3.1885,24.9375,24.9375,-0.0928829
260,28.12,39.78,131.35,-1.1729,9.98506,-0.3262,-0.0226458,24.88,24.88,-0.0791394,-0.05975,-3.202,24.9375,24.9375,-0.0776112
261,28.28,39.3,131.85,-1.1894,9.98541,-0.3424,-0.0241476,24.88,24.88,-0.0923098,-0.148,-3.923,24.9375,24.9375,-0.0816918
262,28.44,38.84,132.35,-1.2069,9.9853,-0.3464,-0.023697,24.88,24.88,-0.0769022,-0.03275,-2.961,24.9375,24.9375,-0.0823497
263,28.58,38.36,132.85,-1.2237,9.98505,-0.3284,-0.0226157,24.88,24.88,-0.0809905,-0.06725,-3.3435,24.9375,24.9375,-0.0788621
264,28.72,37.88,133.35,-1.2401,9.98517,-0.3284,-0.0231264,24.88,24.88,-0.0816696,-0.07725,-3.3575,24.9375,24.9375,-0.0933513
265,28.84,37.38,133.85,-1.2565,9.9851,-0.3268,-0.022826,24.88,24.88,-0.078154,-0.053,-3.113,24.9375,24.9375,-0.0786259
266,28.98,36.9,134.35,-1.273,9.9854,-0.3422,-0.0241175,24.88,24.88,-0.0927759,-0.15125,-3.943,24.9375,24.9375,-0.0848591
267,29.08,36.42,134.85,-1.2906,9.98534,-0.3484,-0.0238472,24.88,24.88,-0.0779143,-0.03825,-3.017,24.9375,24.9375,-0.0853021
268,29.18,35.92,135.35,-1.3076,9.98517,-0.3356,-0.0231264,24.88,24.88,-0.0841599,-0.085,-3.5055,24.9375,24.9375,-0.0776165
269,29.28,35.44,135.85,-1.3244,9.98534,-0.3402,-0.0238472,24.88,24.88,-0.084626,-0.0895,-3.481,24.9375,24.9375,-0.0893839
270,29.36,34.94,136.35,-1.3414,9.98515,-0.3334,-0.0230362,24.88,24.88,-0.0769155,-0.03925,-3.019,24.9375,24.9375,-0.0820563
271,29.44,34.44,136.9,-1.3579,9.98527,-0.3352,-0.0235469,24.88,24.88,-0.0887409,-0.12275,-3.758,24.9375,24.9375,-0.0809681
272,29.52,33.96,137.35,-1.3751,9.98535,-0.3442,-0.0239073,24.88,24.88,-0.08135,-0.06375,-3.233,24.9375,24.9375,-0.0867101
273,29.58,33.46,137.9,-1.392,9.98515,-0.3346,-0.0230362,24.88,24.88,-0.0802581,-0.0595,-3.243,24.9375,24.9375,-0.0798804
274,29.64,32.96,138.4,-1.4087,9.98528,-0.3366,-0.0235769,24.88,24.88,-0.0860509,-0.102,-3.5935,24.9375,24.9375,-0.0903388
275,29.68,32.46,138.9,-1.4257,9.98523,-0.3374,-0.0233967,24.88,24.88,-0.0791661,-0.0525,-3.1375,24.9375,24.9375,-0.0846079
276,29.72,31.96,139.4,-1.4425,9.98536,-0.3424,-0.0239373,24.88,24.88,-0.0896997,-0.1245,-3.7765,24.9375,24.9375,-0.0790397
277,29.74,31.46,139.9,-1.46,9.98545,-0.3516,-0.0243278,24.88,24.88,-0.0839069,-0.0755,-3.3665,24.9375,24.9375,-0.0867993
278,29.76,30.96,140.4,-1.4773,9.98517,-0.338,-0.0231264,24.88,24.88,-0.0783271,-0.04375,-3.119,24.9375,24.9375,-0.0734633
279,29.78,30.46,140.9,-1.4939,9.98524,-0.3338,-0.0234267,24.88,24.88,-0.0861441,-0.103,-3.6145,24.9375,24.9375,0.0113589
280,29.78,29.96,141.4,-1.5107,9.98757,-0.327,-0.0226701,24.88,24.88,-0.0727873,-0.01975,-2.7935,21.375,21.375,-0.0759096
281,29.78,29.46,141.9,-1.5247,9.99061,-0.1868,-0.0110706,24.88,24.88,0.0113087,0.0235,1.659,14.25,14.25,-0.0996382
282,29.8,28.96,142.4,-1.5305,9.99063,-0.1166,-0.0112208,21.36,21.36,-0.0756904,-0.186,-3.9635,14.25,14.25,-0.134952
283,29.78,28.46,142.9,-1.54,9.98,-0.2684,-0.0223866,14.24,14.24,-0.0995142,-0.3365,-3.922,32.0625,32.0625,-0.100764
284,29.76,27.96,143.45,-1.5571,9.96134,-0.4148,-0.0277609,14.24,14.24,-0.134831,-0.506,-5.09,60.5625,60.5625,-0.107054
285,29.72,27.46,143.95,-1.5797,9.95642,-0.46,-0.0280459,32,32,-0.099967,-0.0785,-4.0995,67.6875,67.6875,-0.105766
286,29.68,26.98,144.4,-1.602,9.96387,-0.4366,-0.0278743,60.56,60.56,-0.106386,0.02275,-4.663,57,57,-0.088431
287,29.62,26.48,144.9,-1.6237,9.97167,-0.4308,-0.0289059,67.68,67.68,-0.105094,0.07275,-4.371,46.3125,46.3125,-0.0894847
288,29.54,25.98,145.45,-1.6448,9.98362,-0.404,-0.0269173,56.96,56.96,-0.0876756,0.13125,-3.378,28.5,28.5,-0.0824024
289,29.46,25.48,145.95,-1.664,9.99066,-0.369,-0.0251561,46.24,46.24,-0.0887675,0.0365,-3.6235,17.8125,17.8125,-0.0772572
290,29.38,25,146.45,-1.682,9.99547,-0.3498,-0.0243635,28.48,28.48,-0.0816963,-0.03375,-3.2435,10.6875,10.6875,-0.0894871
291,29.3,24.5,146.95,-1.699,9.99512,-0.3282,-0.0228932,17.76,17.76,-0.0765693,-0.07525,-2.9955,10.6875,10.6875,-0.0798262
292,29.2,24.02,147.45,-1.7152,9.99029,-0.3322,-0.0236251,10.64,10.64,-0.0888608,-0.20525,-3.7465,17.8125,17.8125,-0.0830129
293,29.08,23.52,147.95,-1.7323,9.9878,-0.3412,-0.0236611,10.64,10.64,-0.0791128,-0.13025,-3.0935,21.375,21.375,-0.0823787
294,28.98,23.04,148.45,-1.7491,9.98514,-0.3338,-0.0229762,17.76,17.76,-0.0823089,-0.1145,-3.3835,24.9375,24.9375,-0.078563
295,28.86,22.56,148.95,-1.7658,9.98519,-0.3334,-0.0232165,21.36,21.36,-0.081683,-0.093,-3.3465,24.9375,24.9375,-0.0910499
296,28.72,22.06,149.45,-1.7824,9.98508,-0.3276,-0.0227359,24.88,24.88,-0.077861,-0.05,-3.115,24.9375,24.9375,-0.0807684
297,28.58,21.58,149.95,-1.7988,9.98283,-0.3378,-0.0238231,24.88,24.88,-0.0904455,-0.13525,-3.83,28.5,28.5,-0.0797481
298,28.44,21.12,150.45,-1.8161,9.98285,-0.3462,-0.0239133,24.88,24.88,-0.0800716,-0.0535,-3.146,28.5,28.5,-0.0866077
299,28.28,20.64,150.95,-1.8331,9.98508,-0.3312,-0.0227359,28.48,28.48,-0.0790196,-0.033,-3.2,24.9375,24.9375,-0.0750824
300,28.12,20.16,151.45,-1.8495,9.98525,-0.3328,-0.0234568,28.48,28.48,-0.0859577,-0.08425,-3.6035,24.9375,24.9375,-0.0840927
301,27.94,19.7,151.95,-1.8662,9.9876,-0.3292,-0.0228203,24.88,24.88,-0.0743986,-0.02825,-2.8765,21.375,21.375,-0.0832666
302,27.76,19.22,152.5,-1.8824,9.98755,-0.3226,-0.02258,24.88,24.88,-0.0834008,-0.09125,-3.49,21.375,21.375,-0.0779576
303,27.58,18.76,153,-1.8988,9.98774,-0.3336,-0.0234209,21.36,21.36,-0.0825752,-0.1015,-3.3685,21.375,21.375,-0.0841485
304,27.38,18.3,153.5,-1.9155,9.98758,-0.3298,-0.0227302,21.36,21.36,-0.0772484,-0.06475,-3.067,21.375,21.375,-0.0764402
305,27.18,17.84,154,-1.9318,9.98511,-0.3276,-0.0228861,21.36,21.36,-0.0834807,-0.1095,-3.4875,24.9375,24.9375,-0.0818295
306,26.98,17.38,154.5,-1.9483,9.98506,-0.3256,-0.0226458,21.36,21.36,-0.0757303,-0.0595,-2.9985,24.9375,24.9375,-0.0874525
307,26.76,16.94,155,-1.9643,9.98501,-0.3208,-0.0224355,24.88,24.88,-0.0811503,-0.07775,-3.3575,24.9375,24.9375,-0.0772826
308,26.54,16.48,155.5,-1.9807,9.9853,-0.336,-0.023667,24.88,24.88,-0.0868233,-0.11125,-3.6145,24.9375,24.9375,-0.0871469
309,26.3,16.04,156,-1.9977,9.98516,-0.3362,-0.0230963,24.88,24.88,-0.0765826,-0.0375,-2.995,24.9375,24.9375,-0.0779691
310,26.06,15.6,156.5,-2.0142,9.98518,-0.3328,-0.0231864,24.88,24.88,-0.0864903,-0.10675,-3.653,24.9375,24.9375,-0.0777264
311,25.82,15.18,157,-2.031,9.98518,-0.3336,-0.0231564,24.88,24.88,-0.0772751,-0.04425,-3.057,24.9375,24.9375,-0.0878635
312,25.56,14.74,157.5,-2.0474,9.98746,-0.3196,-0.0221896,24.88,24.88,-0.0770087,-0.0485,-3.1075,21.375,21.375,-0.0761978
313,25.32,14.32,158,-2.0634,9.98521,-0.3286,-0.0233066,24.88,24.88,-0.0872228,-0.119,-3.6845,24.9375,24.9375,-0.0842196
314,25.04,13.88,158.55,-2.0801,9.98514,-0.3326,-0.0230062,21.36,21.36,-0.0755039,-0.05375,-2.9265,24.9375,24.9375,-0.0834533
315,24.76,13.46,159.05,-2.0965,9.98507,-0.3264,-0.0226758,24.88,24.88,-0.083534,-0.09,-3.4945,24.9375,24.9375,-0.079471
316,24.48,13.06,159.55,-2.113,9.98525,-0.335,-0.0234568,24.88,24.88,-0.0827616,-0.08175,-3.3875,24.9375,24.9375,-0.0904725
317,24.2,12.64,160.05,-2.1298,9.98763,-0.3322,-0.0229404,24.88,24.88,-0.0787666,-0.05325,-3.148,21.375,21.375,-0.0806654
318,23.9,12.24,160.55,-2.1464,9.98534,-0.34,-0.0238472,24.88,24.88,-0.0898462,-0.129,-3.803,24.9375,24.9375,-0.0823289
319,23.6,11.84,161.05,-2.1637,9.98534,-0.3458,-0.0238472,21.36,21.36,-0.0799651,-0.07225,-3.152,24.9375,24.9375,-0.0842933
320,23.3,11.44,161.55,-2.1807,9.98516,-0.3344,-0.0230663,24.88,24.88,-0.0816164,-0.0685,-3.339,24.9375,24.9375,-0.0801474
321,22.98,11.06,162.05,-2.1974,9.98525,-0.3348,-0.0234568,24.88,24.88,-0.0836139,-0.0855,-3.449,24.9375,24.9375,-0.0901337
322,22.66,10.68,162.55,-2.2142,9.98518,-0.3334,-0.0231864,24.88,24.88,-0.0794324,-0.0565,-3.1705,24.9375,24.9375,-0.0835196
323,22.34,10.3,163.05,-2.2309,9.98535,-0.3412,-0.0239073,24.88,24.88,-0.0894866,-0.12475,-3.7625,24.9375,24.9375,-0.0822958
324,22,9.92,163.55,-2.2483,9.98542,-0.3498,-0.0241776,24.88,24.88,-0.0828149,-0.06925,-3.305,24.9375,24.9375,-0.0860104
325,21.66,9.56,164.05,-2.2656,9.98523,-0.3402,-0.0233666,24.88,24.88,-0.0815897,-0.064,-3.308,24.9375,24.9375,-0.0787372
326,21.32,9.2,164.55,-2.2825,9.9853,-0.339,-0.023697,24.88,24.88,-0.0853185,-0.09375,-3.5375,24.9375,24.9375,-0.0887909
327,20.96,8.84,165.1,-2.2994,9.9852,-0.335,-0.0232465,24.88,24.88,-0.0780208,-0.046,-3.083,24.9375,24.9375,-0.0853843
328,20.6,8.5,165.6,-2.316,9.98529,-0.337,-0.023637,24.88,24.88,-0.0881416,-0.1165,-3.705,24.9375,24.9375,-0.0774239
329,20.24,8.16,166.1,-2.3333,9.98544,-0.3488,-0.0242677,24.88,24.88,-0.0846926,-0.084,-3.4185,24.9375,24.9375,-0.0871572
330,19.86,7.82,166.6,-2.3505,9.98514,-0.3364,-0.0230062,24.88,24.88,-0.0767158,-0.03525,-3.0205,24.9375,24.9375,-0.0753646
331,19.48,7.5,167.1,-2.367,9.9852,-0.3316,-0.0232765,24.88,24.88,-0.086517,-0.1075,-3.654,24.9375,24.9375,-0.0775036
332,19.1,7.16,167.6,-2.3838,9.98762,-0.3294,-0.0229104,24.88,24.88,-0.0746783,-0.03025,-2.898,21.375,21.375,-0.0876268
333,18.72,6.84,168.1,-2.3998,9.98738,-0.3138,-0.0218293,24.88,24.88,-0.076809,-0.051,-3.1195,21.375,21.375,-0.0807122
334,18.34,6.54,168.6,-2.4156,9.98769,-0.3262,-0.0232107,21.36,21.36,-0.0870097,-0.13975,-3.6745,21.375,21.375,-0.0858578
335,17.94,6.24,169.1,-2.4324,9.98525,-0.3386,-0.0234568,21.36,21.36,-0.0800317,-0.0795,-3.1625,24.9375,24.9375,-0.0798043
336,17.54,5.94,169.6,-2.4492,9.98523,-0.3388,-0.0233666,21.36,21.36,-0.0851853,-0.11325,-3.5425,24.9375,24.9375,-0.0791381
337,17.12,5.64,170.1,-2.4662,9.98519,-0.3364,-0.0232165,24.88,24.88,-0.0790862,-0.0535,-3.1795,24.9375,24.9375,-0.0891329
338,16.72,5.36,170.6,-2.4827,9.98504,-0.3248,-0.0225557,24.88,24.88,-0.0784203,-0.0545,-3.176,24.9375,24.9375,-0.0792363
339,16.3,5.08,171.1,-2.499,9.9853,-0.3344,-0.023667,24.88,24.88,-0.0885145,-0.1235,-3.7275,24.9375,24.9375,-0.084263
340,15.88,4.82,171.6,-2.5161,9.98526,-0.3404,-0.0235168,24.88,24.88,-0.0785269,-0.0475,-3.076,24.9375,24.9375,-0.0804508
341,15.46,4.54,172.15,-2.5329,9.98516,-0.3336,-0.0230963,24.88,24.88,-0.083574,-0.08425,-3.465,24.9375,24.9375,-0.0805579
342,15.02,4.3,172.65,-2.5496,9.98518,-0.3326,-0.0231864,24.88,24.88,-0.0797653,-0.06075,-3.222,24.9375,24.9375,-0.0898939
343,14.6,4.04,173.15,-2.5661,9.98759,-0.3272,-0.0227902,24.88,24.88,-0.0798719,-0.0635,-3.237,21.375,21.375,-0.0795866
344,14.16,3.8,173.65,-2.5826,9.98535,-0.3394,-0.0239073,24.88,24.88,-0.0892469,-0.12575,-3.749,24.9375,24.9375,-0.0830231
345,13.72,3.56,174.15,-2.5999,9.98529,-0.3436,-0.023637,21.36,21.36,-0.0788598,-0.0665,-3.094,24.9375,24.9375,-0.0860039
346,13.26,3.34,174.65,-2.6167,9.98514,-0.333,-0.0229762,24.88,24.88,-0.0823222,-0.075,-3.396,24.9375,24.9375,-0.078911
347,12.82,3.12,175.15,-2.6334,9.98531,-0.3382,-0.0237271,24.88,24.88,-0.0853185,-0.09625,-3.5315,24.9375,24.9375,-0.0920943
348,12.36,2.9,175.65,-2.6504,9.98519,-0.3358,-0.0232165,24.88,24.88,-0.0782073,-0.04675,-3.088,24.9375,24.9375,-0.0826485
349,11.9,2.7,176.15,-2.6671,9.98538,-0.3426,-0.0240274,24.88,24.88,-0.0914842,-0.13875,-3.884,24.9375,24.9375,-0.0817642
350,11.44,2.5,176.65,-2.6847,9.98544,-0.3516,-0.0242677,24.88,24.88,-0.081936,-0.06175,-3.239,24.9375,24.9375,-0.0877355
351,10.98,2.32,177.15,-2.702,9.9852,-0.3386,-0.0232465,24.88,24.88,-0.0810571,-0.06075,-3.283,24.9375,24.9375,-0.0770305
352,10.52,2.14,177.65,-2.7188,9.98534,-0.3398,-0.0238472,24.88,24.88,-0.0870763,-0.10625,-3.6385,24.9375,24.9375,-0.0855774
353,10.04,1.96,178.2,-2.7359,9.98519,-0.3358,-0.0232165,24.88,24.88,-0.0763296,-0.03475,-2.9685,24.9375,24.9375,-0.0863389
354,9.58,1.8,178.65,-2.7523,9.98515,-0.3296,-0.0230362,24.88,24.88,-0.0848923,-0.09625,-3.548,24.9375,24.9375,-0.0814444
355,9.1,1.64,179.2,-2.7691,9.98538,-0.3422,-0.0240274,24.88,24.88,-0.0856647,-0.09675,-3.5105,24.9375,24.9375,-0.0874465
356,8.62,1.5,179.7,-2.7863,9.98527,-0.342,-0.0235469,24.88,24.88,-0.0807375,-0.059,-3.2175,24.9375,24.9375,-0.0774544
357,8.14,1.36,180.2,-2.8033,9.98531,-0.3414,-0.0237271,24.88,24.88,-0.0867567,-0.1025,-3.6225,24.9375,24.9375,-0.0825508
358,7.66,1.22,180.7,-2.8204,9.98519,-0.336,-0.0232165,24.88,24.88,-0.0767557,-0.0375,-3.016,24.9375,24.9375,-0.0861432
359,7.18,1.1,181.2,-2.8368,9.98758,-0.3256,-0.0227302,24.88,24.88,-0.0818694,-0.077,-3.381,21.375,21.375,-0.0780504
360,6.7,0.98,181.7,-2.8533,9.9853,-0.3358,-0.023667,24.88,24.88,-0.085465,-0.1,-3.5305,24.9375,24.9375,-0.0866636
361,6.2,0.88,182.2,-2.8702,9.98516,-0.3348,-0.0230963,21.36,21.36,-0.077355,-0.06225,-3.041,24.9375,24.9375,-0.0779332
362,5.72,0.78,182.7,-2.8868,9.98519,-0.333,-0.0232165,24.88,24.88,-0.0859976,-0.1035,-3.613,24.9375,24.9375,-0.0777227
363,5.22,0.68,183.2,-2.9036,9.98516,-0.333,-0.0230963,24.88,24.88,-0.0772218,-0.04425,-3.056,24.9375,24.9375,-0.0914348
364,4.72,0.6,183.7,-2.9199,9.98745,-0.3194,-0.0221596,24.88,24.88,-0.0770087,-0.04875,-3.112,21.375,21.375,-0.0794369
365,4.24,0.52,184.2,-2.936,9.98532,-0.334,-0.0237571,24.88,24.88,-0.090845,-0.1435,-3.869,24.9375,24.9375,-0.0845746
366,3.74,0.46,184.7,-2.9532,9.98531,-0.3444,-0.0237271,21.36,21.36,-0.0787266,-0.066,-3.0615,24.9375,24.9375,-0.0820432
367,3.24,0.4,185.25,-2.9701,9.98517,-0.336,-0.0231264,24.88,24.88,-0.0838936,-0.0845,-3.4855,24.9375,24.9375,-0.0804864
368,2.74,0.36,185.75,-2.9869,9.98523,-0.3358,-0.0233967,24.88,24.88,-0.0813634,-0.06925,-3.314,24.9375,24.9375,-0.0836082
369,2.24,0.3,186.25,-3.0036,9.98764,-0.3306,-0.0230004,24.88,24.88,-0.0797787,-0.06025,-3.214,21.375,21.375,-0.0795221
370,1.74,0.28,186.75,-3.0201,9.98768,-0.3308,-0.0231506,24.88,24.88,-0.0829214,-0.0835,-3.4165,21.375,21.375,-0.0952001
371,1.24,0.24,187.25,-3.0367,9.98514,-0.3304,-0.0229762,21.36,21.36,-0.0788198,-0.07525,-3.158,24.9375,24.9375,-0.0765158
372,0.74,0.24,187.75,-3.0534,9.98298,-0.3472,-0.024454,21.36,21.36,-0.0946403,-0.1815,-4.0285,28.5,28.5,-0.0365661
373,0.24,0.22,188.25,-3.0712,9.98283,-0.3498,-0.0237931,24.88,24.88,-0.0758235,-0.02375,-2.8855,28.5,28.5,-0.018865
